household_id,2022-10-31,2022-11-30,2022-12-31,2023-01-31,2023-02-28,2023-03-31,2023-04-30,2023-05-31,2023-06-30,2023-07-31,2023-08-31,2023-09-30,2023-10-31,2023-11-30,2023-12-31,2024-01-31,2024-02-29,2024-03-31,2024-04-30,2024-05-31,2024-06-30,2024-07-31,2024-08-31,2024-09-30,2024-10-31
ID0001,116,120,129,102,115,97,94,98,87,109,100,101,93,85,82,67,92,0,106,63,93,73,76,79,107
ID0002,53,60,60,50,56,67,63,51,35,46,40,49,48,39,37,37,52,50,48,45,45,42,45,47,19
ID0003,137,144,139,168,149,155,167,169,209,206,184,190,209,214,206,205,202,205,213,192,229,208,210,208,195
ID0004,223,169,188,180,195,158,234,208,263,228,287,234,183,178,180,201,292,317,360,363,228,225,269,255,288
ID0005,98,83,91,79,83,84,89,94,90,93,100,92,95,94,89,92,92,99,100,111,102,103,95,99,104
ID0006,126,130,139,111,97,131,136,155,154,171,166,161,162,156,160,156,142,164,173,196,181,172,161,153,146
ID0007,78,77,79,69,74,79,84,87,91,85,91,86,74,77,78,81,80,84,87,96,87,79,88,84,93
ID0008,80,75,68,72,74,61,62,75,72,71,83,73,71,88,75,56,55,53,55,62,51,50,47,62,38
ID0009,45,29,32,25,26,18,23,18,33,25,16,25,13,17,16,20,18,20,30,28,26,33,37,36,43
ID0010,73,64,72,65,61,63,71,84,74,81,71,69,58,53,57,54,70,64,76,80,80,81,83,76,89
ID0011,90,80,89,81,86,74,96,99,91,76,78,81,81,82,77,70,85,88,82,91,73,92,95,87,98
ID0012,284,300,289,246,252,249,282,283,305,314,290,326,289,305,322,299,295,338,376,355,409,374,355,353,312
ID0013,143,156,72,166,169,146,163,168,168,169,159,157,144,151,160,152,151,144,151,149,157,158,160,150,164
ID0014,123,146,135,148,125,105,130,136,133,131,134,149,166,161,151,155,143,126,125,132,123,118,126,131,128
ID0015,111,111,113,87,80,87,106,109,104,97,85,78,88,92,86,97,96,107,111,124,94,87,76,82,94
ID0016,90,91,80,91,106,76,100,95,90,85,93,86,81,92,87,100,88,98,103,100,91,99,105,89,99
ID0017,3,5,7,4,5,4,8,10,4,2,33,36,31,28,34,59,36,30,32,39,30,34,40,40,138
ID0018,372,220,243,242,252,323,403,419,445,447,433,491,300,330,376,322,441,510,538,474,413,327,338,319,316
ID0019,133,133,125,98,79,82,98,98,95,69,83,87,71,79,77,92,95,87,83,85,93,86,48,56,92
ID0020,69,73,57,59,55,52,65,49,59,63,62,59,54,50,58,57,60,59,64,63,64,65,84,103,101
ID0021,1,0,3,0,1,0,0,0,0,0,0,0,1,3,0,0,0,0,0,0,0,0,1,2,1
ID0022,83,60,82,87,86,73,87,80,92,94,69,107,93,92,95,100,124,113,112,99,107,104,105,103,112
ID0023,58,61,62,52,51,56,63,62,60,47,90,47,48,51,50,50,41,48,58,60,53,50,27,29,19
ID0024,101,109,92,35,150,119,207,285,352,314,214,337,186,259,249,272,308,270,312,366,278,355,293,251,304
ID0025,117,101,100,114,90,29,52,68,57,58,47,47,43,44,36,34,29,37,30,39,26,51,81,90,95
ID0026,179,170,168,180,163,151,185,192,186,176,171,178,174,192,187,163,162,154,162,166,168,161,156,152,161
ID0027,81,75,79,79,83,58,73,80,76,69,76,77,73,78,73,76,79,78,86,73,81,79,81,85,83
ID0028,35,27,22,85,74,93,90,75,74,79,91,100,90,99,89,80,90,76,85,82,80,64,81,79,66
ID0029,83,87,88,86,96,84,109,97,92,90,88,82,74,78,123,116,101,102,107,102,101,116,117,112,120
ID0030,44,40,38,35,40,36,47,48,49,49,52,60,45,38,45,52,44,55,61,61,55,52,53,52,55
ID0031,64,73,35,27,32,27,21,38,31,25,27,28,20,25,17,19,21,20,29,25,28,25,22,16,18
ID0032,65,72,25,25,28,37,38,41,39,44,42,93,78,41,33,37,24,30,44,48,33,38,26,32,28
ID0033,88,88,90,80,83,62,90,62,36,75,66,72,73,92,72,87,95,89,75,81,75,85,79,76,77
ID0034,390,379,405,274,419,446,508,537,510,422,470,505,473,479,497,532,517,500,543,550,539,543,551,551,535
ID0035,110,114,93,67,71,87,89,46,35,44,39,37,39,39,36,39,38,34,37,43,40,45,42,37,44
ID0036,38,41,60,87,82,84,73,67,84,78,50,57,51,55,59,59,62,75,66,75,72,54,55,64,72
ID0037,1,50,22,39,35,37,43,43,58,52,48,49,40,44,44,46,47,50,52,55,66,48,45,46,47
ID0038,110,127,121,138,132,123,135,124,47,36,39,47,45,42,31,62,102,105,93,123,119,106,94,117,121
ID0039,191,164,147,174,171,112,124,163,143,139,169,157,135,154,298,294,220,268,234,248,212,275,345,192,204
ID0040,110,82,93,88,90,75,151,93,108,110,63,34,31,80,76,66,61,50,41,85,81,77,51,38,114
ID0041,109,132,55,91,97,67,66,100,89,87,86,133,38,68,72,76,79,93,110,84,119,100,104,92,79
ID0042,110,104,105,98,97,98,104,104,104,106,104,99,47,28,65,83,82,93,98,94,96,90,93,92,99
ID0043,464,316,302,286,NA,733,879,428,557,518,418,322,222,272,291,312,391,346,457,432,394,352,341,226,211
ID0044,30,34,34,32,35,29,30,39,33,27,23,33,28,44,21,33,19,20,26,30,33,25,28,32,31
ID0045,115,132,116,128,117,89,90,83,90,75,77,91,59,82,94,116,130,103,130,125,95,94,97,79,85
ID0046,96,125,148,117,137,125,132,125,118,103,116,123,131,121,121,128,127,125,139,152,143,145,148,147,146
ID0047,44,48,46,46,45,45,45,NA,NA,NA,NA,NA,NA,NA,NA,NA,NA,NA,NA,NA,NA,NA,NA,NA,0
ID0048,65,74,50,44,41,40,48,51,71,75,72,63,57,69,80,51,53,65,62,57,67,76,75,60,56
ID0049,180,167,164,139,166,186,215,182,193,160,215,189,173,232,224,205,197,204,218,179,192,208,196,215,246
ID0050,154,145,149,137,136,129,138,157,154,153,166,167,154,162,156,158,155,155,167,146,149,159,181,180,189
ID0051,36,33,29,47,50,49,65,24,25,63,58,39,25,23,32,32,32,36,88,77,80,68,77,63,57
ID0052,161,159,167,167,148,153,184,166,202,156,169,187,145,155,150,181,168,146,166,110,140,131,174,150,156
ID0053,95,93,86,94,87,88,82,92,80,91,79,87,65,77,70,75,88,71,40,41,37,41,41,41,40
ID0054,180,178,176,153,142,91,179,90,125,105,105,116,71,83,81,80,113,123,142,154,179,171,193,163,110
ID0055,77,67,76,76,69,71,90,87,87,79,88,84,79,86,81,89,90,127,142,97,89,90,98,85,87
ID0056,191,184,26,14,7,17,12,53,30,65,0,4,7,2,5,170,254,223,303,259,214,194,273,246,259
ID0057,114,126,119,120,111,106,134,129,131,134,131,128,122,120,119,126,121,113,125,126,113,111,106,104,122
ID0058,33,37,40,18,30,28,29,27,36,35,29,32,34,32,24,28,35,33,33,45,45,44,48,35,44
ID0059,107,96,101,81,67,82,67,87,86,86,93,89,102,77,83,87,93,80,108,89,93,98,93,101,84
ID0060,163,87,70,90,87,88,122,97,100,112,113,61,89,96,38,92,104,108,106,102,108,41,75,89,92
ID0061,120,78,86,91,87,73,99,107,82,81,95,80,76,62,60,62,66,78,86,70,75,83,86,92,100
ID0062,74,59,65,80,83,67,84,89,77,107,102,88,75,84,75,70,78,78,80,83,77,84,94,87,92
ID0063,91,111,111,114,105,96,116,95,106,120,114,109,136,144,141,144,139,134,144,134,143,151,149,148,136
ID0064,91,92,82,87,82,71,74,72,104,109,96,106,87,96,93,106,97,99,111,106,95,108,96,113,112
ID0065,123,163,130,133,137,111,104,138,149,128,129,58,47,57,59,65,60,54,58,62,61,59,79,72,81
ID0066,354,365,539,652,682,536,557,552,579,0,0,0,268,385,434,705,694,634,509,501,523,454,478,466,406
ID0067,149,162,162,152,132,144,174,186,191,170,174,177,173,156,157,156,147,148,162,151,149,141,129,116,129
ID0068,185,185,161,180,103,154,143,157,151,160,188,161,178,173,150,166,161,185,191,165,181,195,212,193,187
ID0069,295,237,269,263,294,258,368,294,346,293,374,393,305,298,303,245,300,403,470,428,297,332,294,321,345
ID0070,77,60,103,79,59,64,78,90,123,84,108,92,81,76,81,77,70,80,93,102,115,91,85,81,76
ID0071,33,51,18,14,55,83,138,187,205,195,169,188,159,145,147,175,189,163,210,223,243,224,226,239,237
ID0072,205,135,157,162,169,171,349,421,189,132,147,169,126,140,137,130,192,290,325,330,206,190,224,178,242
ID0073,63,59,60,46,52,37,27,25,31,29,28,25,19,22,22,14,26,34,33,28,32,35,41,35,30
ID0074,39,42,33,19,39,32,34,45,61,59,61,50,40,34,36,31,50,87,61,46,4,65,37,60,59
ID0075,95,95,80,80,79,69,96,95,90,92,85,96,89,88,90,90,89,90,108,98,102,100,101,107,118
ID0076,60,68,64,62,68,62,83,86,85,76,86,78,68,72,58,56,82,68,91,78,62,62,62,133,127
ID0077,131,98,97,84,112,136,158,166,157,130,154,130,83,85,97,124,105,129,161,179,134,118,136,156,218
ID0078,104,111,107,117,116,108,152,108,128,126,139,138,125,143,109,120,113,121,147,125,131,128,118,104,111
ID0079,176,173,192,209,196,187,206,214,220,218,279,294,202,212,224,198,216,263,271,319,345,328,321,287,365
ID0080,0,0,0,0,0,0,0,0,0,0,0,0,0,0,0,0,0,0,0,0,0,0,0,0,0
ID0081,139,134,150,158,185,149,165,168,148,127,183,164,165,192,183,150,144,193,180,203,182,127,66,78,67
ID0082,122,125,85,44,61,63,57,42,35,29,39,11,27,52,55,79,49,40,64,89,46,55,59,87,73
ID0083,97,169,265,213,164,157,149,170,162,163,173,184,205,175,185,204,169,193,226,210,205,170,174,167,152
ID0084,188,151,171,144,135,119,139,142,151,150,138,131,113,143,142,136,144,143,134,146,130,134,144,139,137
ID0085,104,137,121,142,101,90,114,102,116,96,109,106,109,116,121,101,97,110,124,133,125,115,122,123,131
ID0086,89,86,101,96,103,84,93,90,90,87,96,90,90,93,81,91,83,93,92,89,116,96,102,85,96
ID0087,87,42,88,77,74,89,130,127,98,119,122,111,125,98,129,86,78,102,102,105,93,99,100,107,114
ID0088,139,171,255,133,141,255,130,164,169,119,143,124,164,145,136,155,251,434,206,221,278,243,203,219,268
ID0089,168,167,152,116,80,92,111,138,128,135,131,137,113,115,139,127,133,127,142,149,160,178,197,182,176
ID0090,74,67,65,64,65,63,61,81,73,63,68,67,55,66,62,65,63,69,72,71,69,64,67,82,81
ID0091,136,118,106,99,35,100,105,105,116,121,120,117,105,100,96,94,111,97,115,114,113,106,112,110,112
ID0092,100,96,101,94,108,96,120,109,113,115,105,95,105,104,111,90,111,116,133,133,114,142,107,114,120
ID0093,182,82,159,170,171,150,176,174,186,172,184,173,198,207,194,181,154,168,189,188,180,190,206,196,186
ID0094,219,231,241,150,130,119,133,162,145,146,152,152,135,144,141,138,135,140,142,141,145,150,166,176,176
ID0095,83,88,80,85,96,86,86,14,72,71,70,0,73,78,61,152,136,78,127,101,100,86,104,55,93
ID0096,217,189,200,193,205,177,189,0,1,0,151,228,220,219,164,147,152,174,203,169,152,28,146,226,180
ID0097,132,150,132,136,136,113,125,118,131,117,131,128,133,126,112,132,156,123,135,142,124,132,144,142,154
ID0098,90,88,90,50,54,43,61,70,41,65,48,30,36,42,32,47,35,45,84,73,74,79,83,111,99
ID0099,30,29,26,26,27,24,26,27,28,29,32,34,35,34,32,33,36,36,37,37,34,37,34,38,39
ID0100,146,167,183,199,157,126,99,102,111,100,119,106,100,103,92,114,114,117,127,100,97,108,117,95,124
ID0101,166,180,181,165,169,142,157,124,156,147,140,105,147,148,163,140,166,173,163,147,151,139,133,83,138
ID0102,152,153,165,144,142,141,166,169,162,169,168,156,155,159,157,163,165,173,178,181,172,186,162,165,190
ID0103,179,207,244,233,251,185,257,224,284,268,274,252,204,206,218,273,190,177,218,398,292,314,377,291,390
ID0104,270,207,167,170,174,180,239,271,259,273,225,240,212,170,176,249,202,256,285,267,283,338,352,287,307
ID0105,165,186,180,149,139,127,142,150,166,149,145,157,143,166,143,181,172,86,193,48,148,152,170,167,150
ID0106,129,144,133,138,145,129,142,134,131,135,139,154,71,144,138,157,145,141,163,136,160,170,155,155,151
ID0107,178,176,163,144,154,130,189,227,220,223,227,342,71,175,177,166,182,234,270,289,213,261,260,257,231
ID0108,175,202,183,179,170,159,197,177,197,179,179,183,200,164,163,162,178,176,186,186,171,181,158,181,183
ID0109,0,0,0,0,0,0,0,0,0,0,0,0,0,0,0,0,0,0,0,0,0,NA,NA,NA,NA
ID0110,153,147,119,148,129,127,118,147,126,137,157,129,127,104,104,106,90,103,111,123,117,112,123,111,127
ID0111,159,162,186,176,184,181,175,166,189,143,165,163,161,172,195,198,187,160,171,155,149,139,181,172,155
ID0112,15,15,10,21,44,135,225,183,245,205,241,47,74,89,73,68,61,64,79,73,123,95,124,162,172
ID0113,171,184,220,166,184,180,191,177,205,161,186,182,171,155,185,170,173,171,225,212,196,203,214,205,230
ID0114,163,190,201,114,155,164,156,188,163,163,132,144,129,147,179,217,169,189,209,235,180,163,169,160,176
ID0115,174,223,157,139,192,187,185,271,436,251,427,285,180,231,144,210,150,319,132,277,358,258,251,279,299
ID0116,73,73,58,74,72,77,97,112,116,100,85,102,67,81,85,80,94,89,111,98,101,101,97,107,94
ID0117,120,101,99,103,93,94,103,141,103,153,160,109,103,122,122,126,139,142,131,177,167,127,140,153,150
ID0118,138,132,122,128,126,112,129,130,128,135,138,133,127,129,131,139,156,160,165,151,151,102,150,128,119
ID0119,53,54,41,30,34,31,47,54,61,55,66,76,41,44,35,36,36,44,51,49,50,47,48,39,43
ID0120,51,11,41,83,31,24,20,26,37,29,30,31,30,10,49,31,29,32,34,29,32,30,29,31,30
ID0121,174,188,149,141,148,126,150,159,156,151,143,146,160,142,143,143,137,139,168,150,96,129,146,151,170
ID0122,NA,0,0,0,2,0,0,0,0,1,0,0,2,0,2,1,0,0,0,0,0,0,0,0,0
ID0123,184,189,164,150,171,155,188,146,138,140,148,147,140,152,138,141,154,142,169,193,176,164,164,164,163
ID0124,87,64,77,69,59,81,98,99,100,102,100,99,87,84,85,91,89,85,96,98,78,70,71,70,61
ID0125,174,157,158,167,171,150,205,174,179,172,188,173,173,172,134,141,159,145,178,180,162,167,179,187,201
ID0126,35,36,32,31,27,26,34,22,21,27,2,21,19,32,17,25,27,27,22,23,22,22,22,22,22
ID0127,384,302,314,267,342,360,412,495,454,491,569,516,183,190,231,260,308,300,416,434,375,361,398,379,412
ID0128,124,117,97,108,108,107,72,135,173,145,157,168,145,148,188,240,225,193,237,259,248,235,257,248,239
ID0129,95,99,102,107,62,99,118,118,118,112,117,134,100,92,85,90,103,107,204,195,159,176,141,148,133
ID0130,237,5,29,283,116,239,310,373,400,358,319,350,313,289,49,0,0,0,12,19,25,28,30,29,29
ID0131,50,45,50,44,35,47,45,60,56,53,41,42,50,40,50,27,56,68,57,61,54,60,60,69,61
ID0132,NA,NA,NA,20,26,23,27,31,30,31,27,31,21,23,24,25,31,29,31,34,30,31,30,34,32
ID0133,134,130,135,120,117,101,111,118,88,89,101,96,84,93,90,73,92,120,107,94,123,113,122,119,112
ID0134,230,210,305,230,139,114,139,216,208,146,171,177,148,175,158,226,244,316,362,257,197,180,165,154,179
ID0135,316,203,439,129,141,475,277,168,214,160,230,196,155,72,91,179,230,187,181,217,181,269,154,151,128
ID0136,54,59,55,43,54,54,61,70,63,70,71,68,22,46,56,37,41,34,68,48,33,41,35,35,38
ID0137,441,275,356,283,276,334,294,597,349,332,370,361,192,171,191,176,272,360,449,470,220,321,254,236,314
ID0138,80,72,35,53,36,76,0,41,45,39,84,33,43,28,0,31,34,37,36,36,39,51,49,42,47
ID0139,166,165,165,148,164,151,170,180,132,157,156,156,143,152,172,116,142,153,178,175,148,148,144,140,150
ID0140,7,16,10,10,18,0,11,8,13,11,10,5,12,4,15,12,8,13,2,13,5,12,14,27,4
ID0141,124,109,114,110,102,108,99,105,96,106,85,83,87,83,82,93,85,81,61,90,99,90,97,75,83
ID0142,70,93,92,76,83,70,133,135,103,102,122,116,133,143,143,136,189,159,178,158,168,171,56,150,148
ID0143,76,63,52,70,86,82,80,67,64,74,65,60,62,54,59,57,64,68,60,60,55,70,80,69,65
ID0144,41,38,48,50,57,42,52,73,62,72,49,35,29,48,71,49,29,47,33,65,39,25,48,54,60
ID0145,113,123,100,99,79,67,68,72,13,21,105,101,92,100,100,86,110,91,115,119,101,98,139,117,119
ID0146,194,167,151,132,113,102,128,122,138,166,165,171,146,162,153,165,146,163,154,180,158,170,167,234,249
ID0147,17,6,18,13,11,10,13,11,10,11,14,12,13,11,11,13,12,9,12,11,9,1,3,12,11
ID0148,116,109,123,112,124,109,122,114,86,64,80,97,95,98,101,104,121,111,116,121,132,114,129,126,132
ID0149,246,237,268,291,273,272,318,288,298,331,347,306,256,267,265,286,302,303,237,268,192,239,214,124,229
ID0150,123,122,118,115,97,126,129,81,83,123,71,86,92,84,50,65,58,70,86,92,77,75,71,78,84
ID0151,90,86,102,86,91,72,109,81,80,86,88,93,90,81,71,78,19,118,107,90,62,63,73,65,89
ID0152,244,220,228,218,240,185,202,215,252,227,241,231,186,189,192,195,212,234,251,256,237,251,226,233,234
ID0153,110,99,83,68,80,77,99,119,121,110,120,107,118,99,94,108,114,131,144,138,150,148,152,137,146
ID0154,NA,NA,NA,177,146,165,202,215,293,158,221,245,210,134,224,157,196,299,326,319,351,327,255,302,304
ID0155,140,132,146,151,164,141,145,152,167,166,185,193,173,175,173,168,168,206,199,193,177,167,157,196,220
ID0156,100,111,113,134,114,130,119,107,104,109,99,112,108,107,99,106,99,91,96,117,121,89,122,130,144
ID0157,54,59,55,52,55,47,50,54,59,47,54,82,42,52,51,52,40,35,47,44,93,156,150,149,164
ID0158,100,90,25,27,79,65,68,76,72,76,80,71,57,72,72,87,73,22,41,27,22,41,44,39,34
ID0159,136,112,105,149,167,196,200,204,241,212,178,116,92,103,101,89,110,110,116,112,154,115,116,110,137
ID0160,49,34,43,41,30,40,33,29,46,37,37,48,35,35,41,74,70,44,48,41,37,41,49,58,58
ID0161,22,21,18,17,17,15,19,15,17,16,18,18,20,19,8,19,6,4,16,47,48,46,46,50,53
ID0162,64,63,65,59,62,56,60,69,59,60,63,63,54,54,52,53,57,57,58,74,59,62,64,60,68
ID0163,88,70,99,104,98,91,101,100,105,123,120,89,108,105,92,130,117,121,203,183,163,150,188,151,175
ID0164,27,28,29,26,26,25,41,51,56,46,53,58,46,42,39,46,52,48,49,47,42,45,47,44,47
ID0165,118,119,87,75,75,108,132,123,151,123,140,111,110,130,123,149,147,118,148,155,147,156,139,143,124
ID0166,208,216,214,160,144,152,174,171,170,173,176,177,160,149,133,119,102,131,125,132,122,142,123,121,127
ID0167,0,0,0,0,0,0,0,0,0,0,0,0,0,0,0,0,0,0,0,0,0,0,0,0,0
ID0168,113,113,106,94,89,104,111,76,84,81,87,98,86,61,57,60,59,53,140,176,159,65,57,46,54
ID0169,91,115,67,72,77,56,70,86,128,93,77,66,68,118,125,121,124,114,117,135,133,130,121,125,140
ID0170,87,69,18,0,0,8,15,19,24,22,25,25,26,31,27,21,28,38,37,34,38,36,38,24,0
ID0171,125,152,161,164,158,136,192,186,137,146,172,165,160,128,148,135,142,159,171,176,166,160,164,181,155
ID0172,67,191,174,157,154,165,193,191,182,30,1,96,150,182,163,162,154,145,146,145,158,174,165,187,183
ID0173,64,60,67,53,65,51,60,47,35,29,38,36,37,44,60,59,67,67,68,78,75,66,70,61,60
ID0174,145,99,144,91,106,110,140,166,143,138,198,236,125,83,137,147,171,246,158,188,156,191,206,171,199
ID0175,0,0,0,0,1,17,22,10,44,39,24,11,16,84,151,135,166,162,160,139,121,103,89,52,53
ID0176,65,59,60,59,57,63,57,71,59,60,57,50,55,55,56,53,58,60,60,68,61,61,59,62,52
ID0177,309,297,248,256,266,229,428,429,473,419,362,508,112,323,301,298,315,371,403,563,469,370,410,451,343
ID0178,80,89,84,70,77,81,86,83,95,85,81,86,86,84,110,94,106,108,108,92,111,107,108,105,117
ID0179,152,155,143,139,142,137,145,144,159,125,141,149,137,146,134,151,145,141,152,160,134,143,132,118,141
ID0180,96,129,128,129,131,128,146,127,149,139,127,117,131,139,129,124,109,116,141,128,118,136,134,112,150
ID0181,181,182,170,163,148,154,181,141,149,131,120,136,133,131,129,126,125,134,144,156,137,135,135,149,168
ID0182,496,466,462,385,433,361,375,316,573,484,465,730,320,402,351,322,348,319,339,637,477,461,520,532,624
ID0183,30,0,11,13,14,9,13,14,13,11,12,19,14,18,17,28,88,70,77,28,61,50,44,31,18
ID0184,60,53,65,62,64,46,80,65,81,78,93,2,1,120,108,32,40,40,49,40,32,22,17,10,29
ID0185,303,210,282,298,353,363,221,365,208,471,91,338,308,247,350,322,337,363,323,337,465,495,330,348,433
ID0186,154,168,190,176,191,164,188,140,114,124,119,95,79,77,77,76,82,75,87,96,103,98,97,92,95
ID0187,171,167,162,140,174,167,180,166,202,177,201,172,125,161,137,41,107,102,131,141,134,124,142,134,142
ID0188,153,113,91,100,103,85,104,161,213,179,179,135,82,73,79,79,66,72,75,89,85,71,75,72,69
ID0189,297,362,339,290,331,338,395,376,416,403,428,621,138,270,290,300,292,271,273,288,276,231,307,321,287
ID0190,8,9,12,12,13,11,10,12,14,16,17,18,18,15,14,11,8,7,9,13,19,21,21,24,25
ID0191,176,168,113,39,81,81,99,114,112,90,91,104,84,56,41,123,109,63,57,58,56,51,53,49,58
ID0192,85,89,81,85,98,74,122,135,176,175,152,137,107,102,98,99,128,121,155,144,136,134,130,152,151
ID0193,99,93,92,91,98,94,93,110,103,108,106,103,96,96,97,100,108,110,107,119,99,103,113,99,106
ID0194,NA,NA,NA,NA,121,14,36,29,28,33,15,7,1,11,102,102,118,110,118,148,145,99,148,232,144
ID0195,135,135,130,109,120,114,139,125,103,104,97,93,92,95,102,87,94,88,95,111,90,96,97,96,99
ID0196,93,90,90,90,93,54,64,45,76,60,88,67,90,87,66,91,42,0,86,85,42,99,103,920,44
ID0197,130,122,134,141,131,114,136,131,138,142,166,131,131,133,131,146,133,124,145,126,181,154,171,159,112
ID0198,98,232,242,241,225,318,316,473,488,508,563,625,425,347,398,495,483,526,562,660,573,568,527,515,531
ID0199,42,13,0,0,3,0,0,0,3,0,0,13,108,11,62,64,66,71,76,85,84,85,79,74,80
ID0200,79,80,66,74,71,65,70,73,70,63,75,63,77,93,90,113,92,93,82,100,94,90,97,91,110
ID0201,318,284,402,277,256,167,172,184,296,421,197,191,209,174,173,147,251,310,397,532,234,257,222,203,181
ID0202,183,189,161,160,168,159,160,135,162,160,163,166,154,154,164,155,155,146,163,115,172,157,185,146,138
ID0203,101,235,106,65,55,66,101,93,74,72,82,75,71,84,106,96,121,97,127,100,92,104,148,159,242
ID0204,41,40,55,33,39,46,50,59,55,68,46,48,43,49,41,46,41,46,54,70,56,54,52,56,75
ID0205,141,142,75,NA,88,27,100,82,77,56,61,66,74,86,82,88,92,90,99,104,127,141,130,109,86
ID0206,131,123,118,112,121,126,123,138,157,124,142,133,118,127,126,123,125,127,153,143,148,148,145,148,152
ID0207,132,142,131,122,145,124,161,128,131,129,129,136,128,118,119,137,122,129,173,151,158,165,136,133,135
ID0208,84,71,59,59,55,47,54,57,51,54,48,49,44,40,43,38,43,40,52,69,44,54,37,57,75
ID0209,101,78,76,91,76,79,106,107,113,106,88,93,74,72,86,77,81,93,93,107,76,96,84,79,86
ID0210,57,49,131,170,201,206,259,249,257,274,295,303,278,325,305,332,320,385,359,295,291,291,303,301,341
ID0211,107,118,129,106,99,93,86,90,99,106,95,103,105,104,99,82,94,98,100,99,103,96,94,86,103
ID0212,115,103,96,89,90,99,100,90,89,74,32,0,5,55,29,75,73,90,83,76,73,74,80,76,83
ID0213,89,59,65,66,75,57,75,60,66,57,62,67,66,48,53,62,50,54,66,53,56,50,85,81,84
ID0214,59,62,60,62,60,86,88,62,88,60,92,92,59,59,63,31,89,57,92,60,70,60,91,62,89
ID0215,100,85,96,90,88,86,98,118,97,93,103,104,90,97,96,97,99,97,114,110,88,100,98,77,108
ID0216,87,100,89,86,94,74,73,94,87,69,75,79,83,75,77,69,91,78,78,85,92,93,94,93,86
ID0217,124,131,120,128,121,121,132,133,146,132,153,140,127,141,114,134,135,161,160,148,102,115,112,110,122
ID0218,39,41,38,40,42,37,36,35,38,36,38,40,32,28,30,31,32,33,34,38,38,36,36,39,37
ID0219,125,129,123,123,117,111,123,130,131,127,125,131,119,122,117,123,119,128,134,143,126,140,133,135,135
ID0220,87,93,101,109,101,95,104,108,112,97,91,97,91,87,89,100,104,100,116,118,92,84,76,82,79
ID0221,34,50,39,15,15,70,88,190,133,54,52,1,79,68,98,137,167,161,194,188,169,162,167,161,163
ID0222,132,136,136,120,126,143,135,119,136,132,137,136,124,119,128,112,143,147,162,144,152,154,150,167,152
ID0223,20,22,28,25,43,0,0,0,10,25,23,25,22,24,28,26,25,26,27,25,26,32,28,28,28
ID0224,18,20,22,23,19,25,22,16,25,32,11,21,32,35,34,27,31,39,41,39,37,23,20,11,14
ID0225,136,144,144,135,121,122,165,158,154,160,165,148,139,147,160,123,128,139,155,156,143,150,153,156,142
ID0226,134,153,140,135,116,110,116,123,118,101,104,108,111,109,106,99,105,110,112,112,133,124,107,111,118
ID0227,94,82,76,83,74,82,86,75,76,75,81,87,77,71,62,60,70,70,80,73,71,79,76,79,75
ID0228,71,76,74,109,98,87,107,108,93,NA,NA,NA,NA,NA,NA,NA,NA,NA,NA,NA,NA,NA,NA,NA,NA
ID0229,199,95,179,255,267,281,442,336,436,393,303,286,147,241,137,254,301,591,519,298,195,379,391,601,493
ID0230,162,127,142,127,150,143,154,139,162,138,137,141,127,125,148,132,129,148,174,193,118,125,157,152,170
ID0231,0,0,0,0,0,0,0,0,85,208,209,221,186,186,218,205,190,193,212,197,185,190,198,208,216
ID0232,159,153,126,141,131,107,133,102,104,106,104,118,90,79,81,84,92,85,109,112,84,96,100,94,25
ID0233,199,204,197,183,174,140,157,215,226,175,174,168,154,109,147,160,142,171,210,203,173,177,191,180,182
ID0234,127,148,121,130,128,123,142,152,165,161,168,192,154,155,157,146,123,157,186,216,215,180,186,192,194
ID0235,185,182,112,144,181,161,208,155,91,1,1,1,0,1,1,1,0,2,1,1,2,1,1,2,1
ID0236,106,124,100,88,80,79,93,76,86,82,93,80,54,86,78,84,86,81,93,93,89,79,84,88,83
ID0237,173,191,157,163,153,160,218,166,172,165,174,156,147,157,180,150,152,172,147,177,163,156,166,158,163
ID0238,67,66,55,53,59,64,64,70,76,66,80,71,74,71,68,63,68,70,82,82,70,64,59,65,55
ID0239,73,114,105,103,93,82,55,29,36,28,26,35,30,22,26,27,26,27,24,25,31,3,10,45,23
ID0240,82,86,90,86,92,87,85,71,94,74,96,93,79,76,61,77,86,81,76,72,75,76,70,41,42
ID0241,54,56,39,41,36,19,25,33,25,24,19,61,74,81,73,73,74,81,89,92,91,82,82,95,93
ID0242,40,51,63,54,51,52,50,62,59,53,45,60,49,49,51,42,38,64,66,68,59,53,54,65,60
ID0243,34,37,54,43,103,98,98,98,135,148,97,59,53,83,81,72,63,50,48,54,73,31,61,87,55
ID0244,12,19,21,23,40,26,37,46,37,22,16,26,16,17,5,8,15,17,14,13,20,14,18,14,22
ID0245,119,66,64,82,83,86,98,98,140,122,130,117,100,97,91,89,92,100,93,105,84,89,107,103,106
ID0246,847,310,490,526,247,219,378,441,479,505,491,627,330,403,328,337,421,515,578,551,531,435,471,503,457
ID0247,365,186,172,138,67,142,289,407,512,438,471,399,203,201,153,181,181,313,481,562,576,386,446,427,603
ID0248,148,134,136,127,116,67,0,1,50,79,83,71,62,58,82,88,81,96,95,96,77,82,85,68,78
ID0249,249,255,266,265,240,213,261,263,296,165,261,249,224,225,209,239,252,245,274,300,266,265,173,95,110
ID0250,152,145,135,135,128,169,169,185,222,204,182,184,146,151,177,196,190,202,225,207,200,245,258,306,288
ID0251,108,119,113,105,121,120,163,111,130,131,132,132,123,113,97,137,135,124,123,138,123,113,112,121,124
ID0252,159,106,2,89,109,111,44,3,28,20,24,21,21,21,17,16,4,1,76,76,75,73,91,83,72
ID0253,125,127,84,90,97,68,76,118,25,0,0,0,0,0,52,85,76,73,57,79,34,1,0,0,0
ID0254,91,86,90,96,93,89,107,101,87,98,93,97,92,103,91,82,87,99,119,229,121,86,251,187,177
ID0255,334,323,308,311,376,286,390,368,379,421,392,368,317,402,379,392,422,392,427,386,410,404,380,382,374
ID0256,168,51,164,155,198,171,202,198,175,154,162,188,150,159,143,153,180,174,183,188,171,178,199,187,163
ID0257,183,216,224,241,227,228,248,239,243,238,282,244,192,228,259,250,262,245,231,201,238,231,272,274,254
ID0258,138,148,138,133,131,120,157,149,171,148,166,169,134,146,144,139,150,169,202,215,197,170,196,223,197
ID0259,66,67,65,70,70,63,68,77,70,78,81,82,83,80,76,79,79,81,93,87,85,90,58,47,49
ID0260,246,269,334,181,120,159,244,207,275,264,192,182,193,192,212,173,165,340,378,233,316,325,267,272,200
ID0261,NA,144,114,94,99,100,125,131,129,132,115,127,90,90,96,95,112,121,135,133,125,120,123,127,124
ID0262,56,52,54,57,38,47,51,54,59,51,57,56,60,55,76,48,58,57,62,14,3,0,0,0,1
ID0263,288,145,21,46,90,235,184,152,169,164,179,157,145,150,150,158,144,159,173,171,152,149,144,141,146
ID0264,325,316,315,302,283,311,475,412,432,414,367,369,288,232,268,309,311,363,514,511,352,306,361,421,439
ID0265,92,90,88,88,80,80,93,91,95,110,113,101,110,95,79,1,82,124,142,122,121,147,115,125,110
ID0266,100,93,92,91,95,78,103,87,95,97,109,88,79,81,68,64,74,77,78,63,79,74,66,73,78
ID0267,154,371,101,71,71,73,82,90,91,83,81,92,63,71,79,82,88,95,96,98,78,79,84,74,81
ID0268,62,60,62,69,53,56,60,64,58,63,87,41,48,62,47,50,60,49,64,55,62,60,52,54,58
ID0269,174,160,177,168,192,229,208,239,200,285,240,251,204,202,215,208,192,252,275,263,193,183,209,224,243
ID0270,142,144,150,150,152,154,168,183,192,167,178,150,133,155,169,164,164,122,118,124,117,126,127,98,109
ID0271,76,75,76,77,70,71,74,62,99,100,76,87,40,81,73,70,74,64,65,63,76,63,69,76,80
ID0272,56,50,65,49,53,46,43,48,43,41,50,53,49,43,39,42,36,38,41,45,41,43,46,43,48
ID0273,242,207,220,212,202,170,208,261,258,238,271,248,223,241,253,354,270,277,264,265,244,270,272,264,290
ID0274,193,185,169,203,179,158,173,175,188,156,190,185,165,187,195,238,187,152,166,193,223,205,293,213,198
ID0275,182,179,168,162,186,185,227,190,233,202,181,184,202,206,174,172,172,176,176,157,158,176,165,176,171
ID0276,426,383,1,542,173,242,279,286,295,285,276,294,255,247,255,277,251,291,406,408,318,287,304,305,294
ID0277,115,94,95,96,98,93,96,81,87,76,95,91,90,85,96,85,87,96,110,114,90,65,70,82,87
ID0278,151,106,187,167,164,156,204,216,202,217,224,222,176,185,198,193,199,200,230,255,251,208,240,232,253
ID0279,51,55,55,57,53,58,60,57,71,49,24,57,54,55,52,56,57,62,65,59,56,72,21,56,59
ID0280,115,90,103,85,140,180,184,188,138,93,84,87,79,77,83,63,59,40,56,49,80,431,431,406,484
ID0281,81,73,8,12,11,101,74,59,27,32,25,19,10,13,26,16,11,11,36,107,86,114,77,103,99
ID0282,266,172,169,197,169,188,236,183,98,112,103,129,118,116,117,135,117,36,88,105,102,109,98,100,102
ID0283,73,72,70,64,66,69,105,88,86,78,74,81,65,86,93,85,85,93,90,96,75,89,97,96,116
ID0284,0,0,0,0,19,0,27,82,74,76,73,64,58,56,56,60,56,62,65,73,43,59,59,0,0
ID0285,161,156,163,171,186,171,199,213,222,202,216,193,216,203,189,213,196,212,208,193,192,204,198,196,177
ID0286,105,98,94,84,90,100,104,120,113,111,159,98,76,72,73,85,88,101,145,113,87,158,89,88,102
ID0287,161,179,163,160,184,163,159,184,196,191,191,166,156,146,144,158,167,160,166,152,169,148,161,167,170
ID0288,1,0,0,46,22,27,44,16,19,47,51,55,39,43,45,17,17,40,62,33,69,50,11,52,70
ID0289,65,73,54,92,82,72,97,99,119,104,118,0,336,36,91,97,106,103,123,103,111,105,106,128,125
ID0290,NA,109,86,66,72,NA,160,81,70,71,75,61,39,53,62,48,55,52,67,52,65,75,80,61,40
ID0291,122,133,123,127,121,95,76,62,45,32,14,15,39,37,44,59,43,39,36,34,56,45,65,3,1
ID0292,43,47,0,0,2,8,21,46,45,21,27,26,21,44,44,62,100,74,132,30,190,97,101,88,90
ID0293,17,11,0,25,107,10,37,0,20,40,175,160,90,15,23,12,30,48,48,45,73,73,80,88,81
ID0294,222,249,230,369,160,135,151,168,135,165,187,233,152,148,165,158,172,172,213,220,167,165,195,175,195
ID0295,103,102,100,107,110,101,115,92,99,103,100,102,82,83,76,78,107,98,107,115,108,105,116,106,105
ID0296,387,216,322,268,295,279,336,352,378,321,289,443,173,300,320,321,352,471,488,411,349,296,374,351,373
ID0297,203,154,120,114,97,95,109,105,107,100,108,104,104,90,80,101,99,96,111,109,116,85,113,92,88
ID0298,0,0,0,0,7,43,62,63,63,60,55,55,40,49,51,1,0,0,0,0,NA,NA,NA,NA,NA
ID0299,66,62,67,40,57,27,74,88,91,67,88,85,75,71,77,80,71,64,82,100,39,71,67,70,75
ID0300,63,62,54,53,57,41,56,48,63,56,65,62,58,64,65,73,68,71,57,52,47,51,52,60,0
ID0301,86,65,75,71,80,81,75,80,87,70,100,73,64,67,60,68,79,82,84,90,81,71,92,95,90
ID0302,124,111,88,91,90,94,93,91,103,85,89,78,83,78,83,90,75,76,89,96,85,64,78,72,77
ID0303,52,56,43,48,50,46,62,53,40,35,36,38,32,41,34,39,43,36,39,41,33,31,36,25,36
ID0304,118,116,116,101,112,86,0,109,125,138,120,140,159,164,127,149,114,56,157,136,129,160,146,119,142
ID0305,141,133,154,137,139,141,108,121,119,117,129,99,94,96,88,82,82,90,105,119,101,102,97,123,126
ID0306,132,128,121,121,118,110,107,133,119,117,127,116,114,103,97,63,143,98,114,113,131,114,122,76,78
ID0307,35,50,22,60,55,45,61,115,18,1,6,100,191,257,169,162,207,291,386,389,313,343,392,311,413
ID0308,116,98,106,102,84,108,101,117,133,87,109,93,84,70,67,69,76,83,102,141,112,119,145,101,125
ID0309,44,41,46,49,65,52,44,41,60,16,65,28,87,104,62,68,78,88,79,82,88,87,80,83,79
ID0310,108,127,102,109,103,107,116,127,159,110,52,8,3,2,5,10,12,14,15,14,73,114,91,109,122
ID0311,100,94,107,100,90,87,110,113,127,116,115,111,93,97,100,90,101,110,117,102,97,90,113,96,112
ID0312,47,47,72,51,58,42,19,18,6,5,27,18,7,7,90,111,96,103,115,132,107,108,109,117,116
ID0313,73,85,88,98,99,88,105,100,111,94,101,95,87,103,101,102,95,100,130,127,119,136,144,136,126
ID0314,149,155,147,150,162,39,147,155,167,178,181,197,193,201,186,174,188,179,188,184,194,192,206,205,204
ID0315,93,104,117,107,133,86,82,91,101,65,73,64,57,67,63,65,76,84,71,85,70,73,74,70,74
ID0316,98,109,88,94,107,105,125,115,128,115,134,115,134,117,102,100,102,109,119,118,103,100,98,98,108
ID0317,122,93,120,86,93,110,105,129,133,118,135,103,87,109,87,109,21,39,35,36,28,56,37,36,42
ID0318,183,148,159,135,132,145,154,130,174,168,157,151,151,140,162,124,165,72,0,0,135,371,289,195,240
ID0319,113,100,100,128,124,112,133,99,126,114,118,105,100,109,92,101,105,109,125,115,125,132,118,108,133
ID0320,71,81,78,83,78,45,9,7,14,32,25,43,83,85,93,113,108,104,33,0,30,3,2,1,0
ID0321,NA,1406,74,230,203,225,240,239,266,245,250,268,210,201,210,181,227,251,301,354,309,246,233,177,351
ID0322,24,38,35,34,40,33,37,41,40,40,44,37,35,36,39,39,37,31,35,40,35,29,35,25,42
ID0323,118,143,108,88,74,101,91,139,101,122,138,110,111,96,104,71,73,112,112,128,129,113,121,107,122
ID0324,44,54,45,38,27,22,30,35,42,40,30,32,77,105,26,15,14,17,19,20,17,23,29,31,35
ID0325,114,131,131,119,104,115,159,133,141,129,136,123,102,114,125,102,114,128,142,122,133,143,146,113,121
ID0326,106,122,119,121,111,100,97,93,101,85,108,109,105,102,99,99,95,108,113,71,94,114,117,114,121
ID0327,139,137,127,127,127,173,127,122,138,133,126,113,76,106,100,122,198,285,275,263,194,158,191,273,206
ID0328,17,5,14,20,20,19,60,9,14,16,12,13,16,12,7,10,8,5,9,9,7,10,9,8,10
ID0329,62,53,55,54,64,56,60,56,47,56,55,55,60,56,55,60,70,56,61,60,71,64,67,65,62
ID0330,78,74,74,68,76,67,65,67,60,66,75,80,80,66,98,81,86,84,92,96,100,87,88,87,93
ID0331,225,233,178,169,194,227,162,183,207,262,257,270,311,337,316,275,235,232,215,266,233,266,273,251,225
ID0332,100,114,115,107,107,107,128,134,144,144,155,149,114,120,130,121,125,142,170,157,159,150,151,160,162
ID0333,38,6,74,25,2,16,49,33,45,50,51,64,41,45,44,45,65,57,56,53,58,58,58,58,82
ID0334,199,178,186,198,157,64,0,NA,NA,NA,NA,NA,NA,NA,NA,NA,NA,NA,NA,NA,NA,NA,NA,NA,NA
ID0335,163,102,90,126,110,82,136,154,150,133,142,97,88,94,92,109,105,108,117,127,119,145,116,120,155
ID0336,123,88,77,79,66,70,125,100,84,127,114,72,97,53,15,76,103,112,142,57,62,116,67,122,92
ID0337,94,100,108,88,117,104,135,139,160,158,161,108,99,119,94,178,233,223,144,133,132,136,133,149,146
ID0338,109,96,90,96,99,87,127,104,111,106,124,98,103,96,84,98,119,118,121,110,130,105,120,114,133
ID0339,73,77,71,65,72,67,98,71,104,91,93,94,75,84,66,80,84,109,123,103,102,108,92,74,77
ID0340,106,109,92,102,98,100,121,123,126,112,127,116,104,113,113,112,116,103,115,130,103,112,114,117,101
ID0341,93,78,88,69,83,68,85,83,84,78,83,84,71,76,84,83,90,90,90,104,93,100,95,99,93
ID0342,69,47,39,0,0,1,16,51,48,44,45,48,46,49,44,46,48,47,39,51,38,46,46,47,50
ID0343,159,156,164,161,146,127,158,167,154,121,152,138,147,138,137,146,145,150,174,166,142,132,130,134,156
ID0344,37,37,43,36,45,31,32,31,30,35,21,29,30,25,36,29,29,32,36,37,33,33,27,24,24
ID0345,184,223,215,217,203,192,253,267,287,251,241,296,212,222,255,238,235,256,324,322,300,236,238,316,296
ID0346,66,77,58,56,54,64,92,96,104,108,104,108,80,85,87,83,106,101,107,97,100,108,107,100,94
ID0347,29,35,30,35,18,15,18,17,14,18,25,25,20,16,18,18,15,14,28,26,25,28,9,0,13
ID0348,302,98,297,276,309,365,454,397,273,200,213,224,178,161,173,184,186,209,246,225,212,244,264,271,303
ID0349,44,54,53,65,66,67,91,69,83,40,92,93,87,83,92,135,159,158,164,127,145,139,141,128,139
ID0350,0,0,0,30,97,35,31,129,91,96,91,73,75,83,63,52,49,59,51,70,66,48,32,35,36
ID0351,16,12,9,14,16,18,14,14,11,9,8,7,6,8,7,4,2,0,1,4,5,4,4,1,3
ID0352,104,102,95,96,93,80,115,107,116,111,115,96,92,97,94,98,82,109,111,120,86,95,115,94,97
ID0353,84,84,90,82,88,74,95,92,85,87,89,85,86,85,76,81,70,85,94,94,83,90,85,93,90
ID0354,51,62,48,35,8,10,13,16,22,15,30,25,27,36,36,35,35,38,37,40,36,38,33,35,35
ID0355,102,109,100,100,93,85,99,92,105,98,103,96,94,95,92,100,91,91,103,109,97,95,101,101,90
ID0356,155,152,188,224,203,194,256,238,275,268,289,267,135,136,218,245,266,286,260,320,268,176,166,104,152
ID0357,92,90,86,64,77,111,189,185,185,151,229,206,228,207,204,230,192,213,224,203,169,211,202,218,221
ID0358,133,97,143,141,138,132,138,130,158,160,145,143,150,157,152,146,140,136,146,158,153,137,152,156,165
ID0359,233,218,311,263,245,236,263,265,252,263,286,275,293,300,304,312,272,331,406,426,417,388,404,359,432
ID0360,34,34,31,27,20,26,41,40,47,31,28,28,21,20,23,22,21,24,31,35,27,28,25,21,20
ID0361,181,136,76,78,96,80,66,118,68,70,51,61,36,21,52,64,171,184,181,137,136,138,182,228,186
ID0362,47,52,43,39,36,33,36,47,48,54,41,50,38,43,37,41,43,41,48,66,63,55,50,60,71
ID0363,26,19,22,27,30,29,37,34,17,17,13,73,75,70,69,62,56,72,67,38,8,8,8,9,10
ID0364,103,104,101,102,99,80,82,101,106,90,89,98,92,90,90,108,97,90,102,105,95,94,97,96,97
ID0365,15,3,0,8,3,NA,NA,100,140,128,24,34,1,0,0,4,79,102,105,92,91,89,73,5,1
ID0366,291,252,239,195,204,214,202,181,189,156,117,133,116,83,97,94,99,78,44,107,85,96,109,88,88
ID0367,92,98,86,79,72,14,84,89,98,78,108,102,91,94,102,96,104,85,118,102,98,103,94,100,109
ID0368,71,87,84,90,65,88,90,82,64,65,69,76,64,70,62,68,60,55,65,70,67,57,55,64,65
ID0369,25,30,44,21,21,32,30,21,34,26,24,22,22,24,26,72,82,84,97,85,82,77,81,76,91
ID0370,273,289,270,275,305,262,278,348,146,382,308,328,320,357,412,330,345,289,326,289,358,326,342,299,305
ID0371,437,435,384,435,439,491,611,527,662,453,557,450,460,559,422,427,577,735,833,704,491,520,675,678,600
ID0372,110,110,112,100,89,82,120,123,134,141,143,125,114,122,118,124,114,144,181,188,157,109,111,113,105
ID0373,86,83,100,88,95,99,87,86,99,80,94,87,82,82,82,84,80,85,95,93,94,87,97,91,100
ID0374,90,93,90,93,110,87,93,110,90,90,93,93,100,89,90,92,93,98,93,101,89,111,107,93,113
ID0375,126,131,130,132,115,111,133,124,115,126,138,135,131,138,139,122,93,119,143,137,159,150,149,153,153
ID0376,51,51,54,55,48,52,57,60,58,51,55,60,49,60,55,59,61,59,58,59,58,56,60,49,58
ID0377,265,219,188,184,176,174,193,209,206,190,195,199,174,181,182,187,182,185,223,253,193,190,191,199,195
ID0378,96,98,97,91,105,101,103,115,113,101,112,108,94,93,90,94,95,99,120,106,113,112,113,110,109
ID0379,123,96,102,104,99,91,97,110,190,162,132,127,108,110,101,113,134,115,132,122,114,106,118,113,118
ID0380,0,0,0,0,4,53,60,63,67,65,65,60,57,55,59,60,63,63,67,78,69,62,63,63,70
ID0381,0,0,132,237,222,190,170,179,192,199,214,221,211,204,199,207,193,191,345,541,283,239,47,73,98
ID0382,67,64,65,62,69,49,60,78,59,62,62,61,62,55,53,50,53,51,46,56,51,49,46,51,60
ID0383,183,195,217,149,151,143,148,194,213,210,229,151,173,202,86,114,110,98,103,100,104,110,106,106,112
ID0384,89,72,77,90,73,66,59,83,88,78,90,91,77,76,77,68,77,65,75,68,68,71,60,80,84
ID0385,101,78,87,89,86,38,103,99,96,90,91,93,73,61,81,89,87,83,62,91,85,58,72,64,68
ID0386,81,107,80,80,51,99,171,181,165,102,160,148,70,74,75,70,106,95,86,120,82,62,126,89,85
ID0387,37,50,39,58,48,29,34,32,14,38,28,52,58,56,109,103,73,91,99,117,117,134,128,107,106
ID0388,193,178,181,177,166,157,183,189,211,208,186,210,140,145,135,135,145,150,166,178,180,157,170,121,92
ID0389,126,143,133,133,91,137,147,152,147,135,139,133,119,128,128,119,126,131,154,146,134,127,118,116,122
ID0390,62,53,52,46,54,48,46,45,53,49,55,56,43,59,56,68,54,54,51,55,56,52,50,52,47
ID0391,151,152,151,141,131,138,165,154,161,147,152,150,148,157,151,161,166,163,178,160,140,171,177,148,171
ID0392,190,198,208,212,229,177,265,291,307,293,278,291,272,295,311,315,297,320,304,322,350,331,232,272,271
ID0393,0,0,0,0,0,0,0,0,0,0,0,0,0,0,0,0,0,0,0,0,0,0,0,0,0
ID0394,59,53,53,56,55,52,52,57,58,53,63,54,48,53,57,57,66,62,68,67,59,57,63,62,69
ID0395,1644,1701,1346,1399,1297,1197,1159,1332,1652,1498,1627,1653,1299,1481,1476,1475,1414,0,1771,972,1316,1031,1234,1390,1532
ID0396,102,93,90,79,82,72,121,98,117,95,90,109,92,93,108,100,109,71,36,72,105,91,119,112,115
ID0397,193,189,168,180,201,153,185,180,196,174,151,157,152,172,142,191,215,203,199,199,187,211,237,199,234
ID0398,114,118,108,120,112,100,131,103,100,111,117,123,108,109,91,102,93,108,116,132,115,113,106,116,124
ID0399,135,137,136,142,117,117,172,139,146,118,162,121,121,117,122,138,137,158,147,162,200,219,133,133,135
ID0400,74,53,36,24,25,22,10,6,9,12,14,15,10,3,8,10,11,8,17,14,11,10,12,11,28
ID0401,85,84,86,79,63,63,68,80,74,95,98,93,82,75,103,100,93,100,105,100,112,98,97,97,99
ID0402,74,99,88,79,63,75,78,70,98,86,85,71,84,92,87,116,127,109,97,120,77,76,70,82,89
ID0403,95,118,123,119,129,129,144,131,152,127,127,117,117,123,112,114,115,129,137,129,110,115,122,109,120
ID0404,252,195,242,256,252,219,212,204,235,220,260,201,145,136,136,164,175,123,62,167,136,159,148,146,152
ID0405,82,81,93,74,80,56,56,34,60,71,85,68,71,105,58,58,67,53,60,71,63,66,70,104,75
ID0406,116,158,176,136,155,177,220,218,234,244,337,252,489,586,892,716,804,761,282,392,270,367,469,254,163
ID0407,1,61,127,113,118,110,147,146,151,85,79,95,86,80,76,98,114,83,98,112,108,105,114,117,122
ID0408,78,80,84,96,60,1,0,42,83,66,72,58,71,90,110,66,12,30,81,69,70,57,80,67,64
ID0409,97,115,102,99,97,83,98,79,105,90,110,90,86,83,78,91,83,82,88,79,79,93,86,92,101
ID0410,1,3,12,12,9,3,6,2,2,3,3,2,2,3,2,8,14,15,17,16,13,19,17,12,13
ID0411,54,50,48,44,47,48,59,59,80,106,76,83,88,107,98,86,77,107,128,72,90,105,97,103,99
ID0412,0,1,0,1,2,2,2,3,8,1,4,4,4,7,4,6,4,4,5,1,2,1,0,0,1
ID0413,51,59,55,52,30,46,19,15,14,17,18,18,21,44,42,46,45,41,49,45,50,51,60,62,62
ID0414,95,91,92,103,106,99,111,117,136,129,132,132,120,118,117,114,103,108,132,127,138,149,136,135,125
ID0415,152,155,95,126,154,123,145,137,128,134,154,126,108,119,98,116,131,125,153,127,133,143,144,116,149
ID0416,669,582,614,669,497,514,771,701,881,684,975,1311,1156,952,754,872,707,754,704,691,658,622,801,594,768
ID0417,NA,NA,NA,NA,NA,606,240,695,652,621,606,957,184,544,508,494,547,572,687,738,757,665,658,669,688
ID0418,226,263,234,216,204,163,156,161,182,194,201,215,188,179,194,199,142,58,8,9,27,89,140,219,202
ID0419,38,30,33,28,28,33,51,47,55,43,58,56,68,93,95,87,116,168,162,165,123,131,127,154,161
ID0420,140,160,129,116,95,101,110,88,114,104,102,110,98,80,0,13,95,66,5,85,76,94,64,93,93
ID0421,159,148,129,125,104,65,113,100,130,94,94,79,107,128,110,101,113,112,116,115,116,149,159,160,157
ID0422,92,91,86,87,78,68,78,91,89,87,79,66,63,56,69,78,76,108,81,101,84,95,95,104,96
ID0423,20,20,20,20,20,20,20,20,20,20,20,20,20,20,20,20,20,20,20,20,20,20,20,21,20
ID0424,124,111,110,99,104,99,98,101,122,109,111,109,90,92,85,107,96,110,111,89,110,108,109,101,101
ID0425,74,86,74,64,64,72,68,76,74,73,77,101,107,78,79,64,33,31,42,22,15,20,14,24,25
ID0426,25,106,72,78,72,52,64,58,60,71,72,66,60,78,66,60,51,7,0,0,7,6,36,32,26
ID0427,126,118,110,108,96,81,90,87,113,110,120,108,101,108,106,120,129,165,206,195,171,183,185,157,179
ID0428,90,100,103,90,96,75,96,90,97,88,93,100,89,80,95,91,93,91,88,92,82,73,84,91,95
ID0429,104,76,55,145,131,128,149,144,138,132,145,160,135,126,130,143,125,137,155,151,161,158,158,154,173
ID0430,38,23,27,26,8,0,20,22,28,43,48,44,34,51,64,55,46,37,40,28,22,27,27,27,30
ID0431,59,62,50,53,119,95,115,93,90,83,57,61,52,54,47,42,45,37,47,84,79,69,75,76,76
ID0432,62,65,69,80,80,58,69,67,59,43,49,75,76,97,84,105,67,75,82,99,96,82,76,84,87
ID0433,88,93,99,89,89,72,63,91,82,79,84,98,92,87,77,96,79,81,62,103,84,80,80,94,89
ID0434,19,18,19,23,32,36,44,41,26,20,22,21,21,21,17,17,15,6,14,24,10,14,14,16,16
ID0435,81,NA,122,112,64,68,77,78,93,81,59,61,65,57,78,58,50,62,65,81,78,69,65,70,83
ID0436,51,68,57,60,60,69,70,60,59,55,50,47,47,26,48,27,28,31,35,14,9,6,2,60,102
ID0437,54,57,53,53,53,39,41,39,37,46,52,81,40,43,42,46,45,49,54,60,59,55,52,58,61
ID0438,85,65,67,52,60,58,68,73,49,65,79,60,67,78,52,58,63,70,65,86,86,73,65,74,67
ID0439,74,68,121,83,84,100,71,107,100,79,77,88,74,69,74,85,77,42,89,106,93,101,91,96,94
ID0440,115,98,89,107,79,84,145,151,168,174,176,157,139,170,185,182,149,158,162,155,141,165,148,162,172
ID0441,71,60,59,69,48,45,44,64,57,58,66,59,61,54,56,56,49,51,61,73,61,66,69,66,68
ID0442,80,70,77,51,54,45,55,63,75,56,39,35,45,48,43,34,30,18,17,21,35,26,17,19,20
ID0443,113,69,104,110,108,102,111,93,90,90,94,96,88,91,90,97,87,84,95,101,103,98,110,112,99
ID0444,144,141,141,140,121,118,160,158,161,154,149,256,38,137,143,151,137,141,147,154,200,187,194,150,138
ID0445,156,153,146,68,50,45,52,56,55,55,49,48,24,30,31,105,56,55,62,58,66,63,58,60,58
ID0446,171,194,255,263,285,322,346,208,211,203,231,226,206,182,189,220,238,250,272,238,308,315,301,335,291
ID0447,53,57,44,59,62,60,56,59,55,53,61,59,49,41,43,65,57,61,59,71,68,71,70,69,67
ID0448,98,111,100,103,86,92,99,89,129,142,119,104,112,110,103,101,95,109,113,115,99,106,106,106,90
ID0449,45,31,28,15,32,36,48,51,57,53,49,47,42,43,41,45,47,44,50,51,56,47,48,49,52
ID0450,150,133,104,1,17,49,17,3,10,88,9,196,89,99,97,96,106,120,124,128,111,113,111,111,117
ID0451,31,34,29,30,26,29,31,37,36,28,29,29,34,36,53,48,42,54,53,57,49,55,52,45,49
ID0452,99,72,87,83,120,100,104,139,163,145,163,107,66,70,90,73,115,126,133,133,99,111,125,95,99
ID0453,176,204,162,188,178,167,187,164,178,188,193,236,151,186,164,140,144,184,166,153,155,177,183,161,150
ID0454,144,124,180,106,107,104,94,138,129,89,129,149,95,114,108,80,116,116,77,159,121,175,119,79,127
ID0455,78,72,72,81,74,76,80,74,84,87,96,84,65,67,68,60,82,86,94,96,98,92,89,106,114
ID0456,81,107,99,97,81,73,64,81,53,53,59,55,59,52,53,72,59,48,77,94,54,69,66,68,74
ID0457,197,171,154,154,149,146,142,200,204,177,177,217,154,92,168,180,NA,351,292,249,246,147,50,67,218
ID0458,34,112,186,175,172,152,138,0,76,90,49,62,127,145,150,101,122,87,107,155,129,90,114,99,267
ID0459,95,69,70,96,65,84,93,102,111,100,98,75,71,73,79,66,98,121,121,120,79,108,107,60,98
ID0460,2,2,2,3,3,3,3,3,0,0,0,0,0,0,0,0,0,0,0,0,0,0,0,0,0
ID0461,127,103,114,119,115,136,165,109,108,107,100,87,69,39,33,40,69,115,98,108,96,87,98,85,98
ID0462,49,45,42,44,45,33,34,34,35,33,35,31,31,35,29,31,31,33,29,30,31,37,31,35,29
ID0463,79,36,15,12,13,12,33,29,32,31,33,44,28,24,20,29,32,36,37,35,27,105,105,107,104
ID0464,157,174,191,198,198,100,110,152,135,116,132,147,127,137,127,138,124,155,145,151,161,159,164,175,164
ID0465,99,61,58,63,58,71,68,72,74,74,76,73,64,75,74,80,80,69,69,84,64,62,90,85,87
ID0466,127,147,131,162,155,139,154,161,164,158,162,154,147,161,159,156,155,159,136,143,148,164,150,159,151
ID0467,625,495,565,543,568,516,547,548,543,552,545,526,487,574,505,532,630,495,485,511,539,557,593,634,561
ID0468,142,81,151,170,157,144,165,193,222,184,178,180,165,168,180,176,158,164,203,189,160,159,131,148,192
ID0469,124,136,113,115,126,100,133,155,143,144,133,130,129,107,108,111,122,116,123,158,139,122,145,158,166
ID0470,217,235,237,177,163,220,248,239,265,260,275,220,287,314,317,293,261,300,353,355,341,356,356,328,300
ID0471,217,157,197,194,160,212,191,207,275,194,208,226,183,166,159,189,180,227,201,258,239,189,213,173,178
ID0472,88,93,80,78,80,80,80,72,88,94,139,115,76,89,83,78,77,81,79,80,73,82,81,95,100
ID0473,76,70,48,34,33,38,74,83,39,53,46,81,40,48,54,57,49,61,156,103,62,123,62,68,75
ID0474,91,138,127,151,125,131,145,105,143,138,135,145,122,130,141,130,134,147,148,124,127,145,151,144,144
ID0475,164,159,134,136,161,154,188,135,194,172,184,150,204,163,191,174,220,225,145,221,199,247,227,226,212
ID0476,97,87,87,94,91,73,117,88,71,55,56,56,64,21,10,40,42,53,51,42,33,36,36,51,52
ID0477,35,37,41,33,40,0,0,0,14,2,1,0,5,11,4,90,27,24,28,0,0,83,160,125,129
ID0478,104,91,101,126,123,122,118,123,124,127,133,119,96,91,87,97,102,114,136,114,100,111,120,124,120
ID0479,61,44,54,53,28,49,55,47,67,63,59,60,54,56,56,57,57,62,52,55,0,55,40,59,58
ID0480,95,90,89,93,90,89,87,86,90,82,93,84,83,80,86,83,84,76,65,73,68,76,79,80,88
ID0481,39,42,41,40,41,37,44,43,43,46,56,37,29,28,30,32,32,32,36,35,32,43,46,48,49
ID0482,17,8,3,3,2,2,5,5,0,6,43,11,77,8,80,38,15,60,12,55,43,46,52,61,67
ID0483,71,69,70,96,73,106,98,88,111,81,75,75,81,80,85,81,79,79,84,86,93,66,90,90,53
ID0484,52,52,38,38,48,50,58,49,47,20,4,23,30,27,24,24,4,1,3,2,1,2,12,15,17
ID0485,25,18,23,18,21,20,19,23,22,23,24,20,16,14,14,13,16,23,31,40,56,57,31,8,17
ID0486,131,100,146,147,141,115,124,110,111,111,113,109,104,114,115,116,119,101,102,105,117,116,110,112,116
ID0487,211,164,234,253,310,141,222,211,281,261,243,307,156,246,229,227,202,236,224,212,238,252,225,205,195
ID0488,0,0,0,1,1,100,186,231,224,211,245,167,154,169,149,130,143,160,150,170,186,174,208,181,183
ID0489,73,60,43,49,43,57,80,101,87,40,47,45,46,54,45,48,42,49,49,46,55,47,46,56,47
ID0490,121,144,123,115,121,110,117,97,120,113,133,116,93,121,107,97,106,111,119,131,94,75,88,104,107
ID0491,115,114,118,120,110,124,124,123,86,110,117,117,116,135,156,151,133,95,16,42,77,44,0,0,0
ID0492,87,80,76,76,93,73,59,76,61,77,68,90,67,74,75,62,68,79,76,87,85,75,71,77,85
ID0493,57,56,55,56,62,58,72,65,65,60,62,61,53,56,49,52,50,51,58,57,55,60,55,72,75
ID0494,82,85,80,71,78,79,93,83,79,83,88,93,89,88,93,92,60,44,91,90,102,99,96,100,90
ID0495,29,124,124,124,101,98,173,112,119,1,3,82,122,126,125,124,130,119,114,124,119,59,91,96,101
ID0496,6,9,1,3,1,3,0,0,0,0,0,0,0,0,5,7,45,74,74,76,75,73,43,77,102
ID0497,79,87,82,85,76,81,86,114,91,65,86,73,68,66,73,81,82,89,77,93,67,79,82,67,82
ID0498,99,36,85,99,125,110,127,106,100,106,119,121,91,73,70,125,142,149,167,128,128,127,127,115,118
ID0499,252,218,257,225,241,243,346,334,367,322,315,269,256,225,271,212,311,288,232,155,150,167,175,173,154
ID0500,51,82,169,105,96,95,133,101,168,103,147,134,87,73,20,0,156,110,101,102,2,0,0,0,8
ID0501,269,278,248,238,195,223,217,317,280,211,228,198,168,185,179,189,203,170,188,190,219,157,174,199,207
ID0502,128,140,147,124,132,108,88,75,88,80,84,79,88,76,88,88,84,67,65,68,83,93,101,99,148
ID0503,52,57,53,60,54,44,46,55,57,56,56,63,62,68,63,57,49,25,135,133,111,114,155,132,132
ID0504,70,76,67,78,70,72,66,67,74,64,68,72,68,74,66,71,72,86,98,105,97,112,104,115,118
ID0505,116,105,104,118,100,101,120,108,92,90,105,114,122,102,103,121,114,138,154,150,131,113,132,134,128
ID0506,78,67,64,69,67,63,73,79,72,72,90,78,75,67,73,70,71,73,77,108,90,103,107,98,109
ID0507,63,60,56,50,48,56,60,69,68,70,68,65,55,46,56,56,53,63,73,70,65,60,71,81,60
ID0508,237,228,209,210,233,179,236,228,229,238,243,198,153,143,188,179,199,211,271,248,220,216,230,257,247
ID0509,179,202,174,156,194,161,201,238,210,216,202,214,171,167,178,183,177,233,272,216,190,205,211,227,201
ID0510,67,110,17,89,110,90,125,98,158,95,124,152,76,112,71,74,74,80,99,86,92,76,91,87,46
ID0511,110,102,130,128,120,120,117,0,106,277,201,184,189,181,188,29,203,174,180,228,222,165,194,201,185
ID0512,123,143,126,144,154,142,149,155,170,169,175,161,144,179,176,196,176,127,151,135,143,148,151,160,175
ID0513,37,43,33,33,32,33,35,40,34,56,25,27,46,40,38,25,34,42,44,29,29,33,28,21,28
ID0514,110,115,104,98,118,83,105,91,103,84,98,99,107,108,106,110,108,111,124,117,127,129,149,117,125
ID0515,74,87,74,90,78,88,98,114,85,85,87,83,71,82,91,99,85,69,83,80,82,71,79,78,108
ID0516,143,143,147,123,138,147,142,146,170,149,147,145,120,130,128,159,141,148,156,141,142,153,160,139,157
ID0517,243,241,240,232,230,245,272,289,284,289,258,302,274,307,312,286,270,293,348,361,384,355,367,365,345
ID0518,44,44,47,78,54,54,67,63,66,64,64,73,67,72,76,81,70,62,84,71,71,64,66,60,62
ID0519,28,47,0,40,23,20,12,8,15,15,13,9,17,12,6,2,0,0,0,0,0,0,0,1,20
ID0520,90,90,117,86,91,89,105,102,110,89,86,106,87,78,69,67,65,71,74,80,85,85,85,84,80
ID0521,15,12,22,35,32,2,0,7,44,41,45,44,41,37,38,43,38,42,51,71,68,48,42,37,13
ID0522,208,212,225,212,240,218,227,248,252,228,214,211,192,235,216,228,192,210,218,219,242,217,270,246,236
ID0523,83,72,68,62,63,68,86,72,86,61,76,80,59,59,57,60,67,74,81,69,56,74,79,81,71
ID0524,183,253,237,241,211,203,214,205,264,218,242,243,229,215,236,250,217,173,183,204,224,223,226,285,253
ID0525,142,132,143,113,107,113,128,125,117,109,117,102,107,104,95,102,93,130,141,109,126,128,122,124,131
ID0526,78,96,86,96,89,82,88,93,86,85,89,91,89,60,99,88,81,83,87,89,86,85,88,84,85
ID0527,135,129,93,66,62,62,74,80,76,77,74,72,72,72,71,67,69,82,102,105,99,105,98,107,108
ID0528,144,130,140,126,160,118,86,81,95,90,113,100,100,109,103,111,117,115,142,116,118,126,119,119,129
ID0529,29,26,27,21,25,32,39,42,38,37,41,44,99,81,81,76,69,83,105,102,71,53,80,56,67
ID0530,93,97,137,107,104,90,120,125,144,134,126,146,149,118,107,183,178,179,218,186,129,259,197,210,134
ID0531,276,234,266,251,174,56,139,140,165,154,163,157,132,138,131,139,133,155,159,187,179,150,148,152,145
ID0532,75,65,70,73,75,66,62,68,70,89,78,65,56,65,63,81,85,86,85,78,71,77,81,108,112
ID0533,258,229,192,193,205,202,190,248,248,292,252,273,216,224,218,171,248,230,266,217,227,258,260,238,281
ID0534,83,69,69,54,63,67,67,101,76,65,86,68,67,75,67,73,69,80,89,75,17,6,38,47,95
ID0535,88,92,81,69,77,63,66,82,73,77,83,53,44,69,58,53,68,62,72,90,66,73,77,65,80
ID0536,11,36,35,58,43,43,53,31,22,22,46,72,72,144,95,112,72,79,92,71,74,60,77,83,77
ID0537,84,90,74,71,85,76,91,82,67,80,89,76,71,72,57,70,74,80,84,63,55,48,61,53,46
ID0538,121,102,93,100,91,83,122,98,101,97,100,101,101,110,99,100,111,96,131,111,105,118,116,118,118
ID0539,188,315,320,337,280,333,447,539,612,604,581,654,241,384,381,364,399,528,673,577,425,507,375,366,479
ID0540,55,49,70,95,104,83,82,85,83,129,138,105,88,105,64,64,97,117,114,87,123,105,144,129,135
ID0541,175,174,152,156,147,146,164,171,182,151,157,141,145,127,128,155,163,153,181,182,166,170,172,165,165
ID0542,82,101,90,95,80,75,92,91,109,95,118,96,96,97,96,92,90,100,115,124,106,88,107,101,114
ID0543,43,46,50,46,95,302,487,459,404,337,322,342,297,270,300,457,473,564,544,564,420,305,314,300,341
ID0544,189,155,143,131,117,143,177,228,221,200,213,258,144,174,204,157,186,247,248,327,290,260,291,278,254
ID0545,313,324,290,318,344,351,480,557,573,621,574,572,367,344,357,388,458,469,483,536,544,412,384,374,385
ID0546,437,419,392,90,227,141,177,157,117,79,120,212,232,264,148,245,162,361,380,513,241,103,50,147,337
ID0547,186,202,196,191,207,216,269,249,225,182,183,198,171,183,181,188,194,206,196,215,201,218,188,193,188
ID0548,51,38,15,20,17,18,26,48,50,51,52,47,49,54,42,48,59,57,53,56,42,43,44,38,41
ID0549,481,420,442,396,502,555,627,700,545,483,528,570,626,497,575,849,650,644,671,1049,1123,648,783,921,898
ID0550,155,132,140,149,148,133,133,165,172,157,168,181,147,110,155,136,165,147,143,168,142,141,138,140,144
ID0551,190,186,172,180,176,152,161,161,173,164,167,172,163,168,163,164,177,174,176,168,162,151,158,154,149
ID0552,103,85,67,42,0,1,29,30,34,28,32,36,34,28,38,35,37,37,41,50,34,35,37,34,57
ID0553,0,0,0,0,10,44,13,8,7,10,11,11,0,0,0,108,36,80,136,100,226,150,153,157,159
ID0554,246,234,204,212,232,198,229,246,254,210,196,201,174,187,224,187,179,223,275,221,204,210,197,223,193
ID0555,223,246,246,263,218,289,392,450,480,420,404,418,223,237,261,288,312,389,458,487,411,466,487,508,454
ID0556,136,131,115,133,125,108,163,127,146,123,86,15,19,16,19,23,27,37,49,51,34,40,37,49,28
ID0557,84,79,84,80,86,81,96,85,89,104,109,89,91,93,NA,129,144,129,140,130,130,125,127,134,131
ID0558,287,289,263,245,236,235,302,340,350,357,349,419,269,250,270,307,350,376,476,447,373,143,151,122,139
ID0559,74,86,88,71,82,78,82,102,82,93,103,99,101,63,82,103,97,86,106,119,110,103,114,112,121
ID0560,83,54,34,40,93,84,120,60,60,87,110,90,90,87,93,90,89,84,93,100,90,100,124,110,90
ID0561,66,80,72,88,15,50,59,66,71,69,75,78,80,89,79,71,65,74,80,101,80,91,83,98,97
ID0562,57,55,57,58,61,55,54,64,58,36,17,15,10,10,10,5,6,5,9,14,11,11,13,11,16
ID0563,81,66,79,77,70,58,61,83,89,75,56,68,73,71,74,68,70,66,94,95,92,87,97,110,101
ID0564,97,150,164,133,142,121,129,117,133,121,126,175,163,156,131,127,106,145,163,165,159,173,171,165,166
ID0565,163,140,153,149,153,151,198,196,173,182,174,195,186,182,163,182,182,187,205,194,187,182,196,171,171
ID0566,124,168,231,210,216,205,230,238,242,192,211,212,201,199,234,223,214,200,235,256,226,231,229,217,217
ID0567,79,84,82,59,75,53,86,84,83,83,76,64,60,71,67,73,79,78,101,93,83,88,91,85,86
ID0568,194,178,179,193,180,155,217,196,264,266,305,187,131,155,148,170,249,174,157,167,149,153,168,137,154
ID0569,130,137,133,133,131,116,141,120,133,127,138,122,123,122,126,131,135,121,141,140,139,139,141,148,145
ID0570,117,89,124,89,102,115,132,100,123,111,109,107,105,96,85,99,84,106,106,86,73,82,79,88,76
ID0571,272,255,258,243,262,290,287,264,273,317,319,315,300,267,366,392,280,364,481,759,293,333,320,290,119
ID0572,55,42,32,57,59,67,71,93,110,114,109,113,100,98,84,82,146,118,117,112,102,148,74,155,230
ID0573,72,78,77,81,62,69,68,76,80,69,71,70,60,78,62,70,60,72,72,74,60,79,68,63,81
ID0574,76,80,79,67,68,66,88,93,93,88,87,91,90,82,86,87,82,77,79,85,73,72,91,96,80
ID0575,92,113,109,63,60,89,55,95,74,64,86,88,75,86,94,111,115,106,112,116,85,129,103,85,106
ID0576,72,82,100,36,3,88,126,154,156,157,245,2,120,146,156,177,145,164,192,189,137,159,159,153,166
ID0577,73,72,60,81,69,78,91,66,87,53,82,69,60,80,71,78,102,166,188,166,147,99,10,121,101
ID0578,101,89,85,70,74,85,91,102,90,88,96,75,87,90,80,88,73,83,89,113,93,90,99,115,114
ID0579,177,38,126,116,102,99,121,117,131,124,124,121,111,106,114,129,111,116,119,126,142,137,135,128,129
ID0580,242,189,121,63,98,137,134,117,146,170,144,109,82,106,115,107,132,140,144,198,128,121,85,84,115
ID0581,147,118,151,122,113,109,124,141,103,151,183,126,96,96,90,86,124,125,127,136,117,93,117,100,111
ID0582,68,69,70,87,60,75,97,120,61,34,45,48,70,77,60,0,0,0,0,1,0,0,NA,NA,NA
ID0583,0,0,0,0,4,3,19,81,88,28,86,60,39,38,6,8,12,6,42,61,81,6,1,1,1
ID0584,99,112,112,95,59,74,83,71,84,84,79,72,83,82,92,117,125,148,156,136,119,113,112,111,117
ID0585,74,62,66,68,57,65,72,82,84,80,79,71,65,65,82,77,88,79,90,103,93,91,94,97,82
ID0586,169,170,164,155,161,174,178,181,159,142,161,118,138,156,150,161,145,152,167,163,145,140,163,166,162
ID0587,128,172,126,139,149,120,130,82,96,95,94,94,87,93,95,90,100,76,100,104,112,107,125,122,141
ID0588,131,124,125,131,121,124,150,142,122,100,140,130,96,105,94,51,55,67,72,77,76,72,75,81,77
ID0589,141,175,153,154,131,127,150,171,108,157,152,166,145,134,114,124,111,116,139,125,65,95,150,111,37
ID0590,108,130,128,123,121,114,129,113,104,115,118,121,139,121,109,104,113,112,125,124,129,120,116,114,120
ID0591,72,75,71,73,73,92,92,87,95,100,69,71,62,69,60,74,67,79,86,83,85,87,83,77,78
ID0592,122,120,139,96,30,94,135,110,136,126,155,159,143,134,140,135,116,135,137,131,129,150,151,132,136
ID0593,69,57,50,63,68,57,62,58,69,75,77,69,66,63,45,63,60,35,52,62,47,67,37,46,51
ID0594,44,54,48,37,47,46,57,40,36,38,35,46,46,56,52,43,51,84,77,86,62,78,60,82,100
ID0595,121,133,116,142,129,90,137,128,133,130,126,130,114,113,126,131,132,136,164,136,142,147,147,147,165
ID0596,113,114,96,109,109,89,110,109,120,128,115,100,246,230,314,318,332,423,342,203,208,174,214,177,161
ID0597,182,188,187,188,169,178,180,214,175,246,175,148,144,149,179,168,160,189,240,228,231,225,260,208,263
ID0598,45,34,30,33,23,59,88,51,24,28,65,109,36,39,45,34,33,56,63,58,43,49,59,57,62
ID0599,56,56,72,83,62,58,81,115,53,97,116,62,68,74,103,103,98,93,132,149,118,149,137,121,147
ID0600,404,271,NA,0,286,219,256,480,422,423,443,430,169,240,301,344,402,381,509,350,382,306,445,382,530
ID0601,198,182,185,181,175,169,203,182,191,184,171,178,174,187,182,161,183,185,225,212,192,185,177,176,197
ID0602,162,149,147,156,164,149,179,179,162,165,332,368,310,283,319,274,302,299,376,339,288,341,320,361,344
ID0603,39,42,43,37,35,37,43,42,36,36,41,NA,NA,NA,NA,NA,76,25,35,19,22,25,28,28,29
ID0604,96,71,71,71,80,84,106,89,103,98,100,96,90,80,84,97,103,108,113,97,93,95,103,101,105
ID0605,107,117,117,95,99,109,127,127,108,90,139,127,105,97,126,132,129,126,141,167,164,161,218,277,293
ID0606,0,13,44,43,43,42,44,41,43,75,69,64,56,58,61,56,62,48,60,67,62,63,59,54,61
ID0607,47,54,53,95,85,58,61,66,64,59,59,47,41,38,47,98,54,73,69,70,79,72,65,67,64
ID0608,104,87,25,81,79,123,49,99,69,17,93,91,73,105,35,59,89,69,78,75,89,70,87,213,233
ID0609,236,220,261,199,186,211,229,254,237,257,258,250,197,243,244,251,241,246,278,79,327,151,156,235,308
ID0610,130,146,155,171,125,127,144,135,144,98,92,94,82,82,78,93,77,93,110,97,97,97,89,103,95
ID0611,150,153,155,146,123,134,130,128,131,132,180,132,124,146,143,146,155,191,209,170,160,149,167,169,180
ID0612,179,186,193,181,196,183,177,164,178,184,179,160,140,161,183,174,168,159,170,191,204,209,218,198,199
ID0613,64,47,28,26,25,27,25,14,18,24,23,23,21,22,22,28,30,31,32,29,45,178,108,123,145
ID0614,113,110,129,132,122,89,111,128,108,108,119,141,113,103,83,102,116,113,122,129,125,128,126,129,117
ID0615,88,90,65,111,77,41,43,56,58,69,56,80,67,53,47,61,49,60,60,55,64,56,151,164,151
ID0616,27,38,31,35,42,43,43,37,30,24,22,30,26,29,21,22,25,40,41,36,32,32,27,21,30
ID0617,124,120,112,107,124,93,132,126,138,121,135,125,104,125,120,133,128,134,144,132,127,128,137,126,110
ID0618,109,108,97,83,81,105,130,97,91,73,81,130,102,103,98,110,123,145,149,137,117,89,86,34,107
ID0619,113,104,104,96,86,75,108,87,85,92,95,81,71,67,71,81,91,86,94,80,67,72,72,78,82
ID0620,87,107,108,98,101,176,98,70,91,74,74,77,66,59,60,80,93,97,86,113,100,92,98,110,130
ID0621,116,140,100,236,168,141,158,141,150,126,124,128,141,142,126,118,129,167,159,157,124,141,135,133,154
ID0622,NA,NA,14,9,20,21,29,129,184,198,196,206,203,209,206,218,218,223,204,181,211,189,194,198,196
ID0623,81,64,80,93,81,69,80,88,98,93,91,100,70,80,80,90,79,87,89,102,94,100,93,93,105
ID0624,176,178,157,153,174,145,108,80,85,125,87,88,76,84,84,72,77,82,100,98,92,91,103,101,95
ID0625,98,88,86,82,79,80,95,91,103,81,92,85,73,82,89,82,89,78,85,96,91,86,87,94,90
ID0626,67,66,67,64,66,42,4,0,0,2,1,3,4,52,36,45,51,58,69,62,0,14,84,91,67
ID0627,96,85,106,75,74,90,81,100,101,91,86,98,85,90,86,68,77,96,88,106,97,79,85,102,102
ID0628,66,81,97,74,72,67,74,57,78,93,81,74,75,75,85,76,88,75,94,93,105,124,116,102,87
ID0629,105,125,88,59,172,185,163,152,53,76,85,178,246,177,67,51,71,76,60,50,55,48,53,56,42
ID0630,319,249,314,320,313,283,315,313,322,327,357,362,251,311,391,309,300,304,376,405,362,356,339,358,342
ID0631,200,197,188,225,217,238,271,284,280,292,310,306,281,267,260,282,279,308,342,307,293,282,304,288,301
ID0632,10,10,6,3,0,0,148,71,71,60,62,62,62,73,80,0,2,0,0,0,0,1,0,28,42
ID0633,85,89,114,165,133,100,112,104,134,69,104,119,154,121,89,96,146,163,121,92,110,43,102,127,73
ID0634,NA,NA,NA,45,128,96,NA,658,105,104,108,111,103,97,121,84,123,120,106,118,120,103,124,159,45
ID0635,60,65,70,68,62,74,75,64,64,64,60,62,55,74,75,59,38,7,39,0,21,13,0,0,18
ID0636,109,117,108,105,110,83,98,106,97,96,93,85,84,84,83,89,94,106,107,107,119,109,124,114,129
ID0637,104,87,98,85,87,77,76,88,91,89,99,122,91,94,114,116,90,91,99,96,98,97,99,94,98
ID0638,80,74,71,60,57,54,58,63,69,60,66,68,55,54,53,60,65,71,83,71,68,63,64,61,63
ID0639,25,65,47,37,33,44,58,62,77,66,30,27,23,33,90,34,29,39,42,58,60,70,66,74,76
ID0640,131,108,108,88,47,65,90,91,100,95,52,45,38,106,139,101,64,68,73,98,105,94,92,107,120
ID0641,160,156,165,186,126,137,174,181,166,176,190,159,157,163,152,150,169,172,188,186,184,159,144,103,135
ID0642,60,54,42,37,45,63,60,45,61,31,51,50,31,40,41,45,43,42,58,47,37,52,45,46,56
ID0643,72,93,100,69,74,72,102,106,93,88,90,93,98,124,109,100,78,92,94,99,119,94,109,116,106
ID0644,145,107,115,120,159,168,187,203,173,157,122,115,74,77,81,69,60,58,73,133,91,81,78,84,124
ID0645,133,138,120,113,111,59,71,74,68,80,53,46,85,82,56,88,85,87,88,67,59,46,50,54,52
ID0646,0,0,0,0,0,0,0,0,0,0,0,0,0,0,0,0,11,0,0,0,0,0,0,0,0
ID0647,38,41,35,32,37,34,40,38,42,36,30,32,37,29,43,33,29,34,42,50,38,51,39,37,40
ID0648,130,146,156,121,128,112,132,133,155,138,143,151,106,125,112,120,124,113,131,125,130,125,135,114,144
ID0649,117,96,107,96,92,97,88,129,112,114,90,103,87,87,86,90,86,95,121,142,99,100,113,108,113
ID0650,34,40,30,32,29,0,3,11,11,11,11,11,62,40,32,35,34,44,35,31,61,42,53,75,60
ID0651,66,83,66,60,67,63,78,73,58,73,63,52,37,NA,23,33,48,48,90,87,68,89,61,65,62
ID0652,229,238,161,110,114,103,111,117,131,117,110,78,84,98,121,127,130,147,147,162,134,144,141,150,143
ID0653,158,150,146,128,126,135,147,177,149,146,127,129,133,142,111,120,112,115,139,124,132,169,141,139,137
ID0654,191,178,203,183,185,169,209,198,217,211,209,209,92,183,179,180,182,182,221,221,214,210,228,223,218
ID0655,148,160,139,158,136,147,140,154,121,117,101,89,91,105,97,92,67,92,121,143,110,112,126,128,129
ID0656,143,116,115,116,124,87,127,129,120,124,104,96,102,101,127,37,22,62,54,24,52,122,126,127,134
ID0657,189,186,177,192,167,149,162,184,170,218,146,141,121,142,134,135,121,114,150,168,153,156,157,167,141
ID0658,80,81,78,79,74,71,83,82,91,86,76,85,84,71,88,78,76,76,86,88,87,91,88,78,88
ID0659,125,121,99,92,112,98,117,103,106,106,104,85,77,125,104,123,120,114,124,123,118,107,118,123,122
ID0660,97,86,79,76,79,83,83,86,96,104,106,99,93,98,59,31,10,45,1,19,111,106,111,132,138
ID0661,120,205,282,315,362,292,NA,0,235,354,242,329,355,462,343,407,342,425,414,388,414,558,561,2587,329
ID0662,101,112,108,110,122,106,114,120,136,131,147,132,109,125,118,121,115,122,154,143,133,124,120,76,88
ID0663,89,87,84,83,72,58,65,68,69,65,62,64,60,58,59,66,70,64,64,75,75,73,85,90,93
ID0664,150,159,150,162,145,123,160,153,173,155,161,167,152,160,124,150,143,132,163,142,137,143,147,135,126
ID0665,31,30,27,24,28,31,31,31,33,31,32,31,26,29,31,32,33,32,34,35,24,31,27,24,28
ID0666,161,166,171,163,137,166,174,167,NA,176,150,170,180,191,203,215,251,192,188,208,178,221,102,180,335
ID0667,175,184,184,161,159,143,160,136,101,102,92,82,86,86,103,98,109,104,114,110,102,114,104,106,104
ID0668,47,55,45,52,57,53,58,58,52,50,52,33,25,43,31,37,33,38,55,58,56,46,0,0,1
ID0669,402,326,417,376,404,346,400,393,409,448,460,424,368,457,434,486,496,470,524,379,407,478,460,412,483
ID0670,41,46,46,56,43,48,60,75,59,60,62,66,57,55,59,56,62,71,59,62,65,62,66,72,69
ID0671,218,219,222,209,230,230,291,292,244,241,226,280,217,259,252,249,256,266,317,313,274,245,261,273,284
ID0672,64,64,54,49,47,45,46,38,38,41,53,70,56,53,43,56,53,75,65,51,57,49,49,22,115
ID0673,0,0,0,0,0,0,0,0,0,27,40,27,65,41,22,98,67,39,49,34,57,22,96,53,13
ID0674,74,84,79,69,51,62,67,67,94,83,91,83,70,61,69,60,46,51,48,48,69,66,79,53,46
ID0675,151,148,139,160,146,133,150,150,150,146,122,155,127,142,135,143,119,143,180,181,145,151,169,175,194
ID0676,182,193,207,203,175,209,196,231,209,221,215,209,182,181,167,195,195,226,219,194,195,214,190,195,237
ID0677,0,0,0,0,0,0,1,0,0,0,0,0,0,0,0,0,0,0,0,0,0,0,0,0,0
ID0678,70,56,99,96,96,91,102,103,94,78,93,103,76,77,76,60,59,57,102,104,106,104,98,100,102
ID0679,139,107,110,110,121,99,115,105,120,112,102,93,94,109,97,98,120,132,136,132,132,135,151,123,138
ID0680,239,205,175,173,175,192,216,247,244,244,262,203,188,192,167,166,176,196,203,182,173,172,187,194,194
ID0681,87,76,74,57,31,0,47,87,93,104,97,96,87,81,104,93,77,93,62,74,78,73,66,59,60
ID0682,16,7,3,138,142,105,101,116,93,78,72,76,70,63,70,58,226,230,82,75,69,75,66,66,56
ID0683,38,40,40,32,53,73,69,76,67,59,86,75,60,54,84,74,78,85,101,72,91,72,79,81,86
ID0684,174,159,182,169,190,167,207,211,221,166,151,108,146,168,175,182,209,224,233,216,196,182,211,195,191
ID0685,1,1,1,3,37,52,58,25,62,56,58,57,52,60,57,56,53,53,65,64,63,63,0,0,1
ID0686,353,359,290,257,221,222,422,441,430,328,362,607,399,318,520,281,513,274,252,331,284,678,688,324,329
ID0687,59,60,70,72,66,55,58,47,50,47,41,51,53,56,70,54,49,60,54,63,53,54,52,50,57
ID0688,26,24,25,23,21,33,52,23,21,15,10,5,14,16,24,16,12,9,13,10,18,17,17,19,4
ID0689,92,82,75,77,63,69,91,69,80,69,77,73,58,69,57,52,60,69,78,78,75,73,84,90,104
ID0690,51,47,53,58,54,42,51,72,80,79,89,81,67,84,80,88,85,84,92,93,118,90,93,103,87
ID0691,149,147,158,154,155,133,159,155,152,149,153,147,145,158,150,157,137,130,206,166,148,164,123,142,138
ID0692,233,161,156,147,155,143,164,90,185,134,129,137,99,120,123,123,118,124,146,127,110,112,151,122,158
ID0693,166,202,205,188,154,119,95,117,144,159,70,49,51,118,76,55,54,77,64,50,57,64,80,126,123
ID0694,185,382,389,389,370,310,443,500,366,367,374,445,272,314,34,135,376,410,565,587,441,406,27,14,14
ID0695,90,67,57,41,70,70,97,103,105,102,100,98,108,93,63,49,54,0,NA,NA,NA,288,90,88,95
ID0696,164,176,173,169,150,144,163,183,138,183,175,175,172,174,151,216,184,139,150,150,114,110,140,144,147
ID0697,2,8,11,11,12,13,16,13,12,13,13,13,12,12,12,12,14,14,15,16,17,15,18,15,22
ID0698,66,50,54,35,38,38,48,95,90,53,44,48,50,52,40,44,65,93,81,89,46,37,34,36,34
ID0699,117,108,29,17,44,17,20,18,23,35,51,36,26,25,29,30,46,168,246,212,221,161,159,136,153
ID0700,461,292,292,304,395,300,402,415,364,327,130,172,128,144,158,86,73,92,210,236,97,108,203,316,193
ID0701,106,106,NA,NA,168,124,169,202,220,178,195,182,176,207,197,215,204,182,197,184,190,198,215,192,188
ID0702,0,0,0,6,41,34,35,35,42,40,35,39,43,41,37,37,38,19,20,32,33,30,72,0,24
ID0703,110,92,91,95,109,95,141,133,110,84,59,72,54,45,29,78,78,74,88,84,84,91,126,122,139
ID0704,147,162,149,152,163,164,175,189,161,182,196,195,169,182,142,165,180,186,207,211,170,228,167,221,239
ID0705,91,85,87,69,82,86,93,61,77,92,23,27,19,43,34,25,38,59,69,75,74,55,42,42,44
ID0706,155,126,97,107,100,109,144,118,134,147,129,115,119,121,111,141,138,119,150,137,125,155,139,147,134
ID0707,48,63,64,55,56,57,61,64,68,55,56,61,56,57,57,62,63,53,60,60,51,50,52,59,61
ID0708,74,80,75,74,83,88,111,81,65,55,59,65,57,33,49,112,76,48,60,62,53,59,53,54,52
ID0709,147,150,141,144,136,136,156,161,175,161,156,172,148,146,162,154,174,128,127,154,129,115,128,124,119
ID0710,148,157,144,147,153,144,176,156,159,137,144,163,145,154,149,144,149,135,153,149,130,122,124,113,130
ID0711,82,83,71,62,53,51,65,77,75,75,87,77,63,72,72,87,79,104,131,126,102,116,108,115,119
ID0712,0,0,0,0,0,0,0,0,0,0,0,0,0,0,0,0,0,0,0,0,0,0,0,0,0
ID0713,219,245,159,187,184,180,225,240,241,223,223,253,183,171,186,219,230,235,285,297,227,184,195,182,163
ID0714,111,110,108,110,110,106,110,105,113,120,113,112,113,116,110,109,121,113,103,103,96,92,94,87,93
ID0715,195,192,199,193,158,148,156,176,167,146,167,176,164,163,154,153,114,117,107,120,131,117,123,123,117
ID0716,85,80,85,76,68,79,82,88,90,90,92,93,80,80,79,84,88,89,101,102,98,97,100,96,87
ID0717,113,65,90,114,126,81,99,90,93,87,86,86,99,79,80,96,121,114,158,65,94,82,93,129,174
ID0718,112,101,95,80,77,80,120,144,135,119,98,118,97,94,94,91,102,96,149,120,115,123,151,128,157
ID0719,227,181,197,176,200,184,224,218,228,249,317,249,237,252,252,230,295,275,277,496,471,486,690,419,427
ID0720,90,85,71,85,73,56,56,57,57,52,55,68,63,61,47,50,44,57,53,78,54,54,63,56,61
ID0721,285,260,251,228,276,265,335,312,288,336,389,332,319,314,324,312,350,276,402,327,260,260,293,281,317
ID0722,27,28,34,25,21,17,18,15,55,68,72,70,88,74,84,89,85,62,3,2,41,64,81,77,89
ID0723,103,90,88,88,90,98,119,114,115,113,116,96,97,90,95,88,95,96,120,125,108,103,84,93,90
ID0724,40,39,41,29,29,28,32,41,51,51,45,33,49,50,47,50,55,50,41,53,37,32,31,26,6
ID0725,154,79,73,98,93,90,78,73,68,130,113,110,99,102,93,104,112,122,124,118,129,145,137,128,137
ID0726,104,115,86,58,57,56,63,95,97,94,89,116,99,99,101,103,99,104,129,107,108,96,87,89,93
ID0727,89,78,56,92,67,75,100,105,73,21,22,35,49,45,32,48,44,36,46,44,42,46,52,70,46
ID0728,156,142,154,162,160,197,230,260,265,190,170,185,170,177,141,138,17,10,147,196,170,163,171,205,219
ID0729,46,46,40,38,37,34,37,38,40,36,38,42,33,43,35,41,41,46,46,42,26,4,0,0,0
ID0730,0,2,12,0,1,0,36,17,0,0,22,13,10,7,6,5,5,3,21,5,7,6,6,5,5
ID0731,206,207,155,195,212,156,200,194,173,287,242,285,138,111,119,126,145,143,178,158,167,280,279,283,265
ID0732,66,54,57,61,59,55,77,70,58,54,55,58,71,75,78,78,81,76,81,72,67,67,67,69,69
ID0733,41,194,215,210,170,131,183,198,251,261,250,281,238,256,238,274,285,313,310,317,310,286,312,340,325
ID0734,80,75,79,76,76,35,127,86,94,83,88,92,73,79,76,79,76,72,90,83,92,89,90,97,98
ID0735,21,17,18,17,24,27,26,28,29,29,23,22,26,29,36,35,41,31,40,41,33,42,37,16,18
ID0736,98,102,97,98,108,NA,183,93,108,100,104,109,112,106,98,106,114,108,125,124,121,121,147,130,147
ID0737,79,97,85,64,55,55,126,74,79,75,55,53,59,60,59,48,56,81,144,145,65,126,75,63,64
ID0738,143,162,156,164,167,168,183,181,171,145,152,178,154,146,142,158,160,164,176,176,165,159,135,139,164
ID0739,103,146,135,122,116,94,136,101,119,115,125,197,215,123,185,218,150,174,181,130,148,170,136,137,115
ID0740,6,6,8,7,10,11,10,5,9,6,10,8,5,6,12,6,13,5,23,13,19,22,32,25,21
ID0741,593,498,503,476,506,483,NA,579,503,731,723,675,472,561,556,646,641,622,692,613,664,598,660,557,560
ID0742,8,0,2,0,1,3,39,70,81,79,75,45,70,81,72,74,79,81,96,101,95,107,105,95,114
ID0743,21,26,20,27,23,21,24,21,44,31,36,43,40,44,46,43,34,29,25,26,26,26,27,14,13
ID0744,93,88,101,98,101,89,116,113,99,88,110,130,119,139,140,136,144,190,204,227,146,150,150,161,174
ID0745,89,96,86,84,87,100,118,88,100,84,107,78,73,82,84,87,105,93,102,101,89,83,90,84,87
ID0746,60,63,52,52,60,62,70,74,66,46,41,20,8,27,33,40,40,37,39,37,30,29,22,27,27
ID0747,159,150,154,143,167,149,183,148,192,178,149,155,151,133,143,146,184,163,166,159,176,162,175,145,146
ID0748,123,127,138,134,121,112,126,139,160,111,104,122,132,128,138,143,132,123,161,159,146,159,159,157,164
ID0749,104,86,92,93,87,107,104,99,109,98,99,113,56,72,74,78,80,72,81,93,74,84,84,90,94
ID0750,140,96,129,123,109,98,125,126,125,134,137,135,114,108,103,111,108,112,119,117,120,118,115,79,78
ID0751,348,264,263,217,272,254,257,263,379,235,379,254,256,264,252,269,294,314,376,401,304,290,362,317,313
ID0752,124,115,102,105,101,106,105,107,105,163,149,122,117,123,111,112,122,122,122,136,105,101,102,93,122
ID0753,229,270,224,226,234,195,228,268,243,220,216,177,194,198,205,201,174,154,195,231,222,217,206,208,278
ID0754,110,102,97,89,64,59,83,66,78,77,78,97,106,124,110,124,115,114,114,112,100,115,126,116,123
ID0755,75,84,78,88,80,60,26,5,22,98,96,105,97,102,94,104,108,117,131,129,113,119,149,150,182
ID0756,111,106,102,106,97,90,102,108,117,112,125,120,107,103,104,113,107,113,132,168,169,143,146,148,169
ID0757,44,39,22,18,18,24,25,32,37,40,36,29,24,20,21,34,101,135,184,271,110,173,251,210,95
ID0758,70,71,64,76,77,69,87,80,92,89,100,82,73,74,68,82,87,87,97,86,75,78,78,91,88
ID0759,88,86,76,78,66,55,63,68,85,69,65,76,74,52,67,77,48,40,54,48,54,58,64,57,61
ID0760,25,24,22,17,18,19,15,17,24,24,24,21,19,16,21,20,19,22,24,26,23,25,20,12,13
ID0761,225,186,196,185,179,186,211,201,269,230,220,201,202,159,185,197,207,225,247,256,262,270,260,282,253
ID0762,140,149,144,150,172,142,144,142,133,148,150,146,134,149,130,132,117,122,127,125,136,137,120,136,139
ID0763,78,88,87,86,89,79,80,98,82,79,70,77,83,71,73,67,77,81,81,98,100,102,96,102,102
ID0764,158,158,118,120,150,135,141,151,158,161,160,152,139,163,160,153,152,64,57,57,48,65,76,67,82
ID0765,170,105,114,114,71,118,137,126,148,115,104,198,227,253,216,209,201,206,209,194,225,235,204,208,201
ID0766,103,101,98,90,88,81,82,97,89,90,100,109,114,121,120,112,115,97,96,116,118,115,104,121,141
ID0767,90,76,71,75,80,61,0,3,0,1,68,63,71,88,103,79,86,110,106,127,139,49,0,0,0
ID0768,103,99,93,57,97,95,112,114,118,115,117,121,111,105,96,99,106,101,116,123,143,128,144,159,146
ID0769,217,220,210,217,206,162,227,185,231,269,272,243,281,328,301,341,317,265,386,349,286,368,482,413,426
ID0770,92,81,74,76,82,94,89,93,93,94,102,81,70,76,75,95,88,92,101,118,112,116,110,94,107
ID0771,100,103,112,112,107,109,135,148,126,147,143,159,124,151,135,211,181,137,168,151,208,174,134,121,151
ID0772,308,328,303,327,295,273,282,342,317,341,331,420,308,319,297,307,361,381,420,395,428,446,520,571,672
ID0773,72,107,117,121,153,161,181,174,181,223,101,230,216,175,146,172,183,174,187,162,178,192,209,197,143
ID0774,242,225,253,216,235,209,237,227,228,189,214,209,106,198,186,191,178,209,261,238,236,208,211,208,212
ID0775,288,271,298,264,262,239,356,321,366,304,138,334,267,286,261,283,269,268,386,360,346,262,333,290,374
ID0776,29,16,22,25,29,21,28,26,27,23,27,23,27,25,18,26,21,19,27,15,26,23,25,23,22
ID0777,213,233,231,195,211,157,199,192,230,215,241,225,171,173,158,171,221,199,204,160,174,182,185,168,166
ID0778,37,38,32,35,36,37,42,49,51,44,51,49,49,43,47,47,44,47,42,49,46,46,50,43,47
ID0779,138,99,93,120,75,87,87,102,104,100,99,110,82,87,91,86,80,95,114,117,110,115,109,100,110
ID0780,162,155,138,132,120,96,125,135,132,132,139,128,139,144,126,123,134,134,122,135,139,123,122,131,148
ID0781,574,262,375,439,229,184,218,208,230,237,440,488,484,580,563,498,556,515,524,503,500,521,625,526,526
ID0782,153,92,85,69,71,76,84,154,179,91,84,76,92,76,55,68,106,92,123,133,111,111,132,147,124
ID0783,0,0,0,0,0,0,0,0,0,0,0,0,0,0,0,0,0,0,0,0,6,0,0,0,0
ID0784,1,0,0,2,1,4,1,3,0,0,5,0,3,0,0,0,1,3,1,1,2,0,14,1,0
ID0785,85,76,67,56,56,58,55,57,65,63,73,60,50,45,44,54,55,63,78,75,68,92,92,93,97
ID0786,32,33,34,31,26,26,30,51,60,70,69,82,68,64,67,64,74,74,73,88,82,82,75,72,79
ID0787,64,62,57,58,62,63,65,60,66,64,63,65,62,60,59,57,59,55,67,60,62,65,60,59,73
ID0788,40,45,39,39,32,38,40,30,46,44,43,43,45,48,41,33,32,45,44,39,41,43,41,34,50
ID0789,154,125,150,147,138,137,133,138,139,129,124,124,116,137,120,125,130,134,123,157,139,136,138,146,171
ID0790,3,3,4,3,5,25,23,11,9,6,4,4,3,5,4,5,4,4,3,4,0,5,4,1,4
ID0791,121,106,92,95,103,94,80,99,92,84,93,90,97,87,88,83,89,105,108,117,92,95,96,80,98
ID0792,177,168,163,146,141,148,181,246,192,177,192,182,156,162,171,163,172,162,218,235,205,210,160,167,183
ID0793,178,187,155,210,208,208,248,241,170,256,219,259,220,255,213,247,260,257,274,257,214,247,247,327,280
ID0794,36,30,30,31,39,36,50,49,46,38,46,51,39,47,50,46,46,46,42,59,57,66,62,48,53
ID0795,56,61,65,50,66,50,72,72,77,66,39,55,65,77,71,48,53,68,67,61,52,52,51,58,73
ID0796,569,131,320,483,439,407,755,509,657,519,534,410,270,244,207,284,390,502,320,348,285,303,367,422,459
ID0797,79,94,87,176,76,112,135,308,103,81,72,67,81,65,141,199,180,22,10,49,7,8,1,20,140
ID0798,312,236,212,226,178,181,255,236,349,372,355,324,198,250,270,268,271,308,363,415,363,328,345,384,350
ID0799,101,96,85,91,92,87,88,101,108,91,99,87,90,105,81,90,99,98,95,109,89,104,105,91,97
ID0800,211,173,181,168,174,197,238,231,188,194,200,203,194,228,221,245,220,216,242,214,201,249,259,257,266
ID0801,25,12,12,23,21,23,33,21,21,18,24,29,8,14,21,1,9,9,15,14,17,15,15,23,30
ID0802,136,111,110,126,127,123,114,128,146,132,145,145,132,155,142,152,141,141,149,133,130,150,145,130,137
ID0803,126,117,114,126,128,127,137,124,111,111,117,130,123,113,113,141,112,115,121,115,116,113,112,127,124
ID0804,6,7,18,6,6,7,6,8,13,10,10,20,6,22,10,7,15,11,22,12,24,18,8,19,9
ID0805,4,5,4,4,5,4,4,5,4,0,11,11,30,40,42,34,40,37,51,59,77,109,117,118,112
ID0806,68,59,59,127,329,150,139,447,432,217,260,190,389,285,265,327,288,259,269,285,349,332,332,189,352
ID0807,72,61,52,58,58,60,39,41,45,46,60,140,90,93,88,45,120,97,101,104,76,159,83,91,115
ID0808,157,151,123,146,90,116,115,140,138,117,124,123,113,120,110,78,119,125,126,134,93,103,115,95,126
ID0809,127,106,101,100,99,90,130,114,124,113,82,44,21,63,73,87,71,87,108,86,75,83,63,55,71
ID0810,108,122,117,129,121,91,148,155,207,144,155,74,18,21,5,12,16,24,24,20,34,27,30,40,34
ID0811,124,117,124,146,144,137,167,117,155,150,122,140,106,116,114,126,118,144,150,136,115,113,129,116,117
ID0812,67,72,80,84,85,79,89,68,65,62,69,67,58,65,67,71,18,4,6,5,5,4,4,5,0
ID0813,257,255,255,227,241,235,251,269,246,253,264,138,22,62,74,79,77,71,101,108,98,84,67,59,80
ID0814,63,64,45,52,65,67,81,63,69,58,32,84,52,23,9,149,333,351,273,249,273,259,279,302,296
ID0815,89,83,76,85,74,65,94,87,82,102,100,103,117,107,114,107,112,119,119,113,132,121,127,123,115
ID0816,70,61,69,59,67,68,82,90,86,83,67,74,75,40,70,98,85,88,86,85,70,83,87,68,88
ID0817,84,57,74,54,69,52,67,68,96,78,75,87,68,75,72,72,86,85,97,107,120,110,126,138,136
ID0818,36,13,28,20,32,26,29,39,38,32,18,52,33,27,25,22,34,21,22,34,22,19,10,27,7
ID0819,134,134,132,138,129,141,158,134,153,136,139,132,123,128,136,142,129,149,159,159,124,118,123,130,126
ID0820,111,118,112,97,89,93,95,108,122,104,120,103,80,94,103,95,88,83,91,95,92,75,77,83,85
ID0821,57,53,57,69,71,57,67,60,68,59,67,72,77,68,59,63,52,59,61,54,53,53,53,56,58
ID0822,195,206,210,162,156,166,190,216,205,206,228,235,219,227,260,230,239,229,269,242,258,258,264,260,319
ID0823,117,90,109,80,99,88,138,113,132,118,125,107,81,99,94,103,118,188,170,176,102,117,135,135,144
ID0824,62,61,54,55,47,52,55,64,72,66,60,55,56,50,48,56,55,60,58,73,64,74,68,46,52
ID0825,110,104,96,94,95,90,97,89,85,76,80,85,87,61,101,84,80,83,86,103,97,89,86,93,100
ID0826,190,164,180,212,184,162,165,188,204,179,179,153,136,138,134,133,115,6,4,2,4,1,6,3,2
ID0827,79,105,90,90,93,77,87,106,90,93,90,73,96,87,90,91,70,60,50,60,119,61,54,62,76
ID0828,154,167,138,161,148,147,156,159,155,174,170,182,162,180,158,134,146,148,159,160,175,175,178,184,203
ID0829,103,66,70,63,60,44,66,46,63,64,63,87,84,94,89,83,25,2,43,68,61,35,23,1,0
ID0830,282,314,325,284,261,235,215,220,234,200,198,178,190,192,176,175,191,193,214,228,149,145,159,146,176
ID0831,60,96,62,54,55,52,57,64,66,55,50,34,36,35,24,25,17,12,13,16,18,26,6,24,40
ID0832,155,131,144,159,174,177,195,227,154,105,153,141,143,130,130,117,135,167,159,125,118,171,173,131,133
ID0833,400,279,281,320,334,336,478,305,482,460,400,504,245,337,268,404,349,437,540,431,331,417,328,416,370
ID0834,114,105,104,96,107,99,104,94,114,108,111,120,107,105,90,114,117,158,172,123,113,129,120,107,127
ID0835,27,36,48,49,48,51,71,62,39,42,41,39,36,32,26,36,44,42,65,70,48,53,61,45,42
ID0836,82,87,75,74,84,74,67,89,80,93,79,80,82,75,82,99,79,92,106,90,89,89,99,105,80
ID0837,52,56,51,48,42,67,68,53,68,57,62,74,79,82,69,70,72,79,91,76,73,93,78,76,76
ID0838,66,53,44,38,28,28,27,25,25,27,26,24,25,23,23,24,24,24,25,26,23,25,46,70,88
ID0839,78,83,79,63,79,63,88,71,78,74,76,77,64,83,82,96,85,83,91,75,48,64,66,71,69
ID0840,181,179,173,160,166,180,235,224,252,222,244,251,210,239,230,225,262,267,290,291,273,273,284,296,278
ID0841,339,323,364,356,NA,1014,159,411,428,447,558,642,333,424,449,450,490,594,718,605,573,516,548,521,592
ID0842,5,53,35,32,30,39,41,35,42,35,38,36,32,29,30,35,32,26,47,52,36,37,45,38,40
ID0843,150,508,342,272,247,237,303,307,366,359,305,308,113,307,330,336,344,346,389,362,382,371,241,210,222
ID0844,222,208,193,189,174,188,215,224,273,268,299,430,81,217,193,192,203,260,339,276,276,311,323,362,333
ID0845,138,114,111,114,121,110,132,109,128,102,100,86,90,103,108,114,104,119,111,143,103,98,90,76,86
ID0846,128,92,96,126,97,111,110,133,144,116,141,151,127,125,128,135,133,146,164,179,174,158,169,151,187
ID0847,18,6,0,0,0,0,0,0,0,21,107,167,126,141,157,167,165,220,218,208,169,163,163,176,118
ID0848,97,70,104,116,102,87,111,116,81,92,106,92,70,82,79,79,78,75,86,89,79,82,63,56,4
ID0849,139,132,99,119,162,149,198,195,211,190,213,206,163,162,153,193,169,180,204,200,166,154,45,130,142
ID0850,188,172,178,175,153,135,155,181,149,180,154,159,148,130,117,127,126,135,151,145,118,125,104,108,146
ID0851,75,72,76,78,66,72,66,76,75,68,60,58,55,63,57,57,61,53,78,92,77,79,78,70,86
ID0852,160,175,136,137,105,90,96,86,116,100,102,103,92,92,94,102,113,116,136,127,123,119,132,121,121
ID0853,170,149,145,130,126,141,139,131,126,133,133,141,122,146,125,130,140,152,154,168,150,166,160,151,133
ID0854,50,54,41,39,44,39,44,42,44,39,42,44,47,42,42,56,24,23,19,0,11,1,5,4,8
ID0855,93,87,72,90,93,79,93,90,77,70,89,78,79,79,90,71,86,84,90,84,79,85,82,90,72
ID0856,0,0,0,0,0,0,0,0,0,0,0,1,0,0,0,0,0,0,0,0,2,0,0,0,0
ID0857,173,142,124,114,132,157,183,181,192,174,181,176,173,178,165,165,167,173,184,177,173,191,190,185,189
ID0858,82,76,79,74,71,78,81,77,79,79,84,83,81,85,75,76,78,88,68,65,81,86,86,84,83
ID0859,127,109,113,105,116,112,130,124,135,123,131,127,125,106,116,118,124,134,156,150,135,143,144,148,146
ID0860,67,65,62,63,81,67,76,92,92,87,86,84,79,88,90,75,84,90,102,116,101,136,111,98,130
ID0861,118,110,88,123,111,103,119,128,122,119,123,92,73,67,73,79,71,86,70,54,50,46,49,50,48
ID0862,59,65,67,92,65,85,103,91,79,80,114,107,90,117,128,117,134,153,201,162,130,79,106,87,83
ID0863,98,121,103,67,86,72,74,63,75,76,86,85,86,98,94,97,99,100,99,78,83,87,91,98,96
ID0864,187,155,59,45,68,23,105,159,178,179,164,203,117,117,137,161,168,218,313,265,202,194,177,158,142
ID0865,200,188,191,200,219,204,218,207,189,121,191,231,183,198,172,145,156,208,211,228,134,121,119,166,212
ID0866,43,40,43,39,44,44,52,44,46,47,54,44,42,50,28,1,1,0,0,0,1,1,2,0,0
ID0867,121,135,139,135,145,137,123,129,136,112,122,137,131,132,125,134,114,117,112,136,121,115,120,138,104
ID0868,131,129,119,114,122,120,177,229,220,219,211,221,199,209,221,204,205,220,231,238,243,226,247,245,258
ID0869,81,96,79,73,73,49,62,51,51,33,57,36,10,31,46,45,81,40,20,69,6,0,2,23,35
ID0870,144,131,136,139,142,117,125,114,130,128,126,125,NA,2,129,139,128,117,133,124,149,149,140,142,141
ID0871,0,0,7,0,1,0,2,0,64,50,66,59,59,49,48,49,49,51,55,64,57,59,55,72,61
ID0872,90,90,102,93,74,65,89,93,96,90,88,81,75,101,102,96,98,90,107,95,95,95,98,95,109
ID0873,NA,NA,173,96,90,86,99,99,111,115,108,96,79,80,80,84,111,96,97,98,108,104,105,115,127
ID0874,0,0,0,0,0,0,0,0,0,1,0,0,0,0,0,0,0,0,0,0,0,0,0,0,0
ID0875,43,40,45,44,31,40,46,53,54,52,52,54,45,49,46,46,47,51,57,55,57,51,55,61,64
ID0876,38,42,66,151,87,62,76,103,62,59,58,65,54,76,30,32,28,37,25,21,11,41,63,100,74
ID0877,212,182,152,142,172,174,208,191,217,228,203,256,233,253,239,266,245,240,291,275,275,249,267,321,296
ID0878,88,84,82,88,75,77,74,80,89,89,87,80,65,75,69,71,81,78,82,82,81,82,89,84,88
ID0879,105,106,95,106,115,99,80,83,87,85,84,82,81,82,76,97,52,3,2,3,2,0,0,1,0
ID0880,53,47,51,43,49,40,42,38,56,56,66,69,65,54,54,53,59,57,62,52,57,55,57,61,54
ID0881,93,90,83,82,87,72,87,83,97,89,187,102,16,100,77,113,104,93,109,130,111,106,119,114,137
ID0882,464,305,278,276,195,139,147,164,167,171,173,171,146,182,155,154,151,152,166,202,188,188,192,185,186
ID0883,100,80,77,83,86,83,92,87,97,96,83,84,87,88,71,82,83,101,144,138,89,82,98,100,135
ID0884,81,74,91,79,80,74,87,80,104,103,119,111,88,70,70,86,93,105,84,68,88,88,131,94,81
ID0885,61,38,42,48,58,50,81,85,94,114,90,73,48,48,60,73,106,86,110,88,81,93,59,59,62
ID0886,167,158,186,175,173,146,179,186,183,152,212,208,193,157,164,169,170,168,184,183,181,199,253,268,247
ID0887,155,178,180,193,182,160,175,181,175,152,189,200,185,201,175,174,187,164,180,192,226,171,151,158,138
ID0888,121,117,120,127,141,113,136,107,130,122,129,125,111,113,125,124,124,134,144,136,132,135,141,155,128
ID0889,48,83,94,59,40,44,55,39,26,57,58,65,62,66,44,47,95,116,92,50,36,35,60,41,134
ID0890,56,49,48,47,45,38,50,54,49,46,48,51,41,40,46,46,48,63,84,77,75,66,56,47,42
ID0891,0,0,10,1,0,0,0,0,0,2,1,0,0,1,0,5,29,0,4,0,0,4,0,0,0
ID0892,159,155,145,145,151,146,146,180,154,145,147,144,142,163,134,140,130,140,146,130,156,148,131,84,91
ID0893,179,148,148,154,159,140,156,170,193,186,166,181,144,148,135,154,146,155,167,201,156,168,165,180,189
ID0894,98,86,64,74,80,71,50,72,89,90,83,87,84,84,91,94,93,86,92,95,90,90,94,88,86
ID0895,150,161,156,163,153,122,142,144,147,144,156,155,144,105,110,106,103,114,196,176,167,181,172,168,145
ID0896,29,55,39,30,33,32,34,41,39,47,50,59,68,49,42,48,43,44,36,35,37,26,26,29,31
ID0897,672,589,540,550,611,643,750,905,879,842,890,921,681,694,629,676,707,812,972,942,857,880,774,751,809
ID0898,101,60,88,79,95,57,59,84,66,58,75,71,57,34,21,21,26,35,31,44,31,34,33,40,44
ID0899,99,140,275,373,367,426,382,470,491,396,419,378,292,241,320,204,354,392,478,392,276,257,300,309,313
ID0900,123,100,78,70,85,70,72,79,84,83,84,76,73,72,75,73,74,76,86,80,76,84,85,83,79
ID0901,212,161,203,200,197,289,281,186,316,247,291,281,150,220,217,231,332,409,318,393,271,308,382,313,346
ID0902,152,149,148,138,153,134,162,193,159,174,170,157,151,153,141,159,156,155,188,151,183,172,167,159,151
ID0903,2,0,1,1,0,0,1,0,1,1,2,2,0,1,0,1,0,0,1,3,1,1,2,2,1
ID0904,82,80,84,73,81,93,95,77,85,85,110,92,85,108,89,89,71,76,86,83,81,81,80,98,86
ID0905,100,94,97,102,96,90,102,97,102,88,84,95,98,93,86,91,78,93,102,99,103,103,102,96,99
ID0906,105,121,123,142,147,94,110,98,175,171,241,169,109,244,163,127,124,136,64,154,101,117,86,116,124
ID0907,293,332,263,248,305,291,350,368,375,324,315,313,219,215,205,203,263,386,354,314,228,238,251,250,243
ID0908,171,173,197,136,163,159,176,227,249,206,214,185,138,134,113,118,137,125,163,171,158,142,135,147,160
ID0909,89,91,85,92,98,90,95,0,7,37,106,106,81,93,70,84,90,90,100,130,88,96,96,103,106
ID0910,49,52,44,39,41,36,42,38,40,42,44,43,40,42,39,39,34,32,41,35,34,33,34,32,34
ID0911,156,144,111,128,22,86,114,123,148,116,107,117,72,0,22,151,84,98,96,99,63,78,65,72,106
ID0912,182,194,198,228,213,166,160,203,227,191,202,202,173,172,194,220,199,218,215,267,225,193,186,198,213
ID0913,89,82,77,85,74,87,87,82,89,161,132,93,120,116,137,156,164,159,131,87,83,82,86,83,86
ID0914,46,65,45,46,41,40,48,47,48,45,42,43,45,49,50,45,44,38,45,39,40,37,38,36,32
ID0915,57,79,68,56,55,72,64,59,67,66,65,54,43,41,38,37,39,41,47,39,33,39,45,40,37
ID0916,138,153,183,103,155,207,249,219,258,196,235,251,259,254,235,250,156,210,253,173,266,233,230,259,248
ID0917,166,177,217,194,227,234,214,247,190,239,282,254,231,292,214,253,261,264,165,269,247,246,280,251,245
ID0918,65,57,57,58,47,49,66,48,39,24,24,20,16,17,15,21,19,20,18,21,22,20,29,21,26
ID0919,119,97,90,116,143,107,128,131,145,170,202,142,130,122,128,145,121,106,128,114,118,122,113,112,69
ID0920,NA,59,33,36,30,18,18,25,22,18,35,51,49,49,43,39,43,39,74,90,87,77,85,87,105
ID0921,97,115,90,115,119,94,96,83,10,0,0,57,58,73,70,20,72,80,80,71,0,0,0,0,0
ID0922,128,142,151,134,129,118,129,143,127,114,137,131,110,123,136,166,177,141,14,1,1,24,189,168,135
ID0923,148,154,131,122,147,108,128,129,120,109,136,122,151,174,163,161,105,146,146,168,227,210,217,226,194
ID0924,77,74,68,76,76,65,55,63,69,67,78,90,70,72,83,77,87,86,83,89,90,84,103,93,94
ID0925,110,116,77,84,89,84,104,94,116,97,112,98,93,114,86,93,103,106,113,130,128,130,131,115,123
ID0926,NA,NA,0,0,0,0,0,0,0,0,0,0,0,0,0,0,0,1,0,0,0,0,4,7,22
ID0927,97,97,87,101,118,118,104,134,119,109,133,88,108,107,110,105,111,108,129,133,117,96,102,117,134
ID0928,164,191,180,174,169,151,71,201,169,159,160,160,65,39,79,118,138,118,124,76,42,58,148,140,155
ID0929,276,197,271,43,84,82,123,53,118,141,199,167,114,124,109,100,143,143,136,274,292,194,166,218,218
ID0930,160,140,131,106,117,100,114,111,91,89,107,99,96,97,92,94,98,103,118,103,103,102,110,110,103
ID0931,135,106,129,110,101,109,108,117,130,126,135,130,120,108,115,114,127,135,161,167,139,131,147,148,162
ID0932,87,90,73,113,58,66,60,73,90,78,60,71,68,59,60,76,103,79,91,97,86,82,73,86,103
ID0933,101,95,89,85,83,78,96,107,107,96,97,91,90,38,4,45,77,71,82,87,78,87,80,81,86
ID0934,162,188,179,159,180,161,161,104,181,195,133,144,126,129,143,145,132,149,149,153,133,155,156,161,173
ID0935,126,112,102,71,103,94,114,118,142,121,141,125,126,118,108,110,121,131,142,137,132,129,140,128,135
ID0936,127,145,117,108,113,101,131,99,116,133,126,165,54,121,121,110,94,114,133,132,122,121,143,149,147
ID0937,69,66,136,144,139,135,168,134,150,134,60,159,124,154,140,150,143,146,140,158,179,164,173,167,205
ID0938,18,18,16,21,17,24,108,116,131,123,148,151,133,168,174,183,146,239,287,262,235,210,257,237,275
ID0939,281,307,277,281,255,298,319,319,290,273,324,307,299,292,309,327,326,315,329,323,367,341,335,375,357
ID0940,140,153,25,162,134,130,157,156,197,179,177,171,163,159,149,109,246,181,210,204,202,174,189,193,206
ID0941,105,100,104,104,106,96,92,110,88,81,81,90,73,69,70,76,70,64,77,47,37,27,30,32,25
ID0942,104,112,106,134,113,111,95,115,95,104,117,104,107,117,108,119,102,105,120,108,118,100,127,37,35
ID0943,122,105,108,103,107,104,128,153,122,122,119,114,99,103,116,118,119,110,131,124,118,109,109,118,119
ID0944,261,317,332,286,259,267,215,170,216,345,311,296,287,254,227,201,223,224,267,220,314,285,324,211,182
ID0945,45,32,19,40,46,43,41,43,47,43,43,201,110,105,100,98,108,111,115,125,113,99,106,106,91
ID0946,19,17,17,15,53,63,48,0,23,72,62,71,66,54,48,42,10,2,0,0,1,70,68,70,70
ID0947,31,34,41,35,34,31,60,23,9,29,23,7,16,8,7,26,25,11,7,11,8,14,27,45,43
ID0948,125,98,100,101,108,113,124,135,106,107,139,121,100,94,101,95,104,118,152,136,121,145,111,118,115
ID0949,59,48,60,69,64,74,83,70,55,37,47,56,70,53,64,97,118,110,91,108,56,68,64,67,88
ID0950,77,87,94,86,81,69,103,151,62,83,160,64,48,52,64,66,77,68,172,85,72,117,64,68,51
ID0951,56,214,203,190,200,183,202,177,219,225,218,220,195,210,224,194,223,204,206,205,263,294,305,308,285
ID0952,36,126,125,119,124,108,129,124,135,139,144,141,146,145,137,112,109,93,101,120,107,101,109,97,110
ID0953,139,75,103,90,103,98,101,113,124,112,120,124,105,105,110,129,117,127,138,159,130,128,131,138,134
ID0954,NA,502,156,114,112,137,143,167,NA,149,88,10,149,50,99,164,140,121,106,NA,138,97,84,47,125
ID0955,122,103,81,124,107,101,103,126,136,118,139,138,122,123,118,130,126,113,129,122,134,132,127,130,105
ID0956,143,112,143,113,138,136,174,124,135,113,130,118,113,116,104,120,114,129,136,139,109,138,147,146,152
ID0957,203,202,161,165,143,148,173,176,178,140,80,180,155,181,167,185,186,174,198,174,201,144,177,178,172
ID0958,75,139,141,108,116,96,131,104,144,115,125,129,117,128,105,124,115,136,152,141,129,138,147,147,197
ID0959,145,135,120,120,114,114,146,129,131,95,151,133,128,133,124,130,136,141,154,143,129,129,178,172,138
ID0960,51,107,134,126,61,35,36,16,8,13,28,41,12,78,90,128,40,59,11,25,72,121,4,0,0
ID0961,178,144,157,150,165,143,168,140,181,137,157,145,136,136,142,141,152,164,179,164,156,153,156,169,168
ID0962,124,106,95,84,97,103,103,82,80,102,106,75,96,81,85,75,77,93,127,88,66,89,83,87,109
ID0963,80,79,93,74,70,66,78,65,84,73,80,67,69,74,70,81,68,79,78,89,79,75,84,82,85
ID0964,108,109,109,109,106,133,144,130,111,111,122,124,96,103,92,103,118,130,160,132,114,123,100,116,108
ID0965,384,395,338,369,336,271,279,272,336,321,370,333,271,287,296,396,306,339,362,357,350,327,328,263,260
ID0966,108,128,143,125,104,99,133,131,160,136,178,170,156,149,151,136,120,123,164,150,136,123,128,140,126
ID0967,85,80,74,71,78,68,75,75,71,74,81,80,74,74,82,87,79,79,82,68,73,69,67,63,67
ID0968,130,118,121,115,94,75,77,102,112,101,95,94,81,88,96,109,103,96,106,105,111,113,118,130,139
ID0969,138,151,201,234,171,126,198,201,285,201,208,167,141,153,96,148,147,76,56,20,6,58,50,58,56
ID0970,76,21,60,48,45,56,48,88,72,68,29,67,60,56,54,45,71,68,60,73,74,71,57,97,13
ID0971,80,88,70,87,88,102,97,86,79,94,96,98,71,83,86,98,94,98,99,110,106,102,109,100,96
ID0972,98,90,106,75,89,90,101,109,99,81,113,79,82,93,78,114,103,95,90,94,98,85,98,80,104
ID0973,117,137,121,119,143,137,159,167,168,175,170,196,186,171,146,171,171,168,174,179,169,170,171,168,157
ID0974,147,140,103,84,13,67,21,44,95,75,111,105,79,73,61,60,82,89,95,77,86,82,85,80,74
ID0975,1324,1340,1307,1465,1462,1242,1548,1006,1500,1458,1522,1367,1098,1096,1283,1053,1202,886,1445,466,1084,1158,1171,1019,1191
ID0976,217,213,219,217,211,216,217,240,233,230,227,228,211,213,198,217,211,238,237,214,236,235,230,254,238
ID0977,161,189,175,157,120,151,171,139,127,116,127,119,113,97,89,127,111,115,123,120,112,156,146,147,164
ID0978,168,3,0,58,93,96,88,125,113,122,24,5,81,85,99,114,96,76,84,89,84,65,90,71,65
ID0979,100,84,89,91,85,79,109,107,97,98,107,113,103,93,103,114,98,102,115,108,117,127,118,123,108
ID0980,212,175,187,186,174,159,251,283,333,379,355,385,242,223,265,271,302,319,326,361,322,293,369,284,391
ID0981,152,173,169,194,137,158,185,192,142,144,148,130,110,104,130,56,101,109,118,119,124,108,120,112,89
ID0982,489,537,568,533,414,471,658,523,686,710,630,618,540,597,571,499,524,499,617,426,527,514,545,578,588
ID0983,297,427,282,259,295,302,361,383,429,324,299,323,253,287,278,332,348,390,461,444,409,390,369,308,317
ID0984,127,144,96,90,91,107,116,103,93,80,78,79,75,73,73,106,108,116,126,125,115,127,126,122,142
ID0985,182,208,200,198,185,180,167,204,185,181,193,192,168,207,199,186,184,166,173,205,180,179,191,186,154
ID0986,141,239,181,163,149,168,192,196,185,194,223,346,265,235,264,252,244,197,303,335,270,383,364,380,358
ID0987,279,244,237,293,293,289,332,394,450,509,383,364,277,307,309,268,273,307,354,383,360,289,292,307,332
ID0988,88,78,71,73,66,76,92,115,91,107,101,105,85,93,97,91,98,116,121,98,136,88,11,5,10
ID0989,35,37,40,37,40,41,50,39,44,43,47,42,41,46,43,43,46,54,62,63,38,33,38,51,48
ID0990,80,72,71,65,59,56,66,98,105,88,76,86,74,86,76,78,73,74,78,76,77,80,79,83,82
ID0991,57,45,37,58,67,68,83,89,88,77,75,74,67,104,108,11,45,50,48,50,53,34,48,69,68
ID0992,170,182,8,8,17,11,26,42,59,18,8,2,32,32,46,52,36,39,55,47,52,44,89,89,109
ID0993,120,103,94,99,91,77,86,106,83,97,97,106,99,93,98,89,78,86,87,102,90,93,89,82,94
ID0994,150,147,171,154,151,128,171,184,185,156,144,138,127,122,124,141,125,135,141,146,147,168,151,139,142
ID0995,70,83,91,104,114,85,65,48,0,0,0,0,0,0,0,17,45,22,1,118,104,93,101,91,109
ID0996,18,7,78,170,148,157,76,9,4,4,2,2,2,4,6,43,37,80,65,4,5,11,31,33,11
ID0997,94,50,51,56,59,92,87,83,93,74,69,71,53,49,59,83,75,78,95,102,73,71,90,65,75
ID0998,41,31,31,38,41,35,39,58,49,71,75,63,64,58,22,30,109,84,82,85,81,82,75,84,73
ID0999,99,110,103,107,101,60,88,66,80,73,85,88,68,71,67,74,74,96,57,65,63,70,74,72,71
ID1000,38,60,38,28,28,32,36,50,57,63,67,62,59,68,80,72,31,57,67,76,78,89,80,71,81
ID1001,72,NA,70,80,76,78,86,89,86,77,81,84,93,82,86,81,69,93,111,105,86,86,93,122,99
ID1002,110,103,87,89,81,89,94,97,111,102,74,102,63,59,63,70,76,71,80,89,74,67,69,80,0
ID1003,125,146,135,136,137,154,151,146,138,122,146,149,134,118,135,140,120,119,131,142,153,146,143,154,155
ID1004,33,35,34,14,31,31,18,14,31,20,24,25,21,24,22,10,21,24,20,13,17,21,21,21,21
ID1005,74,50,78,64,73,78,96,100,90,95,100,77,77,75,68,83,80,75,89,85,93,83,87,83,90
ID1006,101,103,90,92,93,79,100,87,100,94,39,104,89,90,89,103,107,107,158,134,117,100,104,121,126
ID1007,119,117,120,117,117,99,118,110,125,116,46,116,103,109,110,114,113,112,121,122,116,112,121,123,136
ID1008,91,103,121,104,105,78,84,91,92,90,38,122,113,109,84,97,105,101,116,117,117,126,133,117,117
ID1009,219,186,223,158,179,165,199,207,208,227,219,205,180,180,186,220,228,241,206,234,221,181,223,226,236
ID1010,83,77,80,79,101,91,104,81,88,73,87,104,39,34,54,58,54,70,114,101,91,107,88,108,111
ID1011,79,92,98,87,95,94,93,88,89,80,101,93,90,96,89,92,93,103,117,102,106,105,111,93,99
ID1012,57,51,44,41,41,39,55,72,79,58,56,49,52,52,29,33,60,60,62,51,60,71,68,54,49
ID1013,136,130,132,142,126,117,146,138,161,149,157,158,151,151,143,156,135,140,136,136,157,143,135,123,124
ID1014,35,44,21,19,18,16,21,21,26,42,9,0,1,0,14,17,25,32,32,31,47,49,37,41,43
ID1015,78,85,77,82,87,68,81,77,80,85,88,82,52,64,63,62,64,58,70,78,64,70,90,87,106
ID1016,95,111,102,109,114,95,113,112,138,130,130,122,100,101,87,87,104,101,106,105,101,105,127,127,131
ID1017,131,124,105,116,111,102,126,137,137,123,127,125,117,118,119,114,128,112,127,146,151,130,139,154,136
ID1018,71,77,67,71,65,60,56,48,62,75,78,76,70,68,65,68,61,64,69,63,62,62,66,69,67
ID1019,88,80,83,82,88,79,95,91,89,92,81,87,78,85,81,78,80,84,72,116,82,88,80,82,80
ID1020,38,37,32,27,29,35,37,33,33,52,43,50,60,69,71,75,87,79,85,249,36,2,44,49,43
ID1021,51,43,42,52,60,45,47,45,53,42,54,44,40,39,34,35,34,28,42,48,48,31,39,32,38
ID1022,0,0,0,0,0,0,93,101,109,136,129,141,154,77,43,45,58,69,46,76,71,93,94,75,82
ID1023,116,116,48,75,66,80,88,98,89,63,56,69,76,75,89,93,93,105,94,109,87,91,84,101,98
ID1024,61,85,74,76,62,55,87,84,140,148,233,162,131,130,90,91,89,115,127,163,166,160,166,177,166
ID1025,153,168,165,192,162,177,147,137,175,174,149,143,122,128,122,126,118,127,120,150,159,152,149,138,145
ID1026,65,62,63,63,48,57,63,55,66,63,63,60,59,64,63,67,48,48,53,54,62,62,66,91,71
ID1027,115,113,102,104,102,89,117,103,132,114,131,121,118,122,117,122,131,119,147,122,68,119,82,78,90
ID1028,113,163,173,156,138,132,184,210,218,202,207,250,155,144,152,155,172,259,424,311,287,187,233,257,235
ID1029,86,74,74,53,91,83,102,64,116,93,124,106,71,89,129,104,40,111,119,98,59,56,84,61,61
ID1030,180,174,174,159,156,147,170,141,136,145,150,156,127,136,146,148,141,142,158,143,121,121,131,132,132
ID1031,127,114,107,104,96,106,127,147,130,117,120,126,115,121,144,174,115,111,135,121,124,133,137,138,153
ID1032,68,86,64,46,69,74,72,59,87,87,70,74,76,66,78,72,66,100,104,97,87,81,89,100,87
ID1033,72,73,69,68,58,47,55,47,57,53,57,56,55,53,55,57,59,58,60,54,51,59,62,58,59
ID1034,90,100,87,93,88,86,101,99,100,100,103,90,101,90,100,101,98,87,113,113,103,99,130,113,118
ID1035,41,29,32,34,36,35,41,30,44,43,37,36,31,37,36,34,36,36,29,37,38,42,50,49,61
ID1036,101,92,102,95,94,77,99,96,100,97,109,104,92,94,96,92,86,105,106,105,93,88,89,109,119
ID1037,103,94,85,84,80,69,77,77,79,74,68,87,85,83,80,73,81,74,98,113,104,89,92,87,96
ID1038,0,45,59,82,106,93,102,97,141,92,44,31,32,99,134,115,143,139,124,138,121,130,130,132,89
ID1039,191,192,174,173,170,175,202,208,194,187,228,177,137,129,146,140,154,156,200,157,160,155,159,128,149
ID1040,166,130,116,119,132,148,159,245,155,143,168,143,149,129,161,131,164,168,172,161,163,160,192,160,163
ID1041,191,135,125,127,108,1,91,90,0,10,58,62,48,29,48,61,68,139,165,7,4,37,129,101,66
ID1042,133,127,126,109,121,NA,235,122,135,135,123,120,118,124,112,110,140,109,110,117,59,166,110,89,86
ID1043,267,254,292,270,250,172,220,171,178,155,166,146,152,169,143,170,153,157,194,139,145,134,114,110,96
ID1044,102,81,79,81,116,94,122,93,123,117,132,107,72,93,107,102,107,138,48,41,66,112,135,136,158
ID1045,12,11,10,11,8,10,9,10,9,8,9,9,10,10,8,7,6,9,9,10,10,8,10,9,9
ID1046,213,220,207,229,251,229,332,242,255,222,192,151,144,152,128,142,168,167,221,174,222,206,174,197,185
ID1047,104,69,46,60,72,66,83,76,80,71,78,78,63,79,77,68,72,81,75,76,65,75,85,84,92
ID1048,98,86,83,73,77,65,74,68,57,56,50,53,49,45,43,46,45,42,47,46,49,44,41,43,46
ID1049,92,116,96,103,98,83,89,100,101,86,92,53,40,85,78,136,122,126,125,55,91,64,71,54,84
ID1050,17,6,10,83,99,91,87,112,106,118,120,127,113,115,114,122,122,117,125,131,117,113,107,111,121
ID1051,434,312,148,482,326,258,335,188,606,164,606,332,129,288,398,491,476,498,365,612,463,353,291,277,181
ID1052,109,30,19,75,26,84,70,84,105,94,81,95,139,177,181,130,133,80,87,96,71,70,99,55,80
ID1053,260,219,212,247,208,234,265,205,192,23,96,93,100,116,137,163,161,141,163,184,133,0,99,125,33
ID1054,NA,224,114,259,254,180,252,325,288,273,256,338,237,269,270,266,294,340,346,376,348,261,282,320,316
ID1055,151,108,89,96,104,85,91,86,90,97,86,82,73,79,61,59,66,72,84,83,91,84,82,82,76
ID1056,98,95,95,87,84,83,92,107,90,82,104,101,111,108,99,130,102,79,78,78,87,94,96,93,NA
ID1057,156,143,129,133,144,126,139,155,162,146,138,138,155,207,164,196,153,213,186,141,171,170,176,173,183
ID1058,93,87,91,81,82,87,110,99,118,104,122,107,104,103,108,96,114,126,125,119,106,114,113,112,121
ID1059,119,91,91,90,82,88,106,107,111,98,121,104,101,94,93,96,98,104,117,113,94,96,106,121,96
ID1060,36,40,37,5,62,81,59,0,0,0,0,20,36,39,41,47,47,37,42,46,29,19,50,50,61
ID1061,18,39,27,18,41,23,28,8,32,38,52,56,39,47,45,26,0,0,44,85,128,168,159,112,111
ID1062,90,92,90,95,88,102,97,108,113,101,103,114,78,92,77,92,94,133,132,137,92,93,104,103,103
ID1063,45,38,35,41,43,39,36,46,39,47,42,43,38,39,40,40,44,33,36,38,10,12,13,11,11
ID1064,NA,NA,NA,NA,65,44,46,49,55,50,60,55,58,51,46,46,49,52,61,56,56,54,58,74,74
ID1065,149,165,139,146,158,140,170,148,142,141,150,168,178,170,152,72,157,146,126,141,133,111,119,161,179
ID1066,102,95,109,92,97,111,136,130,149,141,107,112,103,122,143,113,109,108,132,165,123,114,144,170,127
ID1067,111,148,116,111,133,115,128,150,127,131,135,121,116,149,123,119,152,131,145,120,146,122,135,131,120
ID1068,59,55,67,59,61,43,51,51,62,120,133,136,113,117,106,56,73,58,87,52,88,63,70,75,83
ID1069,65,59,78,88,79,75,86,58,56,56,57,60,57,68,65,56,68,55,60,69,62,67,71,65,73
ID1070,95,115,112,104,94,102,147,131,126,95,111,115,90,114,52,58,101,114,104,103,85,25,81,80,68
ID1071,187,174,168,178,180,171,207,209,210,197,213,212,207,180,175,191,223,220,233,230,226,239,219,248,265
ID1072,82,83,76,96,96,98,107,106,112,97,112,94,82,89,82,76,74,81,78,82,79,84,88,89,83
ID1073,87,93,94,89,96,93,95,111,99,92,99,107,96,83,88,93,88,89,104,106,98,74,74,75,75
ID1074,NA,NA,256,136,134,146,177,199,168,175,175,162,149,148,153,157,148,147,178,186,161,168,170,165,175
ID1075,46,47,49,50,48,42,47,49,47,46,46,43,43,49,42,45,47,49,50,51,55,47,53,47,54
ID1076,73,74,66,76,73,56,70,74,71,67,61,70,66,64,57,69,67,66,76,78,65,61,69,64,73
ID1077,89,71,50,41,51,88,99,105,104,93,73,120,106,77,72,83,80,81,111,115,88,116,114,89,80
ID1078,72,145,145,128,133,165,196,229,249,250,225,222,154,181,149,168,164,322,119,191,179,200,130,126,131
ID1079,449,345,376,396,372,156,457,330,347,351,397,379,330,336,406,486,334,405,376,389,367,242,357,332,342
ID1080,100,114,97,111,106,109,121,119,129,137,114,108,102,116,104,108,108,105,115,104,113,113,100,102,108
ID1081,102,119,108,104,100,96,114,101,106,102,97,80,80,85,79,82,94,115,133,112,106,114,110,92,110
ID1082,54,92,115,31,21,28,25,29,33,35,40,32,39,39,35,36,37,47,43,41,37,30,0,NA,NA
ID1083,114,112,104,111,109,115,140,126,113,111,117,116,106,101,112,115,113,102,130,134,134,138,119,120,109
ID1084,243,236,267,275,305,294,175,239,557,336,235,49,293,304,175,103,269,369,465,319,401,428,62,109,74
ID1085,54,53,55,62,54,49,56,75,73,62,78,55,53,62,46,49,48,53,41,60,47,55,71,84,71
ID1086,195,171,181,159,158,71,0,NA,NA,NA,NA,NA,NA,294,167,172,180,178,167,171,168,168,162,175,189
ID1087,106,78,64,55,58,58,56,54,92,72,92,144,126,132,137,121,136,150,153,176,127,114,88,80,78
ID1088,130,NA,171,119,96,106,152,133,39,36,38,41,43,32,47,71,56,82,65,73,74,63,66,102,108
ID1089,235,196,211,196,251,209,145,230,175,179,240,220,160,170,226,204,209,204,236,256,192,194,230,217,234
ID1090,104,115,107,107,100,95,117,113,107,104,78,64,46,33,42,41,26,37,44,37,30,19,29,27,42
ID1091,114,109,116,125,103,98,119,108,118,125,123,136,109,116,115,135,123,132,148,157,138,124,131,116,112
ID1092,68,73,73,71,84,76,104,104,103,93,110,106,104,102,96,96,89,100,95,109,129,124,116,113,116
ID1093,125,131,114,97,108,72,84,86,89,62,100,80,79,86,81,98,83,86,131,88,0,0,0,0,0
ID1094,366,330,346,375,333,336,387,367,393,353,401,295,296,317,351,415,408,434,519,542,403,405,401,414,406
ID1095,61,74,49,66,56,49,53,58,59,74,65,63,61,64,69,52,57,58,55,54,51,50,46,24,52
ID1096,108,107,116,127,90,97,83,110,123,110,110,96,103,92,105,102,88,126,155,192,180,173,174,192,181
ID1097,290,356,368,492,63,80,101,156,209,163,NA,NA,0,0,0,121,166,38,0,0,0,1,0,1206,943
ID1098,84,71,62,63,63,65,45,127,69,93,94,86,90,81,95,94,99,98,115,108,93,92,98,37,NA
ID1099,28,33,27,17,15,19,17,22,22,25,26,28,29,22,28,20,18,19,19,21,20,8,31,18,20
ID1100,124,155,164,134,98,105,131,149,148,161,74,102,91,90,94,152,163,150,164,155,160,152,144,98,52
ID1101,67,78,231,246,209,280,302,255,342,325,354,209,178,121,137,218,233,273,336,349,295,272,319,326,332
ID1102,116,129,135,119,113,128,140,113,139,136,139,138,136,145,152,156,147,138,166,143,160,166,170,162,194
ID1103,130,137,143,133,160,92,129,127,139,115,109,122,114,118,108,118,124,127,134,129,128,129,128,125,131
ID1104,71,67,66,68,74,72,79,66,79,76,65,63,50,41,33,51,52,47,53,51,52,47,49,52,43
ID1105,83,76,67,68,68,64,73,78,81,75,83,89,73,74,70,81,81,87,90,90,90,85,90,69,100
ID1106,9,11,7,8,8,8,8,0,10,144,116,139,125,139,131,142,138,126,161,166,146,150,161,152,165
ID1107,124,85,74,36,47,64,79,68,74,107,84,79,50,53,57,42,89,87,109,83,112,91,117,117,70
ID1108,259,207,208,219,201,328,252,243,223,208,248,254,171,177,184,167,190,198,255,277,228,239,261,249,795
ID1109,27,28,23,26,25,25,34,38,47,30,26,26,16,22,16,22,20,23,30,34,23,32,29,28,34
ID1110,134,154,151,163,164,145,193,183,193,185,201,190,186,180,157,156,162,167,188,186,190,212,194,218,214
ID1111,239,180,170,159,159,178,199,256,212,215,234,219,217,213,219,208,219,217,203,286,263,248,298,312,455
ID1112,45,50,51,63,54,63,20,68,36,47,38,56,10,28,27,57,42,40,37,71,42,17,26,57,34
ID1113,2,1,2,0,0,1,62,83,87,82,96,90,82,79,79,76,71,76,93,70,76,80,69,67,73
ID1114,273,197,197,148,153,190,190,234,283,245,251,321,181,181,240,197,206,222,328,282,361,229,243,284,261
ID1115,2,5,2,4,2,122,215,216,191,195,227,224,222,218,203,200,148,149,166,183,191,187,168,48,0
ID1116,85,98,112,72,80,54,63,50,64,18,27,24,36,42,56,104,35,34,39,36,35,35,36,41,49
ID1117,103,105,104,120,100,100,117,101,104,102,105,122,NA,NA,NA,124,109,100,123,115,112,113,120,117,99
ID1118,102,112,64,43,61,54,87,65,71,66,100,52,57,63,60,58,35,28,41,45,38,41,43,51,45
ID1119,79,72,64,76,71,68,85,61,59,108,121,44,38,48,44,48,59,61,59,57,49,47,56,65,60
ID1120,24,28,21,27,19,16,20,18,11,34,39,43,27,22,30,34,35,28,33,47,69,43,34,41,85
ID1121,230,166,208,253,314,345,301,162,150,158,158,173,138,185,137,128,141,145,189,161,174,196,165,169,174
ID1122,141,153,134,145,132,125,139,157,150,123,139,157,119,113,128,128,135,145,111,5,29,52,55,59,70
ID1123,86,100,93,91,83,88,85,85,76,85,108,101,87,96,99,102,104,92,107,100,94,86,106,96,94
ID1124,142,130,140,156,154,142,159,154,169,142,138,157,123,111,100,113,93,88,98,99,83,88,91,93,83
ID1125,66,61,33,86,52,39,42,54,70,81,71,38,65,56,4,75,73,56,61,68,67,63,121,121,103
ID1126,303,328,317,324,295,299,330,401,337,340,83,11,149,193,270,219,218,194,264,260,261,260,229,233,255
ID1127,NA,541,274,273,246,212,262,230,243,215,235,186,207,250,239,256,233,218,239,279,274,266,264,271,292
ID1128,192,166,190,150,151,154,160,147,186,153,161,184,158,155,136,150,139,149,204,194,175,185,177,192,235
ID1129,41,29,43,39,36,38,41,44,46,44,44,42,41,37,37,38,40,41,49,45,46,43,44,41,44
ID1130,75,102,96,87,87,79,95,91,118,103,71,65,53,55,112,43,44,184,96,184,95,44,45,52,48
ID1131,194,119,125,152,145,126,140,143,148,146,138,90,80,92,115,116,117,173,137,121,121,128,125,113,121
ID1132,856,759,713,695,770,719,714,729,880,990,1025,1101,767,892,807,706,919,1057,1172,1416,1195,998,894,928,840
ID1133,69,75,68,69,62,71,81,83,78,75,78,75,76,66,64,74,70,74,83,66,69,70,82,75,82
ID1134,125,131,125,123,110,111,144,139,147,145,152,159,139,124,123,135,123,131,147,134,140,134,146,141,154
ID1135,69,65,58,45,62,59,58,60,75,76,74,67,54,66,64,54,55,54,60,56,70,69,67,64,61
ID1136,75,80,77,68,74,76,75,99,98,87,85,90,85,87,85,85,89,87,103,90,85,86,92,90,77
ID1137,83,75,78,57,26,24,27,16,0,1,0,170,232,142,97,89,64,11,20,9,12,4,0,NA,3
ID1138,93,90,90,92,87,86,99,102,114,105,106,114,97,104,104,107,113,99,109,116,101,98,108,113,120
ID1139,145,141,131,130,138,123,146,152,166,152,174,168,136,124,136,139,142,127,NA,183,43,80,88,93,125
ID1140,90,106,97,100,103,76,93,84,93,96,83,69,70,73,70,70,69,74,72,70,90,103,93,93,96
ID1141,136,142,143,138,144,127,158,156,162,160,151,157,141,122,122,135,140,140,144,130,145,138,135,141,145
ID1142,335,364,296,320,332,285,558,370,480,0,1122,NA,731,422,405,520,121,494,581,565,452,479,507,554,497
ID1143,113,106,104,113,94,82,107,111,111,94,105,124,91,100,108,109,99,90,103,107,110,93,98,104,130
ID1144,0,13,61,132,43,30,0,10,54,13,138,137,80,241,245,296,328,184,184,215,219,206,207,247,230
ID1145,100,95,97,94,103,82,114,111,111,111,113,113,88,92,92,110,103,97,120,103,107,118,120,115,110
ID1146,78,79,81,79,72,70,78,78,83,78,83,85,83,77,80,84,84,80,88,84,86,81,85,85,82
ID1147,20,23,140,110,79,97,138,146,142,132,135,154,142,153,159,168,125,100,151,164,122,113,120,114,122
ID1148,333,315,404,395,405,419,514,510,516,505,453,564,488,420,404,475,477,543,658,538,444,430,463,417,420
ID1149,216,212,243,23,14,14,18,21,14,15,31,58,40,40,196,239,261,247,205,98,14,66,66,64,92
ID1150,117,103,115,105,121,90,117,139,156,119,130,127,127,136,119,125,169,136,125,126,111,114,123,91,109
ID1151,118,132,114,105,102,93,114,120,113,116,115,101,97,99,105,98,106,114,137,199,129,148,134,172,143
ID1152,52,52,49,52,50,46,49,52,50,50,59,52,51,45,48,47,51,55,56,71,47,54,50,47,49
ID1153,82,86,79,89,69,75,73,68,73,78,79,75,66,74,81,76,89,93,90,85,78,95,69,70,90
ID1154,31,28,34,22,33,23,27,26,32,26,26,31,25,28,29,29,35,31,26,30,60,54,45,43,43
ID1155,39,42,32,38,37,36,45,48,56,65,73,72,66,60,53,54,58,60,68,66,64,57,59,60,60
ID1156,161,165,161,165,162,139,161,167,163,172,172,159,153,134,131,124,128,145,168,180,184,158,171,147,152
ID1157,78,86,54,75,59,53,72,57,62,65,66,52,53,60,54,71,57,60,53,73,59,59,68,61,72
ID1158,77,58,65,63,62,56,50,84,114,116,125,89,61,88,76,82,68,79,97,68,65,65,81,70,71
ID1159,427,358,357,333,353,326,363,398,375,407,389,429,397,391,391,423,395,337,443,408,424,370,440,361,428
ID1160,42,69,103,91,78,36,65,55,90,77,122,108,118,79,73,113,67,69,69,51,9,38,23,58,18
ID1161,163,161,122,77,86,78,115,98,106,87,96,71,78,77,77,77,117,92,96,81,83,76,95,93,91
ID1162,4,2,2,3,0,2,0,3,26,21,5,3,9,7,NA,NA,21,62,61,55,27,3,7,7,6
ID1163,179,126,160,178,182,244,445,520,581,627,564,563,311,201,313,322,346,444,487,532,439,389,367,410,484
ID1164,173,141,138,147,175,165,168,176,158,173,168,150,129,143,143,130,170,189,161,147,138,135,158,146,140
ID1165,955,648,643,722,957,1020,1052,1035,1197,680,1109,1589,470,799,897,827,1025,1180,1226,1289,1318,1286,1138,1219,1108
ID1166,95,87,77,95,68,69,86,83,88,84,76,76,85,81,82,90,82,90,103,93,85,86,80,69,91
ID1167,94,96,105,92,88,88,115,118,106,102,133,139,118,129,99,126,137,98,127,152,122,117,106,107,116
ID1168,192,184,114,80,70,74,83,90,88,92,80,109,263,113,75,74,84,85,85,95,91,90,83,83,77
ID1169,53,60,56,58,46,51,48,55,51,50,50,52,54,59,54,51,49,53,63,46,46,52,52,54,54
ID1170,0,0,0,0,0,0,0,0,0,0,0,0,0,0,24,27,37,82,68,40,25,36,91,106,117
ID1171,82,89,85,80,82,96,96,99,103,101,109,106,94,114,124,137,106,111,131,147,133,141,135,124,132
ID1172,29,50,17,22,32,13,17,13,30,18,16,45,42,52,46,38,42,44,56,47,42,38,25,22,35
ID1173,31,24,17,20,20,18,22,20,22,19,35,35,22,27,25,23,25,27,30,25,24,20,25,24,24
ID1174,43,37,39,2,79,37,47,35,43,47,110,120,87,44,41,39,41,43,43,40,44,39,37,40,40
ID1175,216,220,216,224,217,201,224,197,230,241,211,229,227,221,240,237,206,224,237,253,213,258,239,231,257
ID1176,242,288,287,315,298,252,261,288,299,193,280,211,204,274,293,293,316,302,303,371,0,342,218,330,408
ID1177,176,239,271,285,309,288,294,310,284,244,250,256,188,197,214,209,235,284,314,199,194,234,249,177,196
ID1178,57,70,72,48,43,33,27,32,17,21,31,26,23,47,53,20,19,19,23,17,9,16,23,20,13
ID1179,20,28,39,37,33,33,33,33,33,29,33,37,30,33,35,36,23,37,44,39,38,33,14,3,10
ID1180,202,194,204,195,188,194,186,181,141,118,121,129,134,135,133,127,141,150,134,129,115,124,105,95,123
ID1181,47,108,94,108,110,99,131,103,85,91,96,99,90,122,130,44,16,12,10,1,9,12,22,27,43
ID1182,97,89,53,52,52,63,89,106,84,53,83,77,89,48,54,60,64,56,75,56,57,55,82,85,76
ID1183,304,273,255,190,178,188,210,226,268,248,324,283,255,254,220,248,237,209,271,290,268,76,320,130,213
ID1184,230,261,265,341,141,413,163,782,782,724,642,832,288,326,327,380,453,735,1012,912,557,362,384,508,496
ID1185,2,2,2,1,2,7,1,0,2,3,12,8,75,88,83,82,68,66,81,61,73,65,71,73,62
ID1186,34,67,32,55,60,73,79,37,9,1,4,78,23,26,55,61,73,48,31,28,53,58,52,77,65
ID1187,74,79,68,71,59,58,78,66,68,65,64,57,58,57,58,69,66,68,72,78,74,71,72,72,70
ID1188,233,248,246,206,232,228,236,251,234,242,253,265,206,256,169,250,273,279,314,284,274,260,278,271,273
ID1189,166,174,173,132,140,144,176,232,225,250,210,272,169,167,176,185,183,246,385,332,325,239,274,188,210
ID1190,66,40,22,21,20,18,35,52,34,33,42,37,49,44,32,19,20,19,21,31,28,25,28,19,39
ID1191,181,197,206,215,233,221,244,237,246,230,214,225,177,197,197,198,228,266,234,198,204,191,226,203,220
ID1192,126,122,127,112,108,117,155,129,130,126,141,127,134,82,76,67,76,79,90,88,84,80,92,94,92
ID1193,237,193,4,140,201,179,184,169,206,211,185,177,198,186,171,186,135,114,159,185,215,246,253,260,250
ID1194,92,90,89,75,78,71,70,60,67,68,89,73,83,68,69,79,77,75,90,88,77,85,69,76,95
ID1195,NA,NA,NA,NA,40,28,29,42,33,26,30,30,28,28,25,26,29,26,27,30,35,42,48,37,31
ID1196,201,186,208,186,187,184,235,260,230,184,179,286,216,202,234,212,148,152,251,277,218,263,253,234,254
ID1197,68,177,112,187,176,165,200,186,212,193,203,218,194,206,193,207,215,186,217,199,214,206,204,208,200
ID1198,54,59,46,53,50,51,48,48,43,45,59,42,54,43,54,60,55,45,50,65,51,49,49,46,53
ID1199,144,131,153,140,151,127,161,129,136,124,159,102,116,124,128,130,123,147,144,164,143,131,136,134,125
ID1200,68,58,63,40,43,92,87,93,111,113,88,108,94,96,96,125,107,95,100,111,127,86,108,97,107
ID1201,107,112,111,112,119,103,109,128,119,110,121,108,115,104,106,115,111,106,117,119,118,114,112,107,109
ID1202,103,111,97,97,90,88,99,99,99,106,104,112,97,100,103,107,93,97,102,103,100,100,105,99,108
ID1203,134,133,124,151,156,160,216,170,205,199,215,181,165,176,176,200,222,262,244,222,166,151,206,188,188
ID1204,10,38,86,64,52,17,70,90,89,73,78,74,74,86,78,82,73,75,81,77,66,67,80,74,84
ID1205,139,141,135,146,134,0,138,136,179,184,182,158,101,158,188,192,190,200,226,203,197,189,247,211,348
ID1206,105,114,68,60,78,69,68,83,53,54,54,51,45,48,49,55,55,100,98,71,105,80,44,46,47
ID1207,65,58,60,62,65,67,66,61,81,59,55,59,63,63,64,70,71,71,81,57,62,56,65,66,69
ID1208,293,285,282,246,241,236,257,253,285,267,302,322,276,298,286,312,309,294,335,345,360,306,328,358,350
ID1209,112,139,144,107,120,44,46,47,51,92,70,189,102,75,104,86,60,73,81,62,98,120,95,73,94
ID1210,50,55,55,55,54,52,56,53,52,50,51,57,55,53,56,54,54,43,50,45,53,57,77,78,71
ID1211,207,158,118,131,125,124,142,146,167,158,163,167,137,147,139,145,145,164,167,154,146,155,156,141,156
ID1212,100,88,84,82,75,76,93,82,89,83,93,113,113,121,96,77,78,92,110,100,89,96,111,101,99
ID1213,14,13,10,10,13,16,10,27,13,87,93,95,84,84,85,85,87,88,84,131,94,92,60,188,128
ID1214,488,398,410,376,438,473,561,475,461,466,527,322,354,367,393,346,352,569,680,423,227,280,328,414,430
ID1215,107,104,90,91,90,84,99,79,98,86,74,93,79,90,91,77,87,96,102,93,90,90,97,94,91
ID1216,123,89,87,75,54,60,76,81,157,135,126,125,72,85,77,64,74,142,NA,0,344,69,69,58,69
ID1217,70,96,94,99,91,71,79,103,114,103,108,131,110,109,106,105,114,120,129,123,111,111,120,117,140
ID1218,89,82,71,62,63,56,75,74,71,67,89,71,59,63,55,39,65,80,64,82,58,62,67,64,68
ID1219,87,58,70,49,55,64,59,62,64,56,68,76,56,60,48,58,89,98,124,90,92,96,107,104,166
ID1220,78,86,78,73,68,70,75,75,85,79,83,86,77,82,76,80,79,78,141,114,104,108,115,115,121
ID1221,NA,27,7,6,11,48,57,64,68,59,73,69,76,95,101,109,100,86,94,81,106,116,104,93,94
ID1222,105,67,60,0,0,0,1,1,0,0,0,2,0,0,64,105,133,149,132,161,130,113,141,118,124
ID1223,154,130,121,125,125,132,63,51,69,48,49,59,75,75,64,76,87,65,48,45,49,35,49,62,41
ID1224,121,102,123,111,110,100,136,133,127,121,116,367,224,301,399,104,114,97,242,122,120,116,110,110,225
ID1225,111,105,105,102,114,126,113,87,108,102,78,73,73,71,44,198,180,200,115,252,172,183,194,184,183
ID1226,19,19,37,2,0,0,0,0,0,0,14,27,16,29,18,8,13,14,21,10,2,0,17,24,16
ID1227,200,209,196,210,211,207,234,203,286,295,237,259,364,336,260,249,239,235,241,245,267,247,243,269,301
ID1228,236,218,248,263,242,199,213,210,207,176,183,179,192,49,70,85,93,91,35,178,205,240,218,209,207
ID1229,190,169,188,172,172,181,207,210,206,208,198,202,204,205,209,211,206,185,226,224,213,206,215,204,211
ID1230,131,126,135,135,121,118,139,140,136,136,130,144,123,132,122,134,143,141,147,142,148,139,152,138,150
ID1231,143,140,120,113,108,118,140,143,137,140,146,152,134,129,130,132,142,135,148,151,170,130,112,124,136
ID1232,92,98,90,120,110,103,110,113,132,118,135,115,116,111,98,115,119,86,87,88,118,98,136,102,104
ID1233,119,122,117,137,106,120,110,130,86,86,83,74,74,72,87,84,84,84,90,105,106,124,120,114,118
ID1234,108,107,97,121,110,144,127,97,88,128,128,130,77,65,61,74,69,70,85,76,78,84,80,84,81
ID1235,17,74,77,65,69,70,71,84,96,92,91,96,83,95,89,91,93,93,100,85,21,86,141,173,219
ID1236,210,182,176,178,181,172,187,195,203,204,218,213,236,177,190,217,198,201,216,199,185,184,223,207,226
ID1237,169,170,133,144,138,134,171,138,34,0,22,98,92,103,94,116,119,119,191,228,199,205,179,160,206
ID1238,123,123,110,105,118,111,127,114,117,120,116,106,90,105,105,101,103,123,128,118,104,114,110,107,109
ID1239,77,85,74,82,58,72,98,42,41,36,43,45,39,36,40,43,35,40,33,27,31,46,29,11,28
ID1240,217,195,126,126,112,111,121,117,168,153,137,136,121,133,135,138,126,171,201,165,183,146,131,136,177
ID1241,51,47,45,46,48,43,54,50,54,55,66,61,79,63,55,55,59,60,65,66,67,55,62,60,57
ID1242,10,9,10,12,12,13,11,13,8,8,11,8,1,1,1,1,0,1,3,7,9,10,9,4,5
ID1243,65,65,63,78,75,57,57,52,54,54,56,59,53,58,58,60,56,49,71,79,66,76,77,82,80
ID1244,226,207,203,221,184,193,230,227,231,229,251,234,224,200,214,260,236,230,263,269,231,240,248,257,235
ID1245,70,68,74,73,70,63,79,96,86,81,98,137,98,86,95,105,105,92,97,126,61,65,75,79,78
ID1246,139,122,126,128,121,117,137,149,158,136,135,138,124,135,138,120,128,137,160,159,134,127,152,151,148
ID1247,90,90,90,0,118,31,31,31,31,31,31,31,30,30,2257,258,223,250,244,239,623,587,115,229,190
ID1248,71,70,80,73,52,59,66,56,75,66,59,57,51,57,49,41,72,69,84,72,82,85,98,79,92
ID1249,125,105,98,69,76,68,151,115,133,171,89,101,152,170,147,125,150,170,205,185,189,299,85,144,233
ID1250,99,91,76,79,63,57,60,59,69,65,72,106,88,103,99,84,80,75,85,73,99,81,85,90,90
ID1251,249,236,237,222,234,237,274,297,254,261,265,285,226,225,234,236,304,289,315,251,264,220,239,255,225
ID1252,112,100,102,92,60,51,27,31,38,33,45,17,30,154,114,135,132,119,137,60,50,60,67,61,65
ID1253,92,85,78,86,88,67,87,78,96,81,43,50,76,182,58,166,199,178,200,216,189,183,190,195,183
ID1254,165,166,174,167,164,139,163,159,167,161,155,157,82,153,158,158,168,158,183,179,165,151,151,157,155
ID1255,98,NA,100,102,26,116,157,190,183,93,95,105,143,149,165,179,174,176,221,195,206,90,73,86,95
ID1256,196,62,125,140,140,118,156,165,153,141,156,161,150,168,162,170,189,197,187,169,178,108,151,117,131
ID1257,135,153,152,153,149,146,141,139,148,147,143,152,154,146,120,132,127,102,86,126,121,106,105,102,100
ID1258,107,104,104,113,98,88,114,115,120,115,126,120,108,109,115,120,123,118,144,151,135,130,107,109,105
ID1259,57,52,58,51,45,42,51,35,12,29,34,66,33,42,25,28,30,30,59,38,34,29,26,17,14
ID1260,0,0,0,0,0,6,2,0,0,0,0,0,0,0,0,0,0,0,0,0,0,0,0,0,0
ID1261,71,71,71,65,69,71,89,63,64,69,86,90,67,54,56,74,78,92,105,82,81,80,77,55,0
ID1262,291,303,314,356,316,310,345,357,355,371,395,392,406,396,348,390,592,0,704,747,622,576,659,590,602
ID1263,129,122,110,113,126,117,128,114,119,116,124,118,130,112,104,114,121,112,128,106,113,103,118,118,124
ID1264,71,63,62,60,56,59,77,79,67,64,75,69,53,53,57,59,61,66,69,66,66,60,62,65,68
ID1265,94,79,97,96,91,89,95,109,130,126,136,130,122,136,123,110,113,123,134,25,40,21,97,83,146
ID1266,83,66,54,34,33,31,55,63,68,59,71,55,52,52,49,39,42,36,49,66,48,46,48,49,48
ID1267,110,127,131,139,127,104,124,120,132,134,132,158,137,141,119,149,123,117,126,150,148,158,160,154,150
ID1268,104,86,114,127,100,36,39,29,32,15,47,41,30,27,47,82,60,105,76,57,33,44,51,53,48
ID1269,0,0,0,0,0,9,12,15,0,0,0,0,0,0,0,0,0,0,0,0,0,0,0,5,0
ID1270,99,138,114,90,93,84,83,84,108,60,83,80,80,80,68,70,83,68,79,87,88,67,96,83,92
ID1271,200,206,190,199,174,170,204,198,192,210,222,200,200,201,199,203,192,191,194,195,196,200,197,203,190
ID1272,573,603,564,554,546,488,534,516,374,534,640,590,552,739,724,660,673,536,577,571,542,588,692,623,474
ID1273,200,248,190,238,225,206,259,423,441,377,345,369,360,308,380,371,386,485,473,372,423,371,404,403,403
ID1274,143,129,145,146,146,148,166,158,168,171,162,170,171,139,160,151,147,150,146,157,174,173,164,169,155
ID1275,139,132,129,115,101,114,113,122,115,99,141,145,104,99,92,115,105,91,134,163,162,145,150,152,128
ID1276,88,98,82,86,96,64,77,80,103,86,93,82,83,70,103,82,76,81,97,111,93,91,87,84,86
ID1277,206,190,160,175,141,140,186,185,195,196,186,204,190,179,200,195,165,213,277,265,207,213,0,343,126
ID1278,79,80,79,82,79,85,84,99,110,95,90,68,54,44,74,63,68,68,70,69,51,50,103,100,115
ID1279,2,4,2,15,121,161,161,91,42,39,72,110,131,165,138,177,182,164,189,173,161,182,197,118,106
ID1280,60,71,25,25,38,54,62,60,76,60,82,60,42,43,37,39,39,35,32,39,32,27,27,29,44
ID1281,64,70,65,77,68,64,69,59,59,58,64,61,51,62,65,67,72,66,60,66,45,51,50,50,49
ID1282,393,207,250,343,223,261,0,524,353,326,0,439,0,472,356,460,351,133,376,452,334,314,250,352,375
ID1283,108,111,121,103,106,65,108,127,115,109,92,105,110,101,109,97,90,115,133,124,133,122,133,144,152
ID1284,753,852,741,741,611,681,865,504,693,564,532,687,560,594,590,580,661,920,1130,1182,1035,904,938,807,959
ID1285,11,9,6,5,5,5,5,5,4,5,5,4,8,5,5,6,6,7,5,64,0,0,0,0,0
ID1286,57,53,50,54,42,46,50,78,65,60,67,66,51,54,57,66,59,63,77,92,67,72,72,70,90
ID1287,312,297,285,266,252,240,338,363,417,417,340,418,325,308,280,274,285,262,299,326,337,418,416,333,342
ID1288,118,102,108,109,107,108,149,185,171,163,162,178,174,173,185,179,165,156,209,191,192,205,190,199,203
ID1289,20,0,0,0,0,0,0,0,0,0,0,0,0,0,1,2,17,29,34,19,27,21,29,21,26
ID1290,208,208,203,194,176,139,248,319,217,232,222,212,231,229,222,240,245,237,257,271,231,216,258,247,498
ID1291,81,59,51,79,75,68,83,77,87,90,93,83,89,86,78,100,84,93,96,90,92,98,103,117,86
ID1292,233,224,217,241,253,245,272,232,236,206,219,194,214,222,165,245,224,196,191,218,212,217,198,219,201
ID1293,74,79,83,100,48,0,0,0,0,5,1,0,0,0,0,0,0,3,2,0,3,6,0,0,0
ID1294,92,92,79,57,47,50,4,3,2,2,0,1,0,0,0,0,0,0,0,0,0,0,1,0,0
ID1295,91,92,76,75,88,74,106,114,117,111,105,101,72,79,82,71,67,67,64,63,58,94,101,112,72
ID1296,100,86,82,90,76,84,87,98,95,89,88,100,85,85,83,89,84,96,111,118,105,92,97,115,106
ID1297,77,77,88,89,79,50,64,70,86,78,54,50,55,45,53,41,50,48,41,41,66,73,89,140,131
ID1298,110,96,45,158,87,102,142,148,143,97,114,92,80,86,89,95,89,123,120,140,110,184,189,186,182
ID1299,123,125,122,135,122,112,112,120,135,113,95,111,103,106,92,97,111,131,126,131,112,114,145,121,114
ID1300,87,121,129,117,116,114,129,126,133,113,97,96,71,65,79,86,67,73,81,81,90,115,120,119,139
ID1301,152,125,131,117,141,123,127,124,126,124,121,110,99,126,111,111,125,124,139,148,119,123,123,119,130
ID1302,121,97,99,104,94,78,118,103,104,104,112,87,93,99,80,107,90,105,103,118,112,114,140,145,115
ID1303,15,10,15,13,15,13,16,17,26,12,7,10,10,11,10,32,41,63,51,64,50,59,70,51,68
ID1304,167,83,257,156,166,140,184,183,206,179,203,209,181,150,133,126,116,92,107,93,115,125,117,114,108
ID1305,112,132,132,114,122,123,119,138,139,140,148,152,119,134,119,134,136,136,155,158,136,125,157,135,155
ID1306,62,56,67,58,4,4,47,82,40,67,46,28,51,52,21,47,37,54,33,48,32,29,35,68,45
ID1307,0,0,98,228,215,231,265,277,322,253,301,293,242,251,212,232,209,151,4,19,52,57,51,51,58
ID1308,63,65,64,54,51,54,65,60,68,63,60,61,52,48,66,34,17,22,50,28,16,29,24,26,26
ID1309,4,9,16,13,14,12,9,15,6,4,5,5,17,21,30,44,47,49,31,48,50,61,60,48,43
ID1310,192,211,132,130,70,40,40,38,62,86,82,89,104,110,97,119,81,95,109,109,78,39,16,12,6
ID1311,116,129,118,125,123,120,133,129,128,87,88,57,33,31,47,38,54,54,63,60,67,74,61,61,45
ID1312,61,55,73,107,86,67,72,70,73,71,80,83,68,72,69,69,69,67,77,83,76,77,71,67,71
ID1313,59,43,51,47,70,66,65,62,51,37,47,48,50,45,39,30,43,45,61,79,64,44,46,46,42
ID1314,172,182,186,175,152,138,145,146,140,140,145,155,138,144,146,149,157,166,169,184,175,177,193,190,215
ID1315,117,110,118,128,111,114,131,111,141,114,123,130,104,114,120,136,122,124,144,143,132,116,124,136,133
ID1316,98,91,84,95,126,84,116,109,91,100,103,87,110,95,97,137,120,135,126,145,110,133,141,129,108
ID1317,49,56,53,51,39,49,51,55,52,54,60,58,55,51,56,60,55,65,67,74,79,70,62,61,66
ID1318,19,14,14,30,30,25,23,17,22,26,20,33,17,22,39,38,22,19,23,23,22,31,30,38,39
ID1319,33,42,37,41,40,35,41,39,42,39,45,42,39,39,40,40,43,40,44,43,45,44,49,43,43
ID1320,62,66,46,63,51,58,71,67,77,66,76,76,69,67,68,71,74,82,91,95,71,68,69,76,67
ID1321,207,214,209,205,205,173,193,186,202,195,199,195,186,200,203,195,204,212,215,207,218,201,205,178,190
ID1322,142,142,62,156,132,119,151,170,168,142,144,160,153,213,195,175,192,190,234,225,164,197,231,226,185
ID1323,198,180,167,152,160,150,173,186,183,198,196,185,149,145,131,140,146,173,198,192,189,170,184,176,177
ID1324,NA,NA,NA,NA,53,87,87,107,100,82,87,85,70,70,69,85,87,90,136,102,73,81,93,71,109
ID1325,72,72,61,73,64,74,77,88,70,64,64,69,78,78,83,80,81,67,76,79,78,69,71,83,81
ID1326,46,51,45,42,42,42,49,48,53,45,48,42,47,40,36,35,46,47,45,43,30,34,41,39,40
ID1327,40,55,250,141,146,133,136,152,136,140,139,125,120,117,118,134,137,123,140,146,101,91,101,104,97
ID1328,161,160,160,139,140,134,159,151,140,156,139,122,121,129,125,146,183,148,175,182,179,154,152,165,165
ID1329,199,181,162,177,147,164,174,206,206,213,197,197,175,175,149,174,155,170,205,219,203,227,230,230,227
ID1330,142,189,187,206,147,119,152,138,143,134,142,120,124,141,173,184,229,232,260,231,229,233,245,229,231
ID1331,0,25,53,49,63,71,71,69,66,70,43,19,21,27,35,36,33,33,36,40,25,38,32,36,42
ID1332,93,106,100,110,101,114,61,57,58,50,43,32,34,35,24,38,46,36,35,79,86,83,68,74,72
ID1333,148,158,117,135,141,123,182,165,196,200,190,175,136,152,169,198,178,172,235,222,176,236,210,187,207
ID1334,166,164,147,157,158,158,182,160,210,179,186,188,161,168,177,157,181,214,189,209,141,161,172,183,189
ID1335,283,298,331,302,286,312,435,433,416,404,411,380,297,315,440,562,658,493,571,538,569,498,451,447,513
ID1336,247,185,211,202,257,230,222,253,265,233,295,294,255,197,205,179,193,259,229,248,245,255,275,258,275
ID1337,105,102,113,109,106,100,91,97,104,117,123,115,79,101,91,88,99,109,119,125,109,120,106,99,120
ID1338,118,114,123,111,116,102,114,112,132,117,111,128,114,111,96,102,120,115,120,117,112,110,107,114,126
ID1339,66,72,71,70,66,64,70,66,70,74,105,86,68,90,97,91,79,78,96,96,78,90,98,85,99
ID1340,41,43,46,36,74,39,58,57,123,69,104,71,41,44,41,45,43,68,64,68,48,25,48,29,48
ID1341,20,19,18,14,15,15,15,14,14,16,12,9,11,13,12,13,11,9,13,18,17,14,24,28,35
ID1342,106,160,111,155,184,130,124,106,105,107,98,100,81,92,89,88,81,94,111,115,80,71,95,94,123
ID1343,201,211,192,188,189,178,211,198,211,212,222,186,72,10,16,22,15,22,22,25,35,38,41,47,36
ID1344,83,87,83,90,88,95,113,129,97,103,90,94,77,73,77,85,95,85,104,100,88,75,87,106,110
ID1345,231,260,255,254,253,227,252,276,264,270,279,268,249,272,247,285,328,305,348,342,334,337,326,303,337
ID1346,281,217,184,178,197,211,249,256,188,211,254,263,189,191,199,167,164,245,212,231,183,181,176,170,174
ID1347,10,55,57,59,56,57,60,28,56,84,110,128,105,109,108,105,85,75,80,85,86,74,97,49,96
ID1348,76,21,3,48,108,84,79,75,118,27,80,81,92,75,23,38,62,80,72,65,65,98,267,221,110
ID1349,9,8,7,6,10,11,13,14,10,10,10,9,13,12,13,7,7,7,8,9,8,5,5,7,8
ID1350,262,282,258,258,254,227,230,235,290,282,315,249,255,266,281,291,246,247,260,246,243,268,283,297,290
ID1351,138,147,150,148,143,142,142,137,136,129,155,135,131,147,142,139,122,120,140,158,149,156,158,148,168
ID1352,105,102,84,80,77,62,70,70,84,80,87,88,73,82,82,93,88,91,81,90,81,73,68,75,87
ID1353,99,97,94,87,86,87,110,111,108,105,107,100,97,91,95,100,103,110,118,118,100,102,108,106,106
ID1354,296,269,218,175,200,151,175,193,209,219,320,266,196,241,238,252,267,186,233,187,143,177,193,322,277
ID1355,133,154,140,106,109,127,144,130,137,152,148,129,101,114,110,91,78,105,125,147,113,131,125,131,132
ID1356,88,97,88,93,81,86,95,96,84,84,81,82,84,81,80,86,83,83,84,91,79,76,80,62,59
ID1357,163,165,157,166,154,138,175,187,162,175,184,177,170,167,168,180,182,182,194,194,192,185,189,198,241
ID1358,189,186,153,127,123,126,164,163,141,157,145,149,130,148,137,140,109,108,105,110,117,108,127,113,161
ID1359,76,88,85,88,84,78,78,78,79,76,76,83,58,78,75,81,77,80,110,103,113,81,65,94,82
ID1360,77,74,68,63,64,62,75,60,39,54,51,63,21,43,66,69,85,105,104,76,61,50,57,62,90
ID1361,55,62,56,73,87,87,100,106,115,123,123,136,105,119,113,116,117,125,120,68,56,66,59,55,41
ID1362,185,184,216,192,208,162,223,225,231,234,226,243,257,251,228,214,262,262,285,177,171,144,165,170,170
ID1363,58,102,88,94,91,81,100,103,109,97,107,106,102,99,91,100,92,90,105,99,99,72,72,76,71
ID1364,167,141,140,122,153,116,138,177,116,115,89,100,151,174,165,130,176,193,215,245,254,207,176,178,210
ID1365,3,4,5,2,28,40,46,51,61,52,52,55,61,55,47,36,30,48,58,55,51,44,39,58,80
ID1366,116,104,55,109,104,97,106,101,98,89,96,98,82,83,77,87,90,95,107,103,91,87,90,109,109
ID1367,113,112,100,93,112,96,102,91,112,94,104,106,92,88,70,106,105,79,83,106,150,107,91,77,34
ID1368,40,39,37,39,37,22,34,38,42,36,41,46,43,40,37,44,44,40,45,45,39,39,46,44,40
ID1369,135,128,134,140,130,129,144,130,141,137,152,146,142,135,123,129,137,134,142,130,143,129,147,139,144
ID1370,47,56,35,35,36,29,56,66,65,60,60,104,54,58,52,77,58,71,70,111,63,90,60,71,58
ID1371,90,93,93,90,90,84,93,93,90,90,93,90,90,60,87,76,88,87,90,93,77,83,87,88,86
ID1372,30,61,57,50,50,43,55,48,52,50,52,54,55,46,49,48,45,42,50,45,48,48,51,60,36
ID1373,55,59,55,52,47,47,49,51,50,53,50,55,61,56,54,56,58,55,60,57,61,67,58,60,67
ID1374,149,121,98,89,102,104,152,138,121,119,138,120,112,133,139,149,171,157,186,183,150,146,133,160,123
ID1375,77,97,63,76,86,66,95,103,102,105,119,111,98,105,NA,96,92,103,115,135,93,113,117,109,115
ID1376,28,26,15,2,13,5,0,0,6,3,8,15,0,23,17,39,60,28,20,12,8,0,6,1,2
ID1377,373,159,302,157,176,184,259,201,431,404,248,209,247,449,268,324,632,307,279,351,503,415,424,456,489
ID1378,194,189,181,161,165,161,218,224,209,194,205,256,156,183,208,195,195,199,268,257,263,218,224,243,229
ID1379,209,166,163,170,171,186,179,209,207,166,204,185,153,142,137,151,171,154,162,189,162,159,166,165,175
ID1380,45,43,37,38,34,40,26,42,44,34,33,45,39,39,24,35,48,49,61,58,55,42,17,0,7
ID1381,167,167,158,149,132,151,171,146,141,137,145,181,174,190,168,160,158,158,172,204,206,202,176,199,187
ID1382,133,158,29,7,127,158,168,166,170,160,175,169,147,126,141,155,158,154,193,196,198,192,209,214,212
ID1383,79,90,69,74,84,54,60,62,78,70,79,60,60,62,62,84,110,115,130,120,93,93,90,96,90
ID1384,54,111,127,124,155,136,176,144,199,146,150,145,169,187,144,159,185,172,183,187,146,145,150,161,185
ID1385,130,135,124,130,130,117,139,130,143,115,123,107,92,93,100,116,145,168,193,173,123,124,136,127,140
ID1386,101,101,77,88,79,72,72,53,67,69,75,78,80,92,96,106,109,90,96,77,77,76,58,80,81
ID1387,30,32,39,39,38,30,28,37,35,38,37,42,36,42,32,36,35,29,33,39,39,32,36,37,38
ID1388,238,217,200,201,202,196,237,197,214,211,214,185,183,205,198,214,217,214,233,220,208,233,221,198,226
ID1389,69,57,95,57,44,93,94,77,44,49,44,51,51,61,57,51,50,49,44,42,48,46,38,37,50
ID1390,57,54,58,47,48,34,45,35,44,43,34,37,34,30,9,3,4,2,1,1,0,0,0,0,1
ID1391,61,83,62,62,77,64,81,90,106,117,108,103,94,84,80,68,91,76,81,82,68,76,83,85,76
ID1392,184,174,184,177,176,149,194,199,195,199,209,189,174,183,219,220,192,210,236,235,232,227,216,236,239
ID1393,82,91,97,93,98,91,99,113,130,111,100,100,96,111,94,110,90,90,103,116,103,116,106,95,95
ID1394,121,112,120,118,105,106,136,152,135,158,168,162,159,132,121,137,122,138,147,156,140,139,136,141,137
ID1395,117,112,128,64,51,50,72,60,84,90,80,76,68,78,67,77,82,71,73,79,72,62,71,72,147
ID1396,211,175,173,204,199,165,235,178,188,182,206,191,53,122,125,43,47,55,50,59,55,72,84,58,55
ID1397,74,51,48,19,5,0,0,1,0,0,0,0,0,0,0,0,0,1,20,5,0,1,0,0,0
ID1398,90,81,88,88,87,63,74,78,108,76,120,85,67,83,76,69,79,73,102,88,85,73,98,90,95
ID1399,173,164,166,175,164,163,185,155,158,220,195,180,186,206,179,194,184,195,225,224,214,228,251,254,260
ID1400,501,432,380,371,417,389,448,513,582,546,504,573,401,378,421,439,474,626,720,577,527,627,619,655,597
ID1401,10,12,10,15,9,8,7,12,10,10,9,7,5,8,9,9,9,7,9,10,12,13,11,15,10
ID1402,89,77,84,96,87,89,103,99,115,103,123,96,51,43,68,82,72,85,87,94,79,71,99,92,91
ID1403,14,25,10,20,35,28,38,44,42,32,33,12,9,11,10,15,18,16,15,13,5,16,17,19,40
ID1404,107,88,85,93,92,90,96,107,95,93,104,82,90,92,93,87,99,104,102,107,107,107,112,102,102
ID1405,0,0,0,0,0,0,0,0,0,0,0,0,0,0,0,0,0,0,0,0,0,0,0,0,0
ID1406,46,110,150,143,102,130,130,56,87,86,86,179,180,276,269,277,155,139,161,272,242,297,293,300,85
ID1407,193,145,118,137,121,114,179,147,146,165,203,305,153,194,183,139,134,179,196,182,185,135,207,166,148
ID1408,127,137,119,120,111,108,127,146,132,139,133,137,110,110,92,96,107,119,137,144,137,123,136,107,103
ID1409,51,50,45,43,43,46,59,65,66,48,32,28,28,38,24,29,40,42,47,48,32,27,30,24,33
ID1410,77,85,100,109,100,99,110,115,97,119,194,197,244,323,296,301,294,283,350,337,307,194,121,176,140
ID1411,111,111,84,88,85,84,101,97,98,90,100,102,90,86,73,91,84,91,104,101,108,98,111,107,97
ID1412,94,82,88,81,72,85,94,88,94,79,104,85,84,84,89,87,89,95,111,86,79,86,95,87,100
ID1413,63,71,68,69,89,75,77,69,72,73,75,73,77,74,73,73,67,79,76,70,72,67,70,72,70
ID1414,142,140,131,105,115,79,131,127,107,147,152,118,120,63,39,90,102,104,105,126,91,4,0,NA,NA
ID1415,256,238,259,200,161,229,278,239,283,249,187,231,202,175,213,256,292,383,435,284,103,118,117,128,131
ID1416,72,53,50,49,42,42,54,44,60,60,62,58,56,56,60,61,61,61,58,70,59,52,62,57,62
ID1417,225,202,176,188,168,126,97,122,156,141,140,194,188,204,153,136,177,142,166,151,125,130,134,105,118
ID1418,77,78,67,67,63,63,64,72,72,58,10,56,30,0,36,106,90,84,74,65,73,62,65,83,79
ID1419,42,44,25,34,40,44,43,50,45,38,50,48,49,46,32,49,46,40,40,62,60,56,56,64,44
ID1420,193,181,192,178,186,187,217,212,200,202,193,175,173,180,171,170,196,242,234,249,216,206,225,210,211
ID1421,74,23,61,73,82,84,96,92,101,101,99,95,86,100,94,96,91,87,102,100,102,95,100,101,102
ID1422,65,73,66,79,91,83,79,74,81,81,88,72,71,70,100,119,91,85,96,94,90,112,70,74,86
ID1423,123,135,122,133,132,123,146,133,146,144,163,146,126,122,118,148,124,124,151,144,131,157,136,160,152
ID1424,114,110,108,101,90,92,100,114,129,130,125,125,117,110,108,106,108,112,121,120,125,118,119,99,99
ID1425,141,139,135,115,122,111,126,131,151,135,106,98,90,85,95,105,118,117,119,118,105,104,122,111,104
ID1426,150,130,120,93,110,110,120,140,140,110,135,122,116,100,93,87,72,105,112,57,76,116,100,117,113
ID1427,85,82,75,68,69,60,68,67,71,74,72,65,60,60,49,59,69,52,75,73,59,67,59,61,55
ID1428,22,21,23,20,26,19,24,22,23,19,30,25,27,24,25,29,28,26,2,2,0,2,1,3,23
ID1429,86,88,95,88,84,89,96,113,138,102,110,129,91,99,92,99,58,106,66,109,90,72,71,77,84
ID1430,62,68,73,65,67,69,70,75,81,77,73,78,66,75,72,75,73,72,77,71,77,84,79,81,81
ID1431,2,4,4,3,17,26,22,30,36,20,16,18,11,13,15,29,27,24,45,48,40,35,26,18,25
ID1432,49,46,54,27,37,31,37,32,31,24,27,30,34,33,28,20,21,15,72,26,18,17,27,28,34
ID1433,100,120,113,86,102,81,103,104,106,91,99,98,107,102,102,105,96,113,104,105,100,103,103,101,103
ID1434,56,58,56,67,56,51,62,57,64,53,67,61,52,29,33,49,45,29,70,122,97,58,52,60,64
ID1435,125,117,111,119,108,124,118,61,71,75,80,71,70,71,64,62,70,84,92,84,79,81,90,86,110
ID1436,106,109,96,106,106,100,113,105,116,110,124,111,109,114,111,108,126,112,46,126,109,49,41,32,33
ID1437,80,84,73,108,78,89,92,102,81,102,103,103,91,96,98,99,103,92,91,111,93,99,110,100,129
ID1438,NA,NA,21,12,32,22,66,30,10,11,10,4,2,2,43,31,113,212,233,134,48,43,116,142,42
ID1439,27,32,26,33,29,35,43,34,24,22,20,27,22,32,14,31,49,46,49,41,31,27,28,33,30
ID1440,57,60,52,54,49,57,42,50,52,49,55,27,42,48,54,51,51,56,67,63,61,55,71,66,57
ID1441,45,44,42,44,39,41,54,51,54,53,59,54,51,52,48,47,51,53,53,52,44,43,47,49,46
ID1442,21,28,35,39,47,39,46,45,41,22,35,33,51,49,42,44,41,39,55,56,44,47,50,64,68
ID1443,227,186,206,189,197,195,237,201,199,232,236,154,169,170,212,197,155,239,333,276,272,177,272,298,270
ID1444,101,96,87,97,82,80,97,106,121,119,123,120,142,118,138,152,115,118,125,120,63,NA,NA,76,199
ID1445,264,294,292,256,129,111,140,177,139,159,153,141,150,148,124,114,151,140,149,168,179,155,195,170,180
ID1446,35,25,20,16,13,27,19,2,1,0,1,0,3,15,19,15,4,7,8,1,0,0,0,0,0
ID1447,106,98,99,98,100,105,95,80,43,45,85,87,81,81,86,82,92,101,110,120,116,2,77,71,68
ID1448,11,9,39,26,17,19,22,23,28,30,20,23,23,12,18,11,14,16,43,57,45,18,19,36,26
ID1449,113,105,61,72,88,97,93,133,127,133,128,105,100,100,109,111,117,131,158,145,134,144,157,132,129
ID1450,70,51,51,47,66,56,63,62,35,42,63,44,31,38,44,61,81,120,101,81,64,74,93,104,99
ID1451,54,28,18,20,36,69,44,71,73,71,84,60,60,56,55,56,55,48,51,62,58,56,58,53,56
ID1452,142,152,137,123,114,103,109,116,117,121,116,122,99,108,93,118,99,107,104,109,103,125,134,132,126
ID1453,35,44,35,39,34,24,38,20,17,34,34,43,35,62,83,73,77,52,58,49,24,0,0,0,0
ID1454,158,125,99,120,101,106,131,156,166,204,211,182,119,111,97,117,86,161,173,210,174,172,180,206,214
ID1455,148,175,173,169,149,150,151,180,160,172,156,171,190,210,263,232,221,199,200,195,191,188,179,203,178
ID1456,104,112,103,111,123,123,133,124,133,116,130,109,60,48,59,53,61,56,66,66,58,53,65,62,65
ID1457,68,74,62,65,82,75,98,84,107,82,98,78,78,67,78,91,104,90,105,101,88,97,116,106,124
ID1458,315,325,343,342,331,304,335,376,383,368,382,388,300,406,359,397,402,369,363,416,319,332,357,333,332
ID1459,88,91,75,84,62,70,76,79,90,107,111,98,92,96,79,75,88,81,82,76,69,84,89,89,71
ID1460,39,36,36,38,26,6,NA,NA,0,4,17,97,0,0,60,65,70,69,78,73,75,91,97,76,86
ID1461,185,201,176,186,324,70,228,230,202,190,212,232,227,237,258,241,260,266,315,318,330,326,360,382,382
ID1462,87,103,113,120,152,131,132,139,123,136,130,140,145,120,116,126,142,153,166,50,182,41,110,110,107
ID1463,4,6,19,16,20,7,16,18,21,18,20,17,19,24,23,22,21,22,20,12,25,23,23,25,10
ID1464,42,28,21,35,23,26,44,68,47,86,32,78,85,55,59,87,64,31,62,111,133,55,36,46,53
ID1465,99,104,109,110,109,102,117,120,119,118,124,122,113,123,128,122,109,108,114,114,116,116,122,117,112
ID1466,158,156,144,133,129,134,174,181,181,187,218,180,149,168,168,195,188,220,244,227,181,222,133,195,194
ID1467,15,11,14,14,15,15,13,9,0,16,20,19,10,6,16,5,24,24,24,3,16,9,3,5,1
ID1468,74,72,69,70,62,62,77,76,77,73,72,83,68,70,70,75,72,75,80,78,66,67,72,82,80
ID1469,87,125,107,103,90,79,84,87,82,81,85,74,84,91,87,60,78,70,76,78,96,82,57,93,75
ID1470,133,126,141,105,116,122,131,150,124,140,137,156,121,131,104,122,131,110,118,114,112,139,90,145,167
ID1471,67,78,61,67,68,71,84,85,81,81,94,97,106,109,97,90,79,80,88,82,79,78,78,73,89
ID1472,175,165,160,151,149,159,180,198,218,223,218,213,173,186,186,179,179,205,227,242,226,190,197,204,190
ID1473,101,78,68,55,64,53,60,62,72,68,71,74,62,60,57,32,79,77,59,86,86,96,93,107,116
ID1474,85,85,80,63,65,68,78,87,103,83,90,91,77,85,77,75,73,72,90,96,77,90,97,72,90
ID1475,112,109,108,88,76,82,90,104,104,91,100,100,81,88,87,80,90,94,106,114,100,104,100,92,89
ID1476,47,41,39,48,41,32,32,47,41,45,42,48,56,62,52,60,61,54,57,42,62,65,56,50,59
ID1477,76,78,78,83,84,86,113,97,103,109,120,111,93,66,71,83,107,138,98,115,83,73,79,83,88
ID1478,330,317,300,306,338,332,388,342,389,387,428,436,409,405,428,338,445,564,643,655,602,663,684,642,701
ID1479,121,128,101,82,69,79,73,92,66,84,79,82,71,61,87,86,81,81,103,107,95,95,107,111,110
ID1480,140,107,113,130,109,127,142,139,150,153,144,162,128,124,134,150,146,157,173,166,158,141,143,140,144
ID1481,153,150,141,161,155,158,141,113,206,213,217,233,179,189,210,218,229,188,213,236,234,194,243,434,230
ID1482,70,58,70,48,53,31,33,30,64,33,41,45,45,49,54,57,55,52,63,64,52,58,56,52,51
ID1483,79,83,72,108,71,65,81,76,90,81,77,79,55,74,75,91,79,71,80,92,98,99,93,94,73
ID1484,534,252,375,309,303,NA,387,560,572,442,582,497,630,565,237,461,811,553,874,663,837,550,680,601,301
ID1485,133,84,88,79,70,69,60,86,75,86,96,99,79,87,85,88,87,47,0,1,16,22,17,12,20
ID1486,81,81,71,71,69,53,64,56,58,56,60,66,63,63,61,64,70,66,69,65,63,64,64,66,61
ID1487,52,0,0,0,0,0,0,0,0,0,0,0,0,0,20,35,43,119,119,84,61,84,67,92,96
ID1488,176,150,147,156,143,126,151,147,123,150,128,118,112,165,147,130,158,174,165,136,151,138,131,160,164
ID1489,100,103,108,109,105,96,99,94,98,88,76,102,85,60,63,68,73,75,88,89,87,85,89,95,114
ID1490,92,107,126,106,115,111,99,127,125,118,128,129,117,118,146,134,147,134,148,155,137,147,114,123,120
ID1491,178,184,177,160,159,170,198,201,200,190,201,185,170,167,164,178,174,179,209,247,194,196,196,194,197
ID1492,116,119,105,111,112,90,109,90,119,97,92,104,90,100,105,93,118,110,108,140,114,126,87,120,123
ID1493,103,118,90,83,85,103,110,134,104,84,128,135,90,67,68,74,81,87,93,97,101,98,90,103,110
ID1494,93,93,92,99,90,68,86,58,53,41,46,55,48,47,51,56,46,61,52,109,98,101,89,97,92
ID1495,42,42,35,22,32,15,17,19,20,14,14,12,12,14,15,15,16,15,13,18,16,13,14,17,18
ID1496,165,261,257,261,235,227,270,295,325,300,378,396,247,250,286,289,306,287,326,315,343,370,261,286,324
ID1497,141,92,124,119,121,110,142,129,163,147,165,147,115,110,100,114,113,120,93,89,126,124,114,159,156
ID1498,58,70,45,50,83,86,100,97,88,86,85,94,73,86,97,75,85,103,105,87,85,84,103,98,93
ID1499,162,146,161,157,157,162,197,184,183,170,188,218,153,185,163,175,185,183,203,194,194,188,198,204,163
ID1500,99,94,85,64,81,41,8,76,80,82,106,92,95,83,94,91,100,99,115,65,65,97,83,48,92
ID1501,20,24,22,19,24,14,9,0,40,20,10,3,0,2,4,5,5,5,4,6,10,13,16,17,20
ID1502,22,23,23,27,25,29,27,29,30,25,47,27,17,15,18,23,45,41,28,25,31,20,87,75,104
ID1503,50,42,41,40,33,32,35,37,36,37,55,47,47,45,46,54,61,50,56,48,48,58,59,47,62
ID1504,66,61,41,44,48,91,95,100,102,79,92,75,68,67,38,53,67,60,69,70,76,84,91,96,104
ID1505,95,112,72,56,45,53,61,62,68,48,NA,0,NA,NA,NA,0,85,55,65,80,56,51,24,42,55
ID1506,40,46,43,44,47,39,53,43,68,53,60,42,43,42,51,49,43,44,47,48,47,34,37,35,33
ID1507,132,151,138,123,141,147,132,177,150,151,156,162,182,138,169,162,173,194,181,168,160,177,178,178,181
ID1508,76,84,76,67,73,76,79,79,75,77,83,77,87,65,85,81,65,76,72,72,77,71,80,76,81
ID1509,47,47,50,45,47,38,39,44,47,45,31,12,10,11,22,15,31,27,22,2,3,17,31,31,31
ID1510,NA,NA,NA,NA,149,73,115,220,38,334,165,16,85,56,64,50,56,228,282,255,256,126,130,423,143
ID1511,0,8,47,43,40,44,47,48,53,53,55,63,48,42,51,44,50,57,60,70,51,63,66,64,71
ID1512,201,186,202,205,206,225,214,217,223,218,224,215,208,180,170,181,193,222,210,196,181,187,200,208,211
ID1513,19,19,5,7,6,9,15,14,21,21,29,19,16,18,20,20,20,22,37,32,24,27,27,30,29
ID1514,88,81,88,88,71,73,85,102,109,97,86,83,91,90,87,66,40,83,103,90,95,101,78,76,90
ID1515,23,25,24,22,24,23,32,31,29,29,35,30,29,28,19,22,19,22,23,24,24,22,23,28,32
ID1516,64,73,86,85,75,84,100,107,103,101,112,74,77,70,78,76,70,69,77,75,71,69,67,68,75
ID1517,60,64,54,49,50,54,67,68,68,69,74,69,64,75,64,60,64,77,72,76,67,65,82,73,75
ID1518,120,135,114,113,122,122,130,86,135,98,121,121,112,120,91,91,174,99,157,134,179,110,161,167,134
ID1519,47,77,85,66,66,64,64,105,64,83,71,78,62,70,69,71,71,121,96,97,106,97,106,101,8
ID1520,170,183,187,155,147,138,167,141,193,133,171,159,153,159,176,157,136,164,158,150,184,164,180,159,139
ID1521,746,1233,971,731,996,905,1811,1766,1728,1330,1434,1687,987,908,937,1011,1059,1625,2069,1961,1747,1476,1245,1420,1209
ID1522,27,19,19,22,32,33,33,48,48,47,42,27,28,19,22,10,12,19,19,18,19,22,24,17,15
ID1523,80,76,76,75,85,75,94,87,88,68,74,68,77,35,90,90,90,90,102,98,104,105,99,108,115
ID1524,82,90,94,90,76,79,103,131,97,111,99,76,77,78,69,76,81,89,139,108,91,110,98,97,86
ID1525,157,171,163,158,147,141,157,167,178,164,189,189,157,158,163,175,172,172,218,217,181,170,185,174,179
ID1526,97,69,69,80,56,70,76,77,81,62,72,65,63,52,66,62,62,52,61,43,52,54,64,65,61
ID1527,90,71,73,79,79,80,85,64,68,93,112,92,80,64,57,68,64,66,73,70,68,66,66,56,68
ID1528,59,57,63,68,66,60,72,58,65,66,66,63,56,58,63,71,52,57,67,57,50,47,45,46,52
ID1529,55,48,50,56,51,36,30,89,66,71,93,84,90,98,76,70,98,91,92,81,110,143,0,74,74
ID1530,132,68,67,73,68,62,61,64,67,59,56,60,36,46,48,52,56,52,56,66,55,53,61,58,55
ID1531,95,86,87,82,78,77,78,106,120,105,85,97,59,74,73,86,65,67,75,83,67,80,76,75,85
ID1532,79,77,67,69,70,67,73,74,80,78,77,87,77,68,60,68,68,73,89,80,83,88,90,88,90
ID1533,95,88,75,79,76,78,84,74,86,80,106,82,82,76,91,81,64,86,108,91,90,83,62,70,129
ID1534,28,27,22,21,18,18,24,22,24,27,29,32,20,21,21,24,24,26,25,25,21,16,19,24,21
ID1535,165,157,145,146,162,151,155,153,176,173,165,185,160,187,195,196,165,205,201,191,176,155,139,88,182
ID1536,140,113,104,109,101,90,99,117,119,93,106,108,101,110,95,102,87,101,102,102,107,107,93,82,104
ID1537,69,54,75,62,65,39,51,36,41,45,68,28,50,52,55,44,46,35,68,37,43,41,43,52,33
ID1538,103,106,114,135,118,94,117,115,136,112,132,96,120,110,125,130,138,114,137,138,105,113,125,114,127
ID1539,82,79,75,66,76,70,77,53,1,1,0,3,5,7,0,0,106,112,117,124,85,60,1,1,5
ID1540,73,72,74,71,63,64,71,80,87,84,75,68,72,62,74,69,71,80,78,88,86,84,79,85,81
ID1541,32,55,59,58,129,105,332,250,280,264,246,201,195,237,218,283,264,289,290,306,323,348,329,358,339
ID1542,73,85,79,51,51,53,60,67,62,66,56,62,50,78,58,58,58,55,79,57,45,47,70,41,64
ID1543,97,70,78,62,76,75,90,74,95,92,88,84,176,81,72,76,82,70,103,80,88,78,78,81,87
ID1544,19,46,62,61,63,66,93,80,43,56,72,68,38,43,63,68,70,74,82,77,64,62,56,60,110
ID1545,110,135,198,151,143,120,180,161,160,166,191,133,121,116,132,105,114,117,160,124,89,98,97,110,113
ID1546,132,147,134,126,113,110,119,115,118,127,122,126,121,134,115,120,130,130,141,123,105,114,95,167,132
ID1547,35,66,93,77,84,74,97,66,72,67,43,76,52,66,69,56,56,73,77,80,120,73,68,52,71
ID1548,16,18,16,10,9,8,10,8,18,6,24,17,15,26,22,22,28,27,18,13,18,17,28,37,69
ID1549,48,39,35,36,36,37,42,43,36,34,43,39,31,35,32,33,36,37,39,61,39,43,41,42,45
ID1550,115,113,113,102,111,99,105,103,96,89,98,109,91,89,89,81,83,109,108,105,97,95,94,102,88
ID1551,187,151,120,117,122,119,147,120,109,116,131,125,110,104,108,117,126,141,187,159,134,152,144,127,128
ID1552,31,25,10,8,5,47,17,9,23,110,104,102,103,97,111,110,104,109,112,122,110,96,106,108,112
ID1553,101,108,76,87,81,81,87,91,102,216,115,92,86,95,98,87,81,88,67,93,75,85,100,119,94
ID1554,278,181,158,53,4,6,9,12,24,11,13,9,10,25,20,27,26,32,29,26,23,30,32,35,39
ID1555,108,104,105,123,102,96,109,109,105,102,118,101,98,110,113,107,104,96,107,108,100,88,100,102,113
ID1556,124,124,102,109,117,113,127,156,142,131,130,118,105,121,108,117,102,102,132,139,130,154,144,143,152
ID1557,72,63,53,39,44,52,61,62,77,69,75,54,60,60,58,56,62,70,84,69,78,76,78,74,81
ID1558,75,78,66,77,79,62,93,76,75,75,87,92,89,93,84,93,92,87,93,99,86,83,82,84,81
ID1559,178,175,149,149,143,153,174,171,189,178,181,231,157,158,160,160,168,153,182,157,201,182,191,215,220
ID1560,46,28,22,19,30,21,42,38,41,21,21,35,19,24,18,22,24,27,33,27,25,26,27,22,30
ID1561,20,17,13,13,13,13,15,15,14,16,14,16,11,10,12,12,12,14,13,15,12,13,14,13,13
ID1562,145,135,114,125,99,115,150,177,194,137,158,159,131,140,148,131,137,200,257,285,166,138,141,153,143
ID1563,56,55,56,56,57,49,47,59,62,62,60,60,69,57,53,56,68,56,81,87,62,99,93,70,87
ID1564,0,1,1,1,2,15,188,213,226,229,201,213,199,197,187,212,199,193,242,246,240,227,225,216,230
ID1565,216,232,222,232,232,218,259,261,267,257,260,275,240,241,240,258,255,252,285,278,278,267,278,278,274
ID1566,0,0,0,0,0,0,0,31,0,0,9,0,0,0,0,4,45,0,10,5,0,0,7,2,0
ID1567,124,110,127,136,120,106,113,108,146,132,119,127,117,123,117,172,132,117,149,153,154,167,150,148,157
ID1568,58,23,19,22,17,13,12,19,8,28,8,34,35,47,34,21,13,39,52,65,36,24,49,36,21
ID1569,100,99,97,100,97,81,114,119,111,103,115,42,1,0,2,18,28,43,51,38,42,35,43,36,27
ID1570,157,143,146,140,137,122,114,165,148,121,104,107,130,85,128,164,112,131,173,88,85,240,270,114,118
ID1571,108,87,90,96,83,74,87,63,58,70,70,67,55,57,59,79,93,88,93,88,91,89,76,74,81
ID1572,64,372,52,NA,38,39,47,49,58,46,52,42,34,31,30,29,13,NA,NA,NA,NA,NA,NA,NA,NA
ID1573,198,171,172,164,133,108,147,179,192,177,133,186,147,155,155,183,174,203,180,183,167,159,160,176,161
ID1574,129,116,113,109,130,124,212,46,134,118,107,183,87,110,163,463,79,14,86,141,467,67,74,132,150
ID1575,61,64,67,63,62,55,63,63,68,62,60,63,62,67,76,54,54,54,63,59,51,49,53,51,50
ID1576,126,128,121,135,118,119,141,138,144,146,151,256,43,159,153,151,129,133,149,145,139,137,148,152,154
ID1577,24,24,31,27,24,26,21,19,27,30,26,19,20,19,14,15,15,12,12,18,21,20,20,20,20
ID1578,333,350,338,349,341,320,317,313,284,277,330,286,269,280,264,261,240,316,413,365,275,278,372,409,348
ID1579,120,136,135,121,128,106,116,123,154,122,132,120,115,119,111,111,117,97,117,118,101,125,96,110,115
ID1580,127,147,124,131,128,122,134,112,115,128,121,125,105,100,92,90,93,99,92,93,99,94,83,75,72
ID1581,245,236,241,225,243,260,278,272,276,214,236,252,208,209,215,242,357,422,455,287,256,237,219,182,260
ID1582,37,63,84,71,61,68,81,72,86,77,61,88,86,74,92,92,86,60,17,14,20,48,34,71,56
ID1583,129,96,108,150,202,283,NA,487,533,309,150,138,91,89,135,123,129,121,132,121,123,200,326,342,301
ID1584,55,46,31,26,5,6,8,8,8,8,9,9,9,9,7,7,7,7,7,7,7,7,8,7,7
ID1585,108,109,93,114,112,106,115,107,106,136,139,95,109,94,91,96,105,102,122,111,90,122,108,102,123
ID1586,114,102,90,92,94,98,117,105,124,125,131,126,95,117,144,120,134,138,154,158,138,161,129,134,160
ID1587,86,99,83,64,79,85,111,120,98,119,94,110,86,80,87,92,88,99,146,147,145,141,92,129,111
ID1588,284,230,235,221,222,216,256,263,340,294,320,312,265,280,271,250,276,298,305,331,317,311,322,318,287
ID1589,115,51,136,120,147,131,152,126,116,117,108,113,115,124,108,106,102,96,101,96,108,105,118,113,113
ID1590,90,93,89,78,81,80,89,85,84,80,90,90,88,80,74,82,90,87,103,87,89,85,93,95,86
ID1591,139,124,132,117,135,111,160,151,161,134,130,139,126,125,140,114,107,100,106,108,110,105,99,102,106
ID1592,167,148,139,134,164,162,212,219,218,236,221,212,122,155,151,68,78,75,72,59,88,96,137,283,87
ID1593,131,138,115,65,126,111,135,139,154,149,156,161,121,110,121,135,136,134,139,142,149,141,148,150,154
ID1594,156,151,142,131,158,139,148,140,145,146,134,126,134,144,129,138,156,147,147,133,132,129,158,142,135
ID1595,56,52,50,50,45,52,71,74,77,77,148,81,76,70,78,70,66,73,74,76,60,54,47,50,84
ID1596,101,108,92,92,86,102,115,95,94,81,86,81,78,78,84,79,81,70,101,75,77,70,70,77,81
ID1597,123,77,91,83,112,103,95,106,106,81,96,78,101,103,89,65,101,99,92,89,82,123,95,96,95
ID1598,82,123,58,48,55,138,124,159,207,105,84,112,75,98,89,72,40,38,67,122,75,35,60,101,115
ID1599,90,99,91,106,107,104,120,126,156,146,153,136,118,115,110,126,131,149,151,132,119,114,130,119,127
ID1600,153,175,212,171,196,204,263,252,298,230,292,267,229,244,267,283,263,308,315,321,302,304,324,310,302
ID1601,95,78,84,65,71,63,73,64,83,71,79,73,71,74,72,75,75,79,87,97,86,80,65,56,66
ID1602,123,119,114,126,131,136,156,181,169,156,181,182,155,177,155,171,185,168,NA,NA,384,84,148,154,136
ID1603,280,239,236,224,276,222,321,298,320,313,353,337,247,294,237,232,240,230,267,288,245,248,258,255,266
ID1604,251,246,230,195,171,226,212,265,257,252,229,240,174,190,200,223,230,219,250,276,218,233,245,230,236
ID1605,196,184,191,140,192,231,204,211,216,221,240,242,202,185,197,219,196,190,217,206,213,343,200,289,260
ID1606,183,214,196,183,175,153,166,181,206,186,166,168,155,158,195,197,171,156,162,171,166,150,164,167,179
ID1607,NA,71,53,60,68,112,102,75,79,90,96,96,86,89,71,60,69,92,103,110,115,111,109,89,90
ID1608,123,113,89,90,88,106,105,89,106,87,107,100,90,93,100,100,96,80,91,84,98,96,100,91,117
ID1609,32,78,104,92,71,55,63,91,90,62,2,1,23,33,50,45,49,60,62,59,60,67,66,57,53
ID1610,98,78,82,91,85,85,100,112,99,99,85,85,110,103,97,104,104,100,107,111,102,100,104,127,136
ID1611,152,207,152,126,141,209,172,180,202,224,157,172,161,228,177,173,223,195,210,193,258,200,216,205,272
ID1612,85,93,81,91,81,74,83,86,80,88,85,77,78,79,76,71,75,71,72,77,77,68,61,66,68
ID1613,213,200,218,188,192,220,218,272,247,237,230,260,197,228,233,217,233,272,334,350,224,262,307,278,285
ID1614,119,113,119,126,137,122,142,134,130,130,132,137,118,111,112,103,114,109,127,134,122,141,114,113,122
ID1615,128,127,131,113,109,106,119,124,121,117,116,118,121,122,119,124,124,133,149,147,178,168,149,153,182
ID1616,125,112,120,112,87,116,88,135,129,127,137,135,105,141,118,126,42,57,66,65,53,59,61,66,67
ID1617,129,118,113,148,135,125,139,105,103,106,127,128,143,127,135,128,64,58,60,74,97,87,91,66,73
ID1618,101,89,87,93,92,88,90,106,90,88,92,87,83,82,81,82,79,93,94,112,113,108,113,102,117
ID1619,153,144,167,151,145,127,135,108,123,169,166,148,135,160,141,154,145,86,55,92,245,212,245,179,213
ID1620,286,309,326,254,313,264,274,276,267,269,285,272,274,246,270,249,246,257,277,250,100,13,58,59,55
ID1621,250,232,241,254,94,329,155,226,251,285,294,283,248,248,270,299,253,214,244,265,269,229,242,226,223
ID1622,262,204,106,280,213,264,294,268,288,233,240,292,100,137,140,228,197,263,259,240,356,301,324,280,191
ID1623,218,222,212,202,187,220,239,228,178,104,93,116,166,169,163,158,157,169,191,173,209,183,171,169,152
ID1624,105,118,113,112,108,87,90,94,76,70,87,94,124,110,107,101,95,94,96,91,91,97,90,75,85
ID1625,0,15,540,645,670,748,744,744,715,677,610,557,532,586,711,661,713,714,913,741,787,816,861,838,762
ID1626,158,93,68,112,114,0,0,0,0,0,0,0,0,0,0,0,0,7,17,36,77,66,61,52,77
ID1627,184,167,184,210,237,225,241,212,226,173,200,179,175,205,209,224,235,184,226,237,216,208,251,225,209
ID1628,66,64,52,54,43,55,62,58,80,58,80,62,34,92,78,67,60,77,80,87,90,97,82,81,84
ID1629,142,129,128,124,124,114,124,138,112,105,124,89,81,79,88,113,126,97,103,64,44,51,110,115,114
ID1630,136,126,117,132,131,114,166,183,228,208,214,241,179,201,165,173,174,221,248,244,81,358,264,247,267
ID1631,87,89,92,76,69,60,62,69,71,80,82,79,66,62,63,66,68,62,69,75,74,66,65,72,74
ID1632,82,76,71,72,85,52,90,64,93,69,79,76,77,85,88,91,93,52,91,72,75,76,93,98,95
ID1633,87,89,87,93,94,82,100,90,95,97,105,102,85,86,92,117,102,94,116,92,100,130,107,105,99
ID1634,148,138,160,144,154,208,223,169,147,150,142,145,156,189,167,162,152,127,142,140,133,143,147,142,158
ID1635,54,66,67,52,70,50,62,59,58,53,56,56,60,66,46,48,47,54,67,62,50,52,51,53,56
ID1636,2,4,16,20,41,4,17,2,24,28,6,7,7,3,5,10,5,2,5,11,1,11,4,11,8
ID1637,56,65,80,67,73,66,79,71,72,55,96,75,80,55,79,96,89,93,99,116,102,107,110,118,99
ID1638,24,21,18,18,21,18,130,29,97,94,109,107,96,79,86,104,91,110,139,235,60,31,96,92,100
ID1639,21,23,24,22,17,18,27,20,19,21,20,23,21,18,20,21,18,6,12,20,20,27,26,23,49
ID1640,45,43,54,22,19,18,24,26,31,17,25,31,26,18,21,29,24,20,27,31,30,31,29,34,50
ID1641,147,147,140,157,140,136,172,180,176,192,200,207,170,167,153,170,165,182,181,180,157,164,173,124,152
ID1642,61,191,188,179,197,160,149,181,193,174,256,122,123,134,107,137,137,181,145,176,156,142,127,115,137
ID1643,83,81,78,82,108,89,90,98,92,82,101,91,83,93,91,91,101,97,121,106,81,91,102,111,96
ID1644,93,107,194,210,251,109,96,183,198,169,88,70,67,50,32,40,56,70,73,82,74,84,67,95,209
ID1645,0,0,0,0,1,0,0,0,0,259,98,60,78,86,87,72,73,85,86,59,65,101,104,94,71
ID1646,204,169,189,147,168,124,167,225,210,201,216,219,160,163,185,185,201,216,253,303,310,269,239,317,360
ID1647,157,144,144,145,142,138,164,150,120,103,112,94,83,92,92,92,85,92,95,107,96,90,97,103,112
ID1648,56,53,57,60,51,48,69,67,71,67,80,95,67,72,65,67,79,84,80,91,92,86,90,81,74
ID1649,59,64,94,65,43,41,44,39,87,50,53,64,53,57,86,55,75,67,87,73,80,84,111,88,74
ID1650,113,123,122,101,114,135,137,121,167,124,114,107,103,100,109,101,91,117,205,94,83,81,87,123,164
ID1651,132,115,120,122,119,118,111,125,147,152,143,126,118,103,136,138,109,96,97,118,104,114,119,118,125
ID1652,85,78,45,39,34,41,56,70,61,71,51,134,76,41,82,25,69,96,72,29,60,108,166,135,94
ID1653,325,436,399,426,445,347,442,457,460,450,439,444,422,376,487,405,437,422,425,471,435,422,443,465,429
ID1654,62,60,52,48,57,117,111,77,51,46,53,95,107,100,102,113,98,58,59,54,66,79,97,98,115
ID1655,112,138,103,104,103,80,102,95,101,86,85,100,130,110,117,127,91,89,113,125,109,102,116,117,100
ID1656,58,58,45,46,43,45,48,63,44,36,45,36,57,82,57,57,60,47,58,77,71,68,83,72,76
ID1657,174,197,153,166,168,154,153,155,169,157,158,296,193,156,143,167,163,202,201,197,202,194,173,205,206
ID1658,343,278,143,372,358,332,376,378,441,377,402,410,329,426,340,322,348,355,380,432,90,331,424,390,367
ID1659,209,189,186,153,105,103,143,140,156,149,136,127,131,98,125,106,207,345,190,429,345,297,243,221,248
ID1660,54,85,42,82,69,63,77,90,98,119,93,77,87,84,76,64,69,62,67,73,76,67,61,54,53
ID1661,44,71,59,52,73,48,55,28,78,67,76,68,63,46,62,52,61,79,68,61,52,59,69,79,51
ID1662,27,29,30,20,22,25,22,27,27,21,25,23,28,38,45,40,27,93,87,121,108,105,116,96,112
ID1663,135,152,142,126,122,111,159,179,192,169,187,165,172,160,165,182,150,173,201,174,165,179,144,138,135
ID1664,96,74,76,85,85,74,85,87,102,100,107,98,86,91,81,99,98,110,115,120,114,114,112,117,116
ID1665,198,251,220,243,205,276,245,217,214,216,262,263,232,261,242,237,256,247,276,304,294,211,184,202,195
ID1666,405,334,358,378,336,330,355,429,462,362,462,447,360,367,406,460,495,597,523,582,376,347,381,421,474
ID1667,113,111,97,105,17,180,112,119,132,136,106,97,104,119,94,149,121,68,129,39,49,92,3,41,50
ID1668,87,80,91,87,103,105,132,116,119,145,132,106,89,104,94,114,147,204,223,158,142,121,123,134,130
ID1669,148,133,139,170,167,288,208,196,207,204,255,227,180,200,195,157,184,330,260,76,360,77,242,226,301
ID1670,20,14,7,12,38,25,33,36,31,33,36,35,52,64,83,65,56,53,22,0,24,21,22,23,7
ID1671,73,63,64,64,63,57,77,57,72,67,66,62,56,60,60,56,56,56,89,78,76,75,85,82,87
ID1672,169,264,203,141,170,149,162,169,183,576,564,172,198,179,176,367,183,177,162,192,195,411,272,191,172
ID1673,113,116,110,68,56,59,45,45,75,66,54,72,68,71,62,32,69,75,52,64,36,24,33,39,22
ID1674,64,57,31,75,52,52,56,55,56,52,57,54,53,55,55,59,54,63,5,66,64,50,90,70,72
ID1675,96,92,86,84,95,77,89,81,82,81,91,78,67,68,56,58,75,95,90,111,84,87,84,32,1
ID1676,242,215,205,204,197,251,348,372,267,206,197,172,135,147,214,210,278,323,349,332,259,234,163,214,236
ID1677,246,241,252,266,241,245,334,347,251,230,283,314,391,359,297,281,308,307,353,347,296,344,308,339,338
ID1678,140,105,111,119,101,123,142,167,270,168,221,230,127,130,149,111,147,217,269,225,163,163,185,157,205
ID1679,225,232,209,198,187,176,226,228,233,246,201,252,220,236,248,226,215,300,333,345,331,283,292,275,276
ID1680,431,174,223,231,202,184,216,240,260,263,253,247,243,267,247,246,300,335,317,370,327,453,332,337,336
ID1681,74,94,292,187,127,121,94,139,76,186,69,197,117,216,137,187,199,266,335,243,206,150,216,155,120
ID1682,73,76,79,80,84,82,86,75,82,86,79,68,51,80,18,59,63,72,67,64,52,80,31,58,58
ID1683,260,228,219,210,173,185,209,251,298,284,260,318,173,178,193,211,246,269,423,393,343,244,264,298,317
ID1684,263,215,223,216,226,223,324,286,430,366,358,293,244,273,250,256,250,290,289,298,258,278,237,75,305
ID1685,113,116,115,105,105,105,119,112,122,118,119,106,102,113,96,108,115,121,126,114,109,111,121,113,121
ID1686,220,220,219,249,238,183,227,233,312,196,159,254,192,204,196,264,278,282,314,314,235,228,300,241,260
ID1687,160,137,144,133,111,126,137,140,157,179,146,170,123,120,133,120,163,186,192,173,147,111,149,166,211
ID1688,15,12,35,34,26,24,31,23,22,40,41,59,56,33,35,13,26,75,73,74,85,22,250,123,107
ID1689,229,213,223,218,215,195,187,186,187,177,174,179,173,186,173,104,152,202,222,235,208,202,193,201,208
ID1690,103,90,101,78,73,70,91,105,95,94,99,91,83,82,76,81,79,79,86,118,134,112,108,103,83
ID1691,23,97,173,39,44,47,66,51,66,47,65,54,45,57,46,53,54,49,57,51,66,78,83,88,99
ID1692,108,109,118,119,118,92,112,141,61,73,63,59,49,46,30,51,94,92,104,114,100,130,109,96,97
ID1693,124,151,130,150,143,122,143,145,123,149,144,147,171,138,136,157,143,131,133,140,158,169,177,201,169
ID1694,157,154,161,154,140,175,151,172,198,191,197,178,156,186,174,163,158,147,179,194,166,190,205,204,209
ID1695,78,87,41,54,60,53,64,34,36,33,48,15,NA,NA,NA,NA,NA,NA,NA,NA,NA,NA,NA,NA,NA
ID1696,75,71,73,64,63,64,70,63,59,69,72,96,73,75,75,73,62,54,75,78,82,79,81,88,79
ID1697,121,117,122,109,98,101,115,125,124,144,106,114,98,99,105,200,305,288,406,429,411,357,371,340,301
ID1698,104,103,82,89,80,82,73,83,86,86,83,67,75,79,79,76,77,74,74,72,70,74,69,67,75
ID1699,21,21,13,16,18,15,21,16,18,20,16,13,17,12,17,12,12,15,15,13,12,15,15,27,25
ID1700,155,176,166,163,128,151,164,188,270,246,257,194,166,170,161,149,150,128,168,160,202,199,208,198,190
ID1701,75,64,52,49,49,44,46,47,56,62,120,71,40,115,127,122,124,132,176,146,169,268,169,79,149
ID1702,0,1,34,45,46,26,35,63,101,5,6,71,80,76,32,50,61,45,60,35,7,15,64,12,131
ID1703,116,111,112,125,126,107,122,119,129,117,137,134,128,135,112,134,143,131,118,129,138,118,148,161,115
ID1704,116,103,91,103,112,113,142,150,167,162,156,129,115,122,108,117,125,130,161,163,156,139,153,164,166
ID1705,24,17,125,105,76,90,104,133,146,101,71,172,44,63,95,101,101,128,148,15,147,118,143,230,116
ID1706,46,60,53,51,44,34,29,42,40,37,32,39,36,39,36,36,30,19,31,29,36,30,39,42,37
ID1707,49,36,40,36,36,32,33,31,34,33,34,31,21,21,21,19,19,33,37,34,35,27,16,6,8
ID1708,123,186,188,184,198,173,200,211,200,161,149,189,150,138,125,129,136,119,128,48,109,140,136,161,151
ID1709,145,194,173,162,200,157,216,164,181,165,148,157,181,221,NA,233,205,176,218,226,195,177,196,188,187
ID1710,131,135,121,158,117,115,132,146,152,174,159,156,134,167,165,140,177,172,197,192,178,172,196,196,197
ID1711,70,61,68,61,59,54,61,75,96,69,77,70,54,79,71,62,73,77,88,81,66,51,76,71,80
ID1712,32,40,39,42,45,38,42,59,45,36,37,35,39,55,55,59,56,44,66,64,66,78,92,92,95
ID1713,179,184,159,145,126,145,189,205,227,229,205,204,138,126,139,125,193,213,217,240,197,173,201,205,230
ID1714,136,150,142,125,109,119,137,144,135,135,138,123,112,109,103,110,129,77,121,124,111,103,121,122,128
ID1715,128,108,112,107,149,156,175,180,219,188,211,237,167,164,236,185,196,226,241,226,235,249,NA,NA,295
ID1716,174,146,177,166,255,149,169,195,174,430,511,238,179,151,189,76,168,227,230,221,217,212,621,195,207
ID1717,25,0,80,81,73,73,76,94,93,103,119,100,100,102,109,101,130,120,121,124,124,107,110,123,111
ID1718,4,4,4,7,8,7,6,346,180,169,285,312,499,682,398,442,285,1228,1174,745,440,283,168,196,2
ID1719,73,109,104,117,118,77,73,69,93,84,85,112,81,48,84,117,115,147,162,155,138,131,157,126,146
ID1720,119,108,117,110,120,122,152,142,163,161,168,163,159,159,171,149,154,148,154,138,158,165,163,170,166
ID1721,157,172,166,190,181,185,200,184,191,300,335,226,212,220,245,259,298,323,460,442,362,334,423,407,387
ID1722,77,88,67,77,71,74,85,77,88,95,96,94,91,84,92,86,101,96,118,124,156,126,131,148,127
ID1723,81,79,72,78,67,65,80,84,83,106,94,82,78,86,73,120,149,155,176,93,92,75,79,77,87
ID1724,43,47,44,41,35,37,43,29,35,36,35,30,28,29,32,37,40,42,44,50,60,48,53,53,51
ID1725,605,562,517,519,510,475,501,551,499,521,486,522,459,488,482,513,479,477,487,558,512,457,497,501,458
ID1726,286,265,67,69,55,20,23,22,9,51,52,52,49,50,47,48,49,45,47,45,48,45,47,47,45
ID1727,62,59,38,65,55,52,70,73,81,71,75,77,76,77,72,75,66,56,62,61,70,68,54,58,60
ID1728,124,128,111,118,118,109,114,133,141,134,79,115,110,104,131,113,122,127,144,150,134,132,113,128,136
ID1729,200,178,160,156,137,134,160,155,160,142,151,169,151,154,158,159,172,160,184,175,177,164,184,161,172
ID1730,206,230,202,193,208,154,164,208,191,176,201,211,183,194,194,173,181,160,164,182,187,180,182,179,194
ID1731,43,50,40,44,52,13,45,37,49,59,60,64,72,71,76,80,78,72,81,57,73,74,87,90,78
ID1732,149,137,136,114,121,109,126,133,131,139,151,154,132,136,138,123,134,138,157,139,145,153,146,145,149
ID1733,82,72,73,68,85,70,70,78,31,42,44,46,56,45,49,60,82,63,73,77,71,84,85,86,87
ID1734,102,97,113,85,93,115,123,139,133,27,201,171,186,188,160,181,208,170,189,194,205,214,211,190,186
ID1735,5,7,12,14,16,6,4,3,8,11,12,5,10,1,1,9,7,5,6,10,15,8,4,7,5
ID1736,138,129,134,126,110,99,134,126,139,122,140,114,118,90,116,104,115,128,118,114,108,111,120,131,143
ID1737,121,153,132,120,114,85,148,140,154,156,169,149,133,129,148,140,132,133,147,148,150,142,153,151,146
ID1738,83,98,97,80,79,70,88,98,95,76,81,87,79,89,75,68,66,67,79,91,78,78,73,76,74
ID1739,176,153,195,191,146,122,137,170,165,149,165,166,140,138,136,127,148,167,144,155,136,144,142,148,157
ID1740,83,84,80,72,78,74,67,64,45,55,60,54,52,61,59,69,65,66,71,60,65,62,55,57,54
ID1741,154,136,138,145,114,121,134,145,145,143,146,167,135,135,150,163,151,140,156,176,146,140,140,140,151
ID1742,73,176,151,218,140,126,159,127,143,136,154,132,88,82,164,180,145,150,179,169,167,167,156,149,191
ID1743,577,461,492,539,452,541,636,536,756,763,769,630,539,431,439,485,539,430,591,598,586,610,734,741,835
ID1744,32,42,43,32,42,29,40,48,63,60,27,30,24,41,29,44,50,39,40,51,24,45,46,24,0
ID1745,92,88,84,84,72,74,83,101,91,89,99,100,94,95,74,82,88,84,84,100,97,85,102,88,78
ID1746,184,174,159,189,168,163,180,194,226,185,129,96,81,101,108,81,135,151,159,166,146,101,128,116,109
ID1747,678,487,369,367,285,295,360,568,601,616,633,668,389,410,431,441,456,600,951,744,610,477,948,584,612
ID1748,90,110,97,101,100,100,108,112,145,135,94,90,82,78,71,39,15,21,20,18,15,30,3,4,4
ID1749,281,263,294,235,255,263,259,362,298,181,36,38,71,64,103,135,155,236,223,225,153,156,175,209,164
ID1750,155,149,131,151,159,62,61,69,70,71,64,78,82,69,84,81,82,67,72,81,80,104,173,98,88
ID1751,120,103,112,97,110,93,132,153,168,150,143,171,127,127,132,142,158,179,195,182,218,248,201,163,150
ID1752,114,98,98,96,96,100,110,116,109,106,118,108,90,90,83,80,89,87,100,115,109,103,104,86,113
ID1753,59,79,79,107,109,74,88,72,105,97,98,128,120,144,121,129,114,116,109,136,137,119,119,120,126
ID1754,72,58,58,62,60,55,53,71,65,52,60,59,55,62,57,74,70,80,84,82,80,80,85,84,92
ID1755,38,40,41,41,48,45,54,51,49,51,54,87,44,42,49,45,36,54,65,62,77,58,72,61,72
ID1756,88,48,39,70,23,7,8,1,2,61,84,104,121,69,71,48,49,70,61,59,85,87,73,60,65
ID1757,76,81,134,136,125,103,116,112,136,136,137,136,141,148,139,152,149,146,140,128,157,157,165,136,157
ID1758,109,121,112,120,114,99,101,119,124,104,103,98,95,90,80,88,92,130,108,76,84,81,116,182,195
ID1759,21,42,26,20,18,21,18,18,18,15,19,19,24,19,17,17,17,16,24,23,25,25,20,29,25
ID1760,46,43,37,28,31,35,41,50,59,54,62,59,59,86,88,75,69,65,71,60,71,66,47,52,53
ID1761,68,60,58,56,67,58,58,81,79,75,73,74,56,61,79,59,77,58,56,87,67,80,82,70,81
ID1762,289,331,342,361,315,329,398,338,428,603,451,466,363,337,363,534,370,329,427,0,903,615,447,382,353
ID1763,23,25,17,16,19,20,25,25,33,28,29,36,27,29,26,35,32,11,16,15,18,16,28,49,46
ID1764,NA,178,49,85,109,119,128,103,115,111,143,115,96,102,101,101,117,123,127,116,118,118,131,123,136
ID1765,68,69,59,68,76,56,71,60,69,66,66,71,60,61,57,65,40,64,60,74,55,60,65,63,62
ID1766,64,80,64,77,76,70,75,67,68,59,64,70,69,65,67,63,71,71,67,62,72,75,65,55,60
ID1767,102,124,84,91,87,71,76,80,96,89,88,85,67,101,72,63,88,83,46,69,68,63,56,55,53
ID1768,269,274,244,192,210,199,135,269,261,262,255,263,221,190,185,196,185,197,247,237,217,170,245,236,214
ID1769,80,81,76,77,71,72,90,101,110,99,108,100,88,58,76,77,72,75,84,90,81,88,94,93,86
ID1770,221,211,116,114,117,97,122,109,143,93,NA,NA,NA,NA,NA,159,40,114,138,98,122,141,140,170,143
ID1771,179,214,236,207,226,212,257,191,269,250,117,271,241,257,223,238,248,261,315,350,295,252,221,249,268
ID1772,9,13,15,4,14,9,29,33,45,25,7,0,0,0,0,0,0,0,0,0,0,0,0,0,12
ID1773,279,262,247,265,288,229,304,347,397,363,367,321,215,248,244,239,102,104,7,0,0,75,0,35,24
ID1774,168,153,157,139,133,160,186,173,158,150,159,160,115,119,114,138,159,149,165,166,139,133,158,138,146
ID1775,96,111,103,104,119,130,125,119,123,117,134,118,106,123,122,120,90,77,79,66,71,86,77,72,74
ID1776,7,87,174,165,161,145,188,165,160,180,186,198,114,1,1,1,1,0,0,123,190,164,179,197,223
ID1777,0,0,0,0,0,0,45,52,33,27,0,97,407,446,541,664,639,818,837,724,649,609,796,706,693
ID1778,227,167,282,381,306,299,207,258,100,252,253,331,218,229,161,196,198,219,206,181,173,179,159,149,111
ID1779,62,59,57,54,52,43,52,91,84,69,66,68,67,56,54,64,54,115,111,153,102,75,117,63,103
ID1780,93,94,107,101,100,95,123,115,89,88,101,113,97,103,84,117,117,122,134,143,139,133,132,120,108
ID1781,101,157,134,196,194,233,295,259,240,260,288,338,257,472,431,539,446,349,468,502,531,588,559,567,713
ID1782,0,0,0,0,0,0,0,59,0,0,0,0,0,0,0,0,29,0,0,0,0,0,0,0,0
ID1783,0,0,0,0,0,0,0,0,0,0,0,0,0,0,0,0,0,0,0,0,2,0,0,0,1
ID1784,184,175,226,304,291,285,392,433,286,262,281,362,302,262,295,285,324,256,270,325,247,252,238,330,437
ID1785,87,73,86,85,49,74,80,82,83,66,78,75,68,77,77,83,80,86,85,113,77,96,91,99,97
ID1786,51,39,42,54,51,40,38,42,50,46,50,47,53,108,103,95,73,13,1,9,9,2,5,3,2
ID1787,65,59,42,53,42,39,46,61,82,76,76,92,73,68,75,53,64,116,126,140,86,88,86,86,78
ID1788,30,10,10,19,23,6,19,16,14,1,0,0,0,23,51,47,25,20,21,19,0,0,0,0,0
ID1789,93,105,101,62,69,67,47,72,54,45,68,64,70,117,59,57,52,86,55,134,66,85,102,75,136
ID1790,278,250,229,240,212,219,265,325,299,314,320,401,261,243,282,322,325,316,526,491,416,371,375,403,409
ID1791,121,125,105,88,15,3,73,78,68,66,66,86,66,65,79,87,42,71,86,76,90,88,131,142,140
ID1792,780,805,869,928,893,769,962,812,920,833,851,912,902,905,807,973,919,781,913,882,915,944,1037,1089,1010
ID1793,260,288,238,250,268,206,73,49,61,60,52,62,58,37,41,47,44,32,28,25,42,35,40,33,34
ID1794,163,192,156,154,125,130,141,117,131,130,129,126,140,115,105,131,117,113,138,118,117,107,125,119,131
ID1795,22,37,27,28,19,23,30,36,30,43,32,24,21,13,14,17,18,17,18,17,20,19,20,21,17
ID1796,148,147,164,159,141,157,169,186,147,147,158,147,112,184,162,148,145,176,204,171,109,112,104,104,91
ID1797,152,142,120,108,95,134,138,189,187,156,213,116,180,73,97,27,32,39,31,33,60,123,131,135,185
ID1798,138,134,136,140,139,126,162,150,156,147,153,147,133,126,131,137,112,125,144,167,154,134,133,133,106
ID1799,12,11,11,21,16,13,21,20,22,17,23,18,16,15,16,19,18,15,14,20,17,21,26,35,27
ID1800,104,103,105,84,60,45,58,81,90,75,87,90,89,87,79,77,74,58,53,59,55,64,63,61,64
ID1801,64,62,58,62,68,70,67,76,64,65,65,68,64,64,62,50,53,56,61,71,56,54,69,76,62
ID1802,0,0,1,0,0,0,0,0,0,23,0,0,2,0,0,0,0,0,4,0,0,0,0,NA,NA
ID1803,66,80,64,76,90,66,73,73,81,68,77,92,97,64,82,80,82,74,67,77,80,69,76,65,99
ID1804,89,96,99,86,88,78,85,83,82,75,111,67,86,73,89,84,84,86,111,116,89,86,97,84,107
ID1805,133,132,130,158,138,123,117,138,133,150,123,132,110,102,78,82,89,86,151,117,87,101,85,87,67
ID1806,60,55,56,64,57,56,62,58,82,67,64,65,56,59,59,60,62,58,80,67,60,60,74,58,77
ID1807,87,83,95,84,69,74,74,87,63,12,14,15,12,9,11,11,8,8,10,19,21,49,114,90,111
ID1808,19,30,37,41,41,33,30,26,34,25,15,18,29,27,31,47,35,38,39,38,41,34,35,40,35
ID1809,140,127,137,121,140,173,146,100,82,2,2,11,5,9,1,1,1,143,119,4,1,2,2,1,2
ID1810,116,117,130,107,132,127,168,111,163,128,97,134,95,106,116,100,97,109,116,121,107,94,103,102,99
ID1811,94,97,80,106,84,91,109,105,117,118,115,107,103,93,94,101,87,94,110,113,113,96,107,98,96
ID1812,210,179,188,172,134,123,112,152,141,159,166,189,85,NA,NA,NA,NA,NA,NA,NA,NA,NA,NA,NA,NA
ID1813,63,63,62,60,62,56,69,68,64,65,71,69,63,68,64,70,73,70,81,71,70,85,93,92,86
ID1814,70,99,77,92,91,60,91,82,85,86,94,80,93,80,73,104,90,81,89,78,76,88,87,98,78
ID1815,50,60,47,60,50,50,62,11,9,33,40,50,37,46,60,56,48,53,63,24,45,19,41,60,59
ID1816,7,36,220,225,156,213,361,260,314,344,295,396,152,221,263,292,268,365,357,391,352,382,406,320,290
ID1817,130,124,122,121,127,116,131,137,137,134,144,129,118,120,127,142,156,163,165,166,153,131,150,147,151
ID1818,337,362,391,291,249,281,348,261,392,281,264,274,259,294,319,334,315,315,447,386,335,331,347,341,338
ID1819,123,112,127,144,133,116,127,148,104,101,76,84,87,103,108,137,103,89,122,110,93,108,111,116,119
ID1820,182,171,172,154,165,160,227,188,210,226,236,193,171,179,183,195,200,217,251,239,227,242,288,249,233
ID1821,151,183,213,214,212,180,203,246,232,270,265,292,203,261,249,250,244,218,265,304,250,275,257,220,217
ID1822,100,94,96,91,82,75,77,89,98,94,100,104,78,79,85,100,81,106,128,133,112,109,131,109,126
ID1823,68,64,61,64,64,72,81,82,86,73,78,85,75,54,63,72,63,55,64,68,62,55,49,75,173
ID1824,65,80,69,63,60,58,56,55,64,68,69,67,62,73,59,60,59,63,72,67,76,77,58,60,60
ID1825,58,53,56,55,54,56,67,66,68,64,66,68,63,69,66,70,65,71,73,70,57,51,56,50,49
ID1826,128,133,138,142,156,123,129,118,109,114,123,112,109,115,107,108,93,83,1,0,0,0,0,13,105
ID1827,76,86,79,72,70,70,68,65,67,74,78,84,70,75,73,82,76,88,94,107,95,95,97,91,84
ID1828,191,195,194,196,206,174,168,183,200,211,183,181,194,191,168,229,170,207,234,177,197,209,253,229,231
ID1829,92,102,94,90,99,80,96,79,101,99,91,60,59,59,59,62,61,74,76,85,91,81,91,80,84
ID1830,73,91,104,130,159,131,103,102,76,86,81,89,108,101,102,101,77,73,81,107,96,107,124,118,132
ID1831,94,108,94,80,70,79,72,76,85,78,89,58,46,51,55,65,64,67,99,103,89,95,114,87,88
ID1832,66,55,55,58,52,56,71,73,74,65,78,76,58,57,56,62,62,73,74,88,74,61,72,69,67
ID1833,121,84,61,60,61,26,60,104,113,101,106,105,105,101,96,105,82,61,68,64,60,63,68,59,61
ID1834,101,100,98,107,107,95,107,118,116,110,108,99,97,98,102,96,98,98,104,105,100,88,99,107,108
ID1835,155,140,140,139,121,143,150,171,172,134,144,185,125,138,115,115,109,92,108,138,109,106,112,122,111
ID1836,32,1,1,1,2,2,23,13,24,5,17,7,59,58,132,178,141,178,227,246,134,138,184,144,131
ID1837,14,16,17,14,15,13,18,13,11,10,10,9,8,9,9,9,7,5,10,0,5,10,9,10,8
ID1838,181,183,173,174,171,184,198,205,196,192,164,192,163,178,164,168,216,165,185,192,185,209,220,212,219
ID1839,62,40,16,45,38,46,38,28,29,27,25,17,41,4,25,27,55,26,35,27,45,45,51,26,50
ID1840,58,60,57,54,50,57,55,59,62,61,63,59,57,59,63,59,61,63,74,67,63,61,62,64,67
ID1841,20,31,17,0,0,1,3,2,3,10,7,8,10,8,7,7,7,7,5,3,7,3,3,3,3
ID1842,105,98,99,91,92,87,104,111,109,104,111,113,94,95,98,100,100,100,118,118,115,100,107,105,106
ID1843,133,134,116,123,119,121,132,135,157,134,148,145,141,153,129,149,143,143,157,142,145,142,149,130,148
ID1844,99,99,85,116,104,94,102,105,91,70,81,86,73,67,65,66,77,75,106,118,96,109,100,93,107
ID1845,163,149,161,144,131,157,181,193,179,166,127,136,114,137,175,156,157,162,187,159,164,157,151,149,152
ID1846,176,178,156,156,159,151,183,202,180,185,190,186,171,163,167,174,164,148,165,191,201,215,218,223,218
ID1847,201,163,174,189,159,155,116,164,178,185,198,185,176,222,185,181,187,192,124,217,194,217,209,227,219
ID1848,142,103,69,70,55,95,84,108,110,66,84,110,63,71,73,131,69,75,172,226,82,86,107,88,84
ID1849,0,0,0,0,0,0,0,0,0,0,0,0,0,0,0,0,0,0,0,0,0,0,0,0,0
ID1850,110,135,135,113,118,122,118,118,162,137,168,125,104,122,120,138,169,155,149,153,150,151,169,136,168
ID1851,69,74,67,70,54,60,66,70,71,64,66,88,78,83,77,75,60,74,70,68,88,90,81,63,163
ID1852,30,30,27,36,28,10,4,13,16,15,7,11,20,20,14,12,18,21,22,34,23,25,24,25,26
ID1853,117,120,127,121,123,102,110,121,109,126,127,124,122,117,99,92,131,103,105,115,96,96,100,103,107
ID1854,161,149,116,122,117,112,171,203,164,199,193,189,171,182,175,160,160,148,162,169,190,162,153,175,176
ID1855,138,128,116,122,123,122,139,132,107,102,141,111,115,112,111,112,130,129,139,136,87,67,73,84,80
ID1856,187,187,175,152,172,160,184,135,110,68,125,32,79,109,99,108,104,94,118,138,132,105,122,131,146
ID1857,92,111,110,104,137,143,128,103,192,162,220,170,138,123,121,108,73,192,359,176,237,0,NA,267,258
ID1858,86,90,88,91,78,79,99,74,114,78,142,139,89,130,90,80,124,163,175,122,95,80,127,130,126
ID1859,34,40,35,32,30,30,41,46,41,39,53,57,53,55,51,45,32,3,2,2,2,1,2,3,1
ID1860,96,87,103,75,130,117,68,88,114,71,57,55,48,64,67,80,67,66,66,58,56,52,59,66,59
ID1861,51,47,23,15,24,26,44,41,44,97,69,65,71,78,75,76,102,103,101,151,127,129,151,149,220
ID1862,159,154,141,126,155,134,162,159,159,139,160,129,120,142,149,162,139,134,165,160,174,163,176,165,167
ID1863,117,116,138,146,157,87,103,87,87,82,125,68,115,110,134,114,118,113,135,123,100,112,122,111,109
ID1864,20,21,21,23,20,16,21,14,15,17,18,21,29,32,21,22,22,19,24,19,21,20,18,18,18
ID1865,42,41,39,42,37,39,45,42,55,43,49,42,40,41,42,45,45,46,49,47,39,27,36,56,50
ID1866,85,98,90,101,73,46,90,64,38,36,19,39,22,33,29,22,78,92,62,70,85,86,30,75,90
ID1867,73,71,73,77,79,61,61,66,55,55,71,63,54,49,48,54,50,46,48,49,50,62,70,66,63
ID1868,31,2,NA,20,0,19,67,106,231,251,238,222,206,240,217,228,250,237,260,341,239,255,257,253,270
ID1869,75,79,73,66,78,66,68,82,85,78,80,79,68,70,76,78,89,86,94,113,98,101,97,107,104
ID1870,68,108,119,108,107,88,131,181,124,138,163,136,95,98,103,106,106,108,186,174,125,154,138,112,133
ID1871,91,71,75,76,71,61,80,80,81,74,72,69,67,116,113,66,110,106,135,126,117,130,115,114,108
ID1872,437,473,507,470,461,478,449,525,502,509,474,465,454,463,463,405,419,407,414,471,405,413,449,368,434
ID1873,135,106,128,103,68,107,129,130,132,118,143,129,111,116,NA,NA,NA,NA,NA,NA,NA,NA,NA,NA,NA
ID1874,146,121,116,133,78,116,136,163,148,120,150,152,130,158,159,125,145,149,187,157,138,140,124,116,159
ID1875,143,181,190,138,165,139,157,161,169,158,173,179,178,177,147,131,116,107,166,175,180,150,163,167,151
ID1876,46,57,47,59,74,72,56,55,49,45,69,30,32,32,29,30,34,43,40,57,54,51,17,87,53
ID1877,297,246,236,117,158,182,202,161,198,119,224,272,189,152,198,120,197,236,242,203,160,197,238,210,192
ID1878,135,108,113,127,155,111,117,116,112,144,164,171,107,100,113,129,140,168,122,138,111,100,96,109,109
ID1879,71,66,68,64,75,63,74,73,79,71,75,76,69,74,74,70,99,94,97,122,100,83,90,95,91
ID1880,227,188,239,173,157,225,309,336,318,323,328,371,147,109,178,157,184,201,339,296,197,225,123,215,327
ID1881,260,268,246,265,246,210,175,175,176,156,163,113,168,170,169,194,169,178,211,167,132,82,83,70,68
ID1882,24,30,24,18,8,4,15,19,23,23,26,24,25,21,11,12,3,7,2,17,11,9,9,31,25
ID1883,107,105,122,109,95,96,114,106,119,104,106,94,76,82,96,92,90,88,113,114,105,105,106,112,111
ID1884,119,108,87,89,73,77,82,93,80,81,82,79,75,75,68,91,87,101,87,104,79,85,93,88,101
ID1885,0,0,1,0,0,0,0,35,0,0,0,0,0,0,6,4,65,77,87,89,60,66,76,54,3
ID1886,78,83,89,105,115,122,114,97,136,110,103,90,82,45,57,71,63,54,56,53,64,69,72,77,77
ID1887,165,151,143,143,141,125,144,165,160,162,152,147,158,159,140,143,135,150,161,141,162,137,162,154,148
ID1888,97,104,93,73,84,83,90,102,40,49,2,2,0,2,1,72,78,79,94,95,82,83,88,90,93
ID1889,151,135,126,131,109,122,117,125,131,127,127,76,43,52,59,49,51,57,67,65,64,72,64,65,69
ID1890,94,6,96,5,92,70,90,69,70,75,62,66,70,45,61,68,66,75,85,84,69,62,59,61,71
ID1891,104,83,77,74,84,75,65,88,111,77,69,32,26,38,43,47,43,42,42,36,40,42,42,38,41
ID1892,65,53,48,52,39,44,57,36,47,49,54,61,93,84,70,62,69,62,63,55,30,5,4,14,4
ID1893,117,94,93,74,78,85,76,90,68,71,86,66,62,62,65,87,50,77,75,93,76,70,64,49,77
ID1894,60,65,62,70,60,55,57,60,48,57,54,63,50,52,46,55,48,52,58,56,46,48,38,34,35
ID1895,211,208,193,137,182,187,273,253,266,240,263,269,251,150,213,184,245,263,285,33,233,226,268,215,179
ID1896,168,169,140,146,130,173,135,113,121,116,122,123,100,76,84,66,72,69,77,72,83,83,84,94,97
ID1897,207,204,147,6,75,62,80,78,78,66,72,88,86,7,1,21,47,57,66,107,101,60,6,80,162
ID1898,8,42,9,62,61,66,73,77,55,61,58,40,51,45,56,62,64,61,55,60,36,44,41,34,38
ID1899,47,57,37,27,3,4,122,217,190,168,169,174,123,0,NA,NA,NA,NA,7,79,161,145,107,28,4
ID1900,22,20,22,23,19,24,21,23,17,14,17,15,15,14,14,11,12,16,23,20,16,14,13,16,14
ID1901,99,104,109,97,105,100,109,117,95,104,114,107,93,95,94,96,109,106,116,126,101,108,108,110,104
ID1902,183,138,124,185,146,146,165,184,96,48,42,65,179,169,172,257,215,188,184,181,142,139,144,154,233
ID1903,56,87,75,75,76,78,99,98,57,5,11,11,26,30,36,52,48,52,74,76,70,74,34,53,56
ID1904,22,22,16,15,14,20,30,29,27,29,33,28,25,20,24,21,23,24,28,30,32,33,51,37,44
ID1905,30,29,29,32,29,30,33,35,37,38,37,39,33,31,26,31,33,34,38,31,29,35,32,32,36
ID1906,183,161,155,155,176,154,161,187,178,160,183,191,173,163,178,178,130,165,190,162,204,189,169,193,198
ID1907,124,69,73,72,58,44,42,61,48,52,79,71,53,56,60,53,62,89,87,119,108,95,89,100,108
ID1908,100,114,155,150,154,160,164,155,196,205,260,239,189,183,191,125,152,180,159,178,163,146,203,209,155
ID1909,60,67,57,59,57,55,58,63,65,59,64,74,66,77,77,65,66,63,74,82,79,70,74,60,46
ID1910,65,59,73,69,65,60,61,50,44,62,69,65,16,6,3,39,70,3,2,34,2,5,12,20,2
ID1911,86,120,87,84,78,73,93,104,91,88,152,85,79,71,80,78,78,76,107,106,84,112,122,102,108
ID1912,179,173,130,163,155,149,169,167,176,149,140,134,132,151,149,159,145,150,131,163,151,120,121,119,153
ID1913,97,87,124,86,96,87,105,131,101,124,89,141,92,96,96,103,107,103,88,109,127,104,101,85,124
ID1914,5,4,5,5,5,4,5,3,6,5,5,5,4,4,5,4,4,5,5,4,5,5,21,45,33
ID1915,81,70,59,63,69,74,96,76,77,74,77,85,85,74,106,153,109,115,103,92,95,91,105,106,75
ID1916,168,179,175,175,151,156,203,144,150,147,148,141,116,109,100,131,132,138,197,209,164,162,161,164,159
ID1917,70,3,110,122,125,95,111,110,195,158,152,140,150,107,123,148,165,187,170,191,182,181,153,217,196
ID1918,150,132,127,134,134,110,132,131,132,133,163,123,130,152,139,195,119,130,143,117,114,118,119,117,112
ID1919,81,79,0,91,71,80,23,48,29,105,142,84,27,50,49,58,98,118,152,119,6,4,63,96,96
ID1920,111,92,86,101,99,70,90,99,106,112,123,118,115,113,86,81,96,97,116,129,108,115,109,103,98
ID1921,2,2,3,3,3,2,3,113,133,26,0,0,0,0,1,0,0,0,0,0,0,0,0,0,0
ID1922,72,78,69,58,37,39,50,24,3,0,102,102,84,95,87,96,94,92,100,98,100,97,104,99,94
ID1923,149,130,137,116,113,96,75,53,50,56,42,35,47,39,36,42,40,33,44,38,44,42,34,32,43
ID1924,97,94,153,193,113,106,185,182,222,154,360,298,116,124,NA,99,68,123,71,86,182,130,231,145,103
ID1925,57,57,57,20,138,142,147,185,180,168,183,120,186,159,140,180,175,218,180,191,663,181,175,159,270
ID1926,188,177,184,183,175,169,207,217,202,177,186,189,169,166,182,175,181,186,200,200,192,165,167,169,176
ID1927,93,76,106,110,98,85,64,0,20,20,26,26,29,1,18,24,34,30,36,24,44,49,35,26,14
ID1928,28,26,26,28,27,27,32,26,27,25,26,25,25,24,23,26,25,26,26,26,26,25,24,24,24
ID1929,142,111,90,87,86,83,85,99,94,84,96,99,74,78,70,99,111,128,131,100,142,95,96,104,87
ID1930,25,25,22,40,39,37,30,38,38,36,32,33,30,38,37,39,48,42,49,48,50,48,57,40,1
ID1931,192,199,183,182,173,182,205,180,165,163,170,176,154,172,158,157,132,149,180,132,58,14,17,16,16
ID1932,72,56,55,55,47,63,59,60,48,37,36,40,34,42,21,2,16,79,82,70,65,71,26,29,39
ID1933,184,154,175,144,111,118,173,138,136,154,169,161,146,152,139,167,174,173,177,163,148,149,156,147,139
ID1934,100,99,91,97,80,64,92,78,93,81,111,90,87,94,75,78,64,78,92,89,88,91,79,75,85
ID1935,50,66,86,73,61,62,64,60,68,61,71,72,99,97,102,62,79,84,92,101,90,78,79,84,60
ID1936,159,114,98,77,71,81,107,110,99,90,82,80,88,79,79,80,131,112,111,108,103,90,90,92,100
ID1937,156,165,166,188,145,167,206,246,216,224,257,225,263,261,271,225,184,90,256,249,229,205,265,221,256
ID1938,39,31,32,39,35,31,41,46,63,43,33,22,23,71,71,80,68,68,84,84,63,NA,NA,NA,NA
ID1939,52,61,32,44,42,20,44,24,15,20,19,35,35,24,21,22,19,26,48,40,26,32,27,20,27
ID1940,56,45,30,60,69,70,74,70,76,78,69,70,61,8,9,26,24,22,24,24,40,42,48,61,57
ID1941,106,105,93,74,61,63,88,75,85,97,102,86,76,74,64,77,61,53,77,66,75,76,74,70,73
ID1942,184,156,144,82,148,142,151,172,174,136,144,161,89,107,107,121,135,171,166,154,142,190,150,169,209
ID1943,80,98,77,82,75,74,83,78,111,79,79,78,43,0,NA,NA,NA,NA,NA,NA,NA,NA,NA,NA,NA
ID1944,53,52,54,58,69,65,68,69,69,62,70,72,60,62,57,64,64,69,72,69,69,68,73,69,65
ID1945,287,297,284,253,248,255,264,320,296,330,325,357,182,200,240,221,307,266,364,322,251,254,230,262,209
ID1946,123,117,117,115,94,99,113,87,61,90,103,55,18,26,14,4,0,20,43,49,44,48,41,52,59
ID1947,289,352,298,398,272,347,354,376,389,352,364,372,340,447,421,354,356,368,369,425,397,461,486,396,496
ID1948,91,79,93,90,84,81,96,87,122,100,105,103,98,92,83,115,101,97,102,90,99,90,99,97,87
ID1949,132,133,130,124,127,131,117,118,128,139,151,158,147,134,119,129,134,152,179,146,160,159,116,191,139
ID1950,958,896,741,681,710,785,912,1083,1389,1472,1476,1245,957,983,990,966,964,1121,1285,1226,1301,1118,1230,1177,1183
ID1951,24,30,32,34,35,24,22,21,21,22,24,44,54,54,56,94,64,84,93,81,60,50,54,75,69
ID1952,113,117,107,106,95,109,114,131,127,122,123,115,117,104,107,124,126,120,117,109,117,129,123,113,105
ID1953,32,35,36,30,41,32,45,48,52,46,53,38,35,41,27,38,42,40,41,48,29,28,0,31,35
ID1954,78,79,84,74,61,71,77,87,93,88,69,45,59,58,60,59,72,71,57,73,66,75,71,61,65
ID1955,107,128,117,85,110,68,84,103,105,81,97,160,133,101,124,71,111,85,144,193,132,145,142,100,107
ID1956,258,273,278,229,230,260,238,300,320,333,297,306,239,267,264,234,324,260,336,488,313,216,247,277,366
ID1957,160,107,117,10,112,NA,164,47,124,NA,NA,161,160,113,113,122,NA,NA,NA,85,111,102,111,114,115
ID1958,21,19,21,12,0,12,24,20,17,11,10,5,1,11,21,25,26,23,25,26,26,26,27,28,26
ID1959,60,171,159,200,178,173,206,207,197,159,169,163,161,205,141,158,160,149,203,196,189,191,184,186,201
ID1960,94,89,86,86,64,75,72,72,89,78,78,78,77,87,75,73,81,75,83,93,95,85,100,107,105
ID1961,202,235,239,243,229,214,181,187,203,182,199,201,198,188,184,189,127,120,144,172,125,120,156,150,140
ID1962,54,45,39,38,33,35,44,48,45,48,52,56,52,47,51,53,49,58,62,64,58,63,60,63,63
ID1963,5,1,1,4,2,1,3,1,1,0,0,0,0,0,4,0,0,0,2,1,1,1,2,2,2
ID1964,168,174,158,142,134,133,149,166,150,143,139,149,137,143,142,138,156,146,159,163,146,155,153,161,155
ID1965,NA,522,432,303,258,17,233,119,191,186,282,320,221,249,247,221,216,243,328,382,268,219,267,192,191
ID1966,124,127,105,132,103,121,111,158,144,125,144,120,120,127,126,135,142,124,126,176,144,123,144,135,158
ID1967,38,38,37,37,30,31,36,36,47,36,41,35,29,36,40,30,38,46,49,40,70,84,67,40,42
ID1968,97,92,86,102,87,81,88,103,82,85,92,88,88,98,102,98,103,87,89,103,89,98,90,80,96
ID1969,680,487,557,375,399,416,550,546,573,609,576,599,366,447,539,545,625,694,648,566,576,583,598,701,794
ID1970,135,114,99,117,117,122,133,117,109,104,108,99,132,105,93,99,109,87,107,108,92,100,99,103,115
ID1971,108,116,103,103,104,102,93,114,100,115,110,93,77,81,100,99,98,100,119,110,100,106,103,97,98
ID1972,77,74,69,82,67,72,87,101,93,89,89,87,104,101,98,101,32,85,87,72,86,83,76,72,87
ID1973,2,4,2,0,0,0,1,1,22,46,49,56,67,65,67,99,89,93,95,104,102,109,103,113,106
ID1974,125,134,135,126,123,112,136,133,138,129,131,137,119,128,129,128,137,145,97,116,111,125,121,134,127
ID1975,38,62,45,43,58,56,55,60,43,51,58,62,51,30,41,43,38,39,42,79,85,80,58,45,45
ID1976,22,12,14,28,41,0,12,0,0,3,0,0,0,0,0,0,10,3,4,4,50,28,0,79,0
ID1977,77,88,84,77,73,69,63,64,60,60,67,77,72,77,72,55,66,72,70,70,75,79,72,71,86
ID1978,411,283,314,216,215,207,109,327,108,301,334,104,241,99,95,261,462,189,140,784,882,802,605,502,573
ID1979,91,79,108,92,79,90,104,117,100,106,98,104,98,89,97,97,101,98,136,129,124,122,135,135,133
ID1980,135,124,121,120,116,116,120,147,126,123,145,132,116,116,111,119,136,131,127,142,113,118,120,149,132
ID1981,116,93,93,89,70,73,82,84,83,80,102,85,79,79,92,88,96,84,93,93,79,78,85,85,85
ID1982,135,198,173,181,177,186,180,259,223,210,196,187,175,181,185,143,164,108,115,121,177,199,206,203,198
ID1983,118,126,108,131,118,77,85,78,94,92,122,124,107,68,71,97,83,82,82,85,97,89,101,89,114
ID1984,169,164,120,116,116,114,135,128,134,125,148,151,125,109,61,117,106,100,102,117,105,101,100,97,92
ID1985,309,207,221,197,186,212,276,394,396,324,353,393,249,177,237,27,8,9,69,235,147,140,170,147,241
ID1986,0,0,0,0,0,0,0,0,0,0,0,0,0,0,0,0,0,0,0,0,0,0,0,0,0
ID1987,186,158,152,150,135,183,167,155,178,170,162,143,116,115,112,118,121,146,177,179,148,159,160,155,104
ID1988,29,31,27,30,31,26,31,36,33,30,35,33,33,33,32,32,30,29,36,34,39,30,35,33,31
ID1989,5,10,7,7,0,1,0,0,0,16,28,78,63,71,75,73,73,68,76,50,20,23,0,0,1
ID1990,104,121,133,88,85,72,105,131,119,102,122,110,100,102,107,113,106,108,166,138,133,137,119,149,169
ID1991,104,109,127,111,114,96,116,119,127,103,106,99,108,118,119,98,115,119,147,141,118,145,135,127,122
ID1992,347,375,356,368,341,312,391,407,402,355,402,388,372,347,421,363,378,349,435,451,409,428,464,427,408
ID1993,169,183,192,187,183,175,207,217,209,212,224,177,211,234,230,208,217,208,246,245,220,238,255,250,257
ID1994,167,175,174,159,152,107,130,128,117,111,127,113,123,121,109,122,124,130,130,124,131,131,187,88,86
ID1995,111,97,86,108,107,94,115,91,105,86,115,103,95,94,87,94,88,85,87,88,100,87,93,89,83
ID1996,88,89,88,97,95,83,96,94,88,67,72,95,79,59,71,67,95,29,68,75,76,63,79,84,75
ID1997,43,96,59,74,172,109,107,99,99,95,108,167,146,193,182,171,129,113,137,135,159,167,227,193,204
ID1998,185,179,150,165,143,129,159,220,211,228,227,189,183,148,155,166,182,186,208,205,228,218,211,202,193
ID1999,56,51,38,34,37,42,65,67,33,32,39,41,38,36,29,45,62,67,70,61,48,44,46,52,59
ID2000,76,75,92,88,85,78,70,91,72,79,82,76,75,71,37,78,64,66,87,80,80,79,88,96,80
ID2001,220,214,202,219,221,227,266,247,260,276,262,262,233,259,248,259,273,264,234,250,260,238,242,263,281
ID2002,108,125,100,87,90,73,93,80,88,77,80,65,53,65,54,79,76,86,88,65,67,70,88,86,71
ID2003,45,49,41,32,37,35,46,44,44,29,30,26,25,25,30,35,29,29,29,28,26,29,29,32,31
ID2004,42,61,67,72,81,67,75,67,71,60,67,64,63,69,61,64,70,78,80,83,75,79,82,79,86
ID2005,103,93,103,134,46,79,96,98,104,89,71,77,81,96,93,106,115,87,18,16,15,17,18,16,18
ID2006,65,59,56,59,63,48,56,55,52,49,51,53,46,48,45,51,51,52,56,55,49,46,32,33,32
ID2007,43,39,6,1,52,67,75,79,61,42,49,47,44,45,34,32,46,26,22,28,22,14,21,26,36
ID2008,158,154,163,140,163,170,267,214,233,208,279,223,174,158,138,179,181,186,189,180,164,173,185,195,193
ID2009,NA,810,133,153,136,103,117,108,102,112,116,114,113,108,131,105,105,121,128,134,177,193,208,160,118
ID2010,60,47,56,64,49,47,46,59,56,64,78,61,34,4,6,29,59,63,59,50,64,60,68,77,63
ID2011,78,74,76,66,66,66,80,91,98,84,95,115,89,89,104,118,119,110,124,127,182,138,155,147,157
ID2012,134,101,95,84,104,105,146,134,126,125,120,90,96,102,96,84,94,123,204,219,154,173,182,166,190
ID2013,106,92,98,79,102,91,123,123,128,156,88,107,95,122,111,108,109,129,142,54,56,62,53,49,54
ID2014,97,105,77,76,77,68,81,70,73,63,59,56,56,60,55,72,60,81,80,71,87,90,86,85,86
ID2015,7,2,4,6,12,4,5,2,5,4,5,7,5,8,6,6,4,3,13,4,1,6,3,9,4
ID2016,69,46,53,50,36,49,83,54,54,50,65,93,91,33,25,32,39,30,54,80,74,69,85,57,71
ID2017,584,205,408,389,405,438,578,384,595,617,586,700,460,463,451,437,581,698,683,670,659,440,444,445,478
ID2018,38,40,66,64,54,21,5,64,44,48,27,27,0,NA,NA,NA,98,100,73,51,28,28,31,51,56
ID2019,72,80,67,79,68,41,11,19,11,17,19,21,1,6,7,9,3,0,13,9,7,5,0,0,0
ID2020,76,69,59,68,58,58,78,80,75,82,81,85,68,75,73,77,79,88,102,100,80,78,90,92,95
ID2021,135,151,137,107,45,60,102,57,89,82,99,146,77,77,75,34,55,85,114,87,39,57,107,119,103
ID2022,91,99,100,147,114,81,93,86,63,62,64,60,53,48,41,67,67,73,77,97,81,82,81,74,96
ID2023,146,123,89,144,159,116,143,144,166,157,172,195,193,144,135,178,199,223,192,313,190,251,312,212,229
ID2024,0,1,0,1,0,0,0,8,34,49,70,64,68,45,39,16,7,5,6,6,8,7,6,9,17
ID2025,104,122,118,165,131,118,115,105,96,94,116,98,101,97,90,66,99,82,102,107,86,72,70,74,81
ID2026,121,124,127,117,123,120,102,154,124,108,126,120,112,124,117,111,126,119,118,131,134,104,127,133,123
ID2027,476,120,244,192,159,190,233,225,271,231,243,257,210,229,249,287,307,349,393,373,297,277,336,420,434
ID2028,95,110,125,115,106,87,94,100,101,88,100,112,100,60,91,95,115,51,62,124,132,122,103,104,98
ID2029,41,75,66,64,58,60,64,68,70,66,64,63,79,74,79,77,77,52,0,0,0,NA,NA,NA,86
ID2030,61,85,100,83,91,65,96,92,80,83,77,61,78,76,78,83,92,67,94,89,97,93,92,103,101
ID2031,58,62,67,64,64,55,59,50,52,47,59,49,49,56,52,50,78,58,68,59,52,60,54,44,50
ID2032,129,101,103,98,102,105,119,114,124,103,124,106,105,120,113,110,123,119,110,106,116,116,123,99,117
ID2033,116,79,54,54,92,100,109,101,96,96,84,89,97,100,91,91,81,90,107,108,109,113,130,68,91
ID2034,33,28,32,34,26,25,28,22,29,23,29,24,26,29,30,13,34,16,2,0,0,0,0,0,16
ID2035,69,66,63,85,261,76,100,87,120,89,92,74,69,72,68,76,82,154,313,220,81,77,81,49,NA
ID2036,154,120,181,184,146,141,173,116,123,141,169,157,155,124,134,140,144,134,137,143,141,128,130,115,76
ID2037,136,126,118,94,76,61,78,110,108,90,95,78,60,63,61,59,56,89,114,122,93,75,79,73,82
ID2038,145,152,138,143,145,132,144,145,157,150,151,154,153,150,148,148,155,134,158,148,151,157,167,166,164
ID2039,70,51,59,64,52,40,13,0,1,2,17,15,14,2,42,45,56,57,65,36,55,76,70,57,41
ID2040,118,105,92,100,109,120,138,97,115,126,145,118,95,113,120,117,114,150,170,154,126,147,140,131,140
ID2041,234,223,176,241,227,241,158,180,174,185,183,159,163,248,253,258,289,262,273,302,275,273,289,279,293
ID2042,123,506,95,241,262,237,257,362,362,393,418,499,284,282,304,282,324,387,507,497,404,443,532,430,450
ID2043,152,110,116,85,82,81,74,74,89,109,93,82,76,93,80,74,94,87,93,136,117,135,112,119,100
ID2044,59,58,56,52,61,56,66,67,67,66,71,66,59,59,60,57,68,69,65,76,67,66,69,69,76
ID2045,133,125,111,126,126,110,121,165,135,131,143,133,142,144,113,142,145,180,170,161,172,164,168,172,196
ID2046,67,77,75,106,108,106,100,81,81,95,110,95,104,113,111,104,113,145,169,155,127,147,141,141,130
ID2047,186,178,188,142,180,170,279,193,226,182,186,200,173,201,171,205,193,313,376,251,160,177,223,176,217
ID2048,165,145,147,153,149,142,184,174,124,108,113,105,92,100,94,101,122,113,130,114,109,116,87,156,140
ID2049,84,115,97,92,86,107,115,121,114,122,101,101,103,113,106,112,115,116,201,153,179,140,135,133,116
ID2050,35,21,26,39,29,26,31,32,41,46,64,60,30,22,20,34,46,35,37,46,42,46,46,43,44
ID2051,175,170,158,133,153,143,147,154,124,136,112,76,92,104,111,75,98,126,144,94,79,146,131,161,93
ID2052,48,43,46,39,34,33,52,53,69,69,62,61,31,35,32,36,39,48,58,63,30,30,35,31,34
ID2053,145,129,97,91,74,75,88,131,78,93,83,81,106,83,80,57,37,34,66,105,152,56,82,84,91
ID2054,130,110,124,115,124,122,123,138,146,128,105,94,9,108,103,110,133,114,120,103,112,88,111,114,104
ID2055,10,4,2,0,7,9,9,7,14,18,16,14,13,13,15,13,11,11,11,12,12,12,15,13,14
ID2056,75,61,54,52,55,58,88,84,86,92,78,70,70,71,70,75,80,82,95,92,101,102,97,36,1
ID2057,50,138,163,163,137,166,176,216,286,231,262,206,157,182,170,175,216,243,201,271,186,197,212,161,110
ID2058,322,249,288,264,271,261,268,312,308,301,320,287,305,272,295,272,348,323,329,328,305,311,336,253,NA
ID2059,113,112,113,104,89,79,68,76,74,73,89,86,61,81,75,77,56,86,96,91,82,67,70,82,78
ID2060,126,134,132,126,112,136,97,150,130,124,117,112,96,81,103,110,110,115,139,146,113,118,132,133,144
ID2061,111,84,82,93,98,31,33,35,62,57,55,50,36,97,99,96,100,109,124,119,115,117,117,119,120
ID2062,98,107,102,102,148,105,104,100,92,95,101,121,82,81,102,94,86,106,113,91,99,115,134,130,132
ID2063,83,90,87,89,92,87,91,85,90,83,115,97,77,90,78,85,85,76,86,77,61,82,88,87,86
ID2064,368,353,352,337,281,275,277,320,313,279,274,268,247,246,293,288,259,261,275,292,287,332,298,314,354
ID2065,87,77,89,94,98,91,98,77,105,88,96,94,79,82,79,86,82,80,79,73,79,78,76,82,68
ID2066,81,80,79,83,87,78,83,70,84,77,88,85,80,85,78,88,86,82,92,96,79,87,77,75,74
ID2067,110,111,105,103,101,100,103,113,100,82,122,125,110,124,125,119,126,117,136,138,118,116,118,121,119
ID2068,84,86,75,77,76,75,88,78,93,78,87,70,61,58,54,61,82,77,88,95,80,71,90,91,98
ID2069,98,112,94,107,101,126,138,111,106,87,92,69,57,22,25,40,21,38,38,50,45,35,50,47,52
ID2070,84,74,71,75,85,76,75,107,93,126,121,108,90,93,105,111,85,102,110,99,90,88,82,100,113
ID2071,143,163,148,150,148,127,145,150,145,158,146,146,138,159,137,74,65,83,106,105,89,98,96,103,107
ID2072,399,312,279,242,226,282,359,419,439,421,460,476,354,379,381,410,490,461,571,606,611,531,543,536,562
ID2073,109,84,73,75,72,67,89,87,87,96,137,130,82,63,63,68,68,60,66,62,54,92,64,59,65
ID2074,41,38,35,37,34,27,0,6,24,36,34,31,30,31,30,35,38,34,47,43,42,42,41,44,44
ID2075,55,47,54,19,46,46,39,28,52,41,43,34,41,38,44,10,28,5,22,55,34,7,9,21,19
ID2076,296,242,284,217,81,117,192,193,252,194,190,181,85,84,97,125,157,190,249,271,185,164,190,215,227
ID2077,184,169,72,28,27,240,262,303,289,253,255,305,179,170,164,198,274,302,341,244,261,242,234,170,182
ID2078,73,78,79,74,95,82,79,86,88,106,86,85,75,90,91,77,107,90,101,101,91,94,89,75,109
ID2079,197,182,145,125,137,143,148,160,117,123,150,106,127,133,120,126,130,115,149,157,152,151,152,168,159
ID2080,138,138,122,121,148,147,156,176,177,179,171,265,154,178,179,191,198,255,326,362,263,197,198,191,196
ID2081,85,88,74,81,80,86,84,95,97,90,113,121,119,71,71,88,83,106,116,117,72,108,118,321,151
ID2082,184,220,165,185,161,133,175,201,223,196,201,170,149,145,139,163,132,163,186,174,156,146,180,182,193
ID2083,131,133,132,123,128,126,134,128,153,146,138,144,127,136,133,139,136,128,148,157,151,147,152,160,156
ID2084,89,91,90,55,70,66,77,77,76,88,83,85,82,90,87,84,81,83,92,84,77,81,88,87,110
ID2085,45,18,21,32,33,18,25,15,15,18,14,11,11,8,13,9,23,38,64,44,53,57,53,50,43
ID2086,58,64,62,88,85,87,98,68,91,68,74,71,78,44,NA,NA,NA,NA,NA,NA,NA,NA,NA,NA,NA
ID2087,20,37,36,7,9,20,6,6,6,8,5,10,7,0,52,60,120,116,125,177,116,96,130,68,89
ID2088,1,0,0,0,0,0,20,11,25,32,3,0,0,0,5,0,0,0,0,0,0,3,0,0,0
ID2089,79,84,84,69,78,77,90,98,106,85,103,106,85,76,83,77,78,68,77,97,78,79,85,93,79
ID2090,161,137,137,145,120,78,0,0,NA,NA,NA,NA,NA,NA,NA,NA,NA,NA,NA,NA,NA,NA,NA,NA,NA
ID2091,112,114,112,108,100,95,110,102,103,126,116,109,108,91,107,106,96,85,59,56,44,76,64,51,65
ID2092,79,88,89,92,93,110,116,126,28,8,1,1,0,33,28,34,49,46,54,55,39,34,21,78,86
ID2093,30,33,28,29,22,29,20,23,24,24,24,19,19,17,19,18,24,23,27,31,30,36,34,35,30
ID2094,8,1,20,56,56,60,70,81,86,73,75,82,70,78,84,97,83,84,101,85,95,93,98,95,115
ID2095,436,441,433,NA,618,244,422,450,476,437,411,421,364,371,342,371,384,417,493,484,490,282,255,347,484
ID2096,80,78,76,76,72,79,101,84,92,72,87,72,75,63,66,72,79,91,82,78,80,93,90,84,90
ID2097,171,171,162,168,209,179,216,190,220,200,235,194,207,202,196,164,181,169,206,163,181,216,221,196,177
ID2098,59,54,61,76,50,41,48,48,35,32,54,47,32,0,2,0,6,1,5,15,0,3,0,9,5
ID2099,96,86,88,97,90,76,85,88,95,102,90,97,86,67,73,85,77,87,91,87,83,85,79,85,75
ID2100,82,61,69,73,79,80,86,86,75,64,60,69,113,111,87,102,99,105,128,125,81,77,109,100,82
ID2101,153,153,137,132,135,133,175,173,185,188,180,177,158,157,161,163,184,190,169,160,148,178,157,191,153
ID2102,44,94,79,74,68,90,42,1,2,0,0,0,0,0,0,0,13,3,4,11,16,41,45,35,15
ID2103,44,57,51,61,49,54,51,63,77,78,61,75,62,46,60,48,58,53,63,58,55,50,56,65,58
ID2104,60,54,70,49,48,46,56,54,63,51,52,54,46,46,48,48,48,53,58,60,55,59,57,62,63
ID2105,108,113,115,105,105,76,99,106,124,94,112,104,85,71,71,77,103,96,114,125,125,126,117,110,114
ID2106,162,153,165,102,147,110,3,38,162,145,168,172,134,149,169,139,171,170,186,155,105,100,97,94,44
ID2107,121,118,124,124,90,123,128,128,120,105,120,115,110,125,124,121,123,116,148,153,141,136,144,158,138
ID2108,166,178,193,193,188,174,180,186,182,173,163,156,174,195,184,178,189,162,155,172,174,177,175,154,172
ID2109,47,58,47,65,60,54,80,48,51,67,66,56,45,87,81,80,74,84,77,80,40,42,63,52,65
ID2110,73,81,79,76,69,71,80,84,80,83,83,86,75,83,74,79,77,75,85,87,78,77,80,85,73
ID2111,14,21,44,49,43,38,44,41,46,59,50,46,95,122,129,96,79,127,142,153,134,126,141,138,121
ID2112,0,0,0,0,0,0,0,38,0,12,0,84,285,322,309,334,292,196,207,270,326,315,298,342,295
ID2113,179,159,177,178,158,175,188,186,194,170,169,178,159,182,175,165,174,170,176,182,161,170,183,180,208
ID2114,166,145,162,173,196,195,180,202,144,146,204,158,126,144,147,170,188,182,182,226,190,222,236,226,199
ID2115,65,68,74,86,83,77,72,63,62,53,57,57,59,84,92,78,50,54,76,68,66,47,47,48,49
ID2116,99,88,87,97,94,123,111,90,110,117,119,86,99,89,105,111,105,96,116,119,114,104,123,201,167
ID2117,263,279,255,277,258,246,296,293,262,281,264,293,252,273,264,258,228,239,308,315,281,282,293,301,289
ID2118,170,161,157,165,157,153,185,174,161,171,178,174,176,173,159,189,190,163,194,208,119,163,233,206,211
ID2119,62,72,56,83,79,53,69,58,58,53,55,57,60,62,60,69,62,58,58,64,56,58,52,57,53
ID2120,38,34,30,32,26,30,38,52,41,42,69,44,39,48,21,12,6,9,9,39,37,1,0,1,1
ID2121,59,60,54,38,35,36,39,57,56,65,69,35,38,56,41,49,45,54,67,56,47,48,50,42,22
ID2122,144,146,146,151,139,131,121,164,127,129,135,152,151,123,176,172,185,209,212,205,162,169,135,179,155
ID2123,57,61,60,60,59,56,59,62,59,57,61,57,57,59,56,57,58,64,62,59,55,54,53,57,65
ID2124,0,0,0,0,0,0,0,0,0,0,0,0,0,0,0,0,0,0,0,0,2,0,0,0,0
ID2125,0,0,0,0,0,0,0,0,0,0,0,0,0,0,0,0,0,0,0,0,0,0,0,0,0
ID2126,91,99,93,97,96,93,125,104,78,109,100,87,82,85,82,85,86,80,97,102,107,99,101,103,94
ID2127,128,107,122,110,117,102,106,118,126,113,111,106,76,0,1,80,101,126,76,64,109,148,167,170,152
ID2128,22,21,31,35,38,33,42,40,45,38,42,45,41,42,44,47,65,73,83,78,64,65,82,65,81
ID2129,NA,NA,116,58,60,62,76,91,100,92,97,94,83,86,82,73,91,95,96,98,94,77,96,91,93
ID2130,158,102,131,102,109,73,85,92,90,83,95,91,67,64,68,60,71,70,75,63,57,64,2,42,78
ID2131,0,0,0,6,145,40,1,0,0,0,106,238,332,313,315,329,336,371,553,572,420,401,430,409,448
ID2132,148,165,152,155,62,0,160,193,174,170,0,150,113,185,199,135,229,90,354,182,167,186,206,89,322
ID2133,128,123,129,119,113,101,125,122,147,126,138,138,120,114,118,133,125,127,146,148,0,0,0,175,151
ID2134,38,37,51,74,64,48,48,48,53,52,51,46,40,49,30,32,70,86,91,75,75,73,68,55,50
ID2135,39,38,37,40,24,24,24,0,0,18,0,0,0,0,0,11,19,21,33,38,40,33,33,34,39
ID2136,62,41,54,53,51,45,53,56,52,36,42,61,53,57,53,50,64,50,51,82,51,45,59,55,53
ID2137,215,210,163,153,185,165,253,167,279,237,267,223,193,209,216,203,192,241,292,291,242,244,288,255,283
ID2138,84,91,82,90,70,91,85,92,87,74,92,94,92,93,82,87,86,81,91,87,84,84,98,94,88
ID2139,190,201,210,199,158,168,187,71,11,116,99,109,69,77,89,84,81,80,49,90,86,141,118,126,173
ID2140,370,285,284,304,262,313,358,365,373,392,317,314,297,319,345,333,355,563,422,410,380,340,302,295,306
ID2141,64,60,60,60,74,181,60,566,169,173,206,240,173,168,157,155,179,189,181,167,147,181,183,169,170
ID2142,158,174,141,182,216,99,153,184,142,131,148,153,242,208,138,173,143,137,167,177,205,190,158,171,152
ID2143,116,126,132,136,120,119,131,141,153,137,129,128,130,138,141,104,97,107,96,111,102,103,106,111,112
ID2144,139,147,126,127,115,117,118,143,220,206,212,212,191,199,214,233,223,197,150,179,197,213,242,235,203
ID2145,11,15,5,5,10,18,18,19,19,9,4,1,1,1,1,2,3,1,2,2,1,2,0,1,2
ID2146,57,77,103,85,90,82,70,67,69,66,65,79,77,68,81,68,78,121,85,75,78,75,75,64,79
ID2147,253,282,282,273,262,239,270,270,272,234,261,217,192,233,352,333,357,333,351,366,238,242,271,232,113
ID2148,106,125,71,87,77,75,93,81,99,78,99,89,82,88,77,82,69,82,83,80,91,74,79,29,97
ID2149,147,240,170,205,156,265,119,205,234,162,205,225,231,165,175,197,190,231,232,209,243,183,190,168,186
ID2150,190,193,161,181,173,164,196,218,220,216,238,221,187,204,147,198,182,192,210,201,203,189,178,175,171
ID2151,81,73,72,75,63,75,88,92,91,90,86,95,70,141,15,74,80,86,83,92,87,89,97,95,95
ID2152,129,126,121,109,114,116,131,143,145,134,137,134,130,139,134,127,137,165,176,178,160,177,185,180,193
ID2153,172,117,104,94,84,98,164,174,204,217,218,226,134,127,166,136,125,184,261,265,245,251,282,276,333
ID2154,0,15,0,0,3,3,1,0,3,0,0,2,3,0,9,31,15,12,17,30,30,35,32,34,39
ID2155,129,111,126,120,115,107,102,130,123,111,125,115,102,116,129,107,123,144,123,133,141,112,123,113,127
ID2156,87,82,77,81,62,72,77,50,45,6,0,0,4,73,66,75,68,75,97,95,76,68,71,65,87
ID2157,57,64,55,51,51,56,53,57,85,42,33,39,62,36,25,65,114,88,82,87,73,76,77,81,92
ID2158,29,27,12,10,4,5,18,21,15,15,16,27,46,20,24,11,12,14,14,15,10,11,11,11,10
ID2159,38,40,49,30,31,30,37,41,39,73,44,49,33,37,42,36,56,42,45,50,45,41,41,44,48
ID2160,70,57,58,61,55,54,51,57,67,60,60,54,54,58,52,58,62,64,54,61,59,55,59,57,75
ID2161,NA,194,124,242,225,242,292,294,187,168,167,120,137,144,167,164,163,183,189,168,169,162,150,146,172
ID2162,2,0,0,0,0,1,0,1,0,1,0,0,0,0,0,0,0,0,0,0,0,0,0,1,0
ID2163,238,222,220,227,269,300,388,306,382,357,339,319,279,315,278,254,277,339,471,336,284,370,408,356,383
ID2164,41,23,17,26,46,39,42,47,44,62,60,59,40,36,49,47,49,61,53,59,64,50,30,37,48
ID2165,134,152,122,139,128,129,141,151,165,152,155,147,134,145,114,96,124,105,117,109,107,112,106,131,116
ID2166,60,53,52,51,48,51,58,67,60,56,58,61,50,56,57,62,59,64,64,64,58,57,59,50,66
ID2167,384,421,619,246,321,334,360,371,350,338,327,384,353,368,295,303,311,328,423,492,415,266,321,423,351
ID2168,141,126,118,134,108,116,150,107,118,119,121,141,117,117,116,127,128,134,144,136,125,83,141,130,138
ID2169,81,81,69,72,87,74,67,82,101,90,93,91,99,99,72,68,70,85,56,76,61,69,70,67,70
ID2170,292,199,168,139,123,123,160,204,110,98,130,124,122,175,165,139,160,235,381,260,246,170,204,194,184
ID2171,47,49,48,51,54,53,59,58,31,46,48,45,57,46,39,62,79,78,109,132,126,140,143,137,98
ID2172,123,126,121,130,126,114,159,161,149,162,156,140,147,139,134,145,150,161,183,151,147,184,160,162,143
ID2173,78,76,64,66,75,70,80,80,89,91,109,98,86,97,79,99,97,129,186,160,151,165,190,144,128
ID2174,73,68,61,66,50,70,83,82,88,86,109,85,94,88,100,122,81,85,77,84,90,72,74,69,77
ID2175,82,134,126,126,116,88,94,98,113,95,92,102,103,120,124,126,127,130,165,185,136,116,187,168,133
ID2176,119,128,112,79,97,79,87,82,89,89,74,67,82,86,85,92,89,81,91,110,86,97,93,89,105
ID2177,74,146,130,96,84,83,73,91,91,57,0,0,0,0,0,0,0,0,0,0,0,0,0,0,0
ID2178,70,71,75,65,68,57,75,94,85,76,77,79,87,77,78,73,76,86,92,83,81,76,88,101,83
ID2179,185,185,194,210,187,133,141,165,215,227,240,204,235,231,235,251,208,203,236,242,244,269,266,243,268
ID2180,187,156,123,166,65,0,1,0,2,1,36,45,49,58,44,50,49,70,112,79,73,80,89,78,83
ID2181,39,35,31,33,42,39,66,51,52,56,58,51,41,45,46,46,50,57,60,64,73,58,50,64,59
ID2182,90,110,102,104,105,110,108,113,137,150,125,114,112,60,1,NA,NA,NA,NA,NA,NA,NA,NA,NA,NA
ID2183,74,63,58,72,67,66,80,78,83,75,68,76,67,64,60,66,70,75,77,81,71,70,65,58,59
ID2184,172,129,152,174,156,0,121,290,198,157,157,157,136,132,145,108,65,68,76,85,90,48,70,66,86
ID2185,90,101,123,104,98,82,87,95,83,88,89,88,61,79,82,75,66,60,74,85,87,85,93,85,99
ID2186,844,811,768,824,871,556,873,941,1175,1043,982,1095,759,761,867,932,980,976,1075,1266,1011,1065,1078,1032,1052
ID2187,43,36,30,34,27,67,26,25,33,28,28,27,27,41,53,40,30,26,30,43,48,58,40,42,51
ID2188,61,33,44,31,28,33,42,55,64,63,59,55,32,31,36,34,37,38,42,37,31,32,33,34,44
ID2189,191,157,116,82,17,8,20,47,43,24,22,6,9,21,30,97,134,116,125,108,79,47,74,58,68
ID2190,55,71,67,54,60,57,58,67,62,52,61,61,30,31,27,31,26,27,45,39,34,58,43,34,40
ID2191,28,34,24,28,36,31,30,29,33,22,35,30,32,35,33,31,34,31,34,30,31,35,35,35,34
ID2192,32,39,39,40,42,27,32,42,27,24,44,58,41,42,46,49,46,52,54,69,79,78,125,102,63
ID2193,216,198,170,140,153,145,164,138,176,167,172,178,166,139,143,128,151,155,161,178,184,159,166,159,178
ID2194,220,240,236,209,191,197,234,256,295,297,289,419,311,227,224,241,261,266,324,529,470,302,262,271,305
ID2195,50,43,107,121,123,108,108,106,131,159,167,164,158,153,142,173,116,130,172,225,149,166,204,63,66
ID2196,22,22,19,21,23,24,28,25,27,27,29,47,57,60,52,60,56,48,41,40,33,35,39,62,59
ID2197,67,95,0,0,11,29,14,17,50,35,120,46,29,25,11,8,7,162,55,50,47,34,166,81,48
ID2198,154,85,112,146,121,153,185,199,201,162,196,154,139,144,140,158,156,171,231,193,133,173,161,164,183
ID2199,3,0,14,1,2,2,3,2,2,2,1,3,2,2,0,3,4,3,2,1,0,1,0,1,0
ID2200,70,74,68,62,55,50,60,72,76,63,84,81,65,67,63,68,66,66,75,89,71,72,79,76,78
ID2201,126,160,108,46,39,32,20,118,125,119,126,132,142,136,126,140,116,107,127,122,114,116,125,116,128
ID2202,84,81,103,120,94,89,93,112,102,90,91,87,90,96,79,95,91,87,107,114,115,131,135,117,189
ID2203,53,55,58,58,55,51,58,68,54,53,53,15,46,49,50,45,54,50,57,61,68,58,57,29,26
ID2204,3,1,15,34,33,34,24,0,0,60,0,0,0,0,0,0,0,0,0,0,0,0,0,0,0
ID2205,177,183,176,173,167,174,202,197,185,205,212,192,177,199,171,170,185,188,215,183,146,156,161,147,140
ID2206,46,55,61,37,34,37,38,39,41,35,44,48,45,45,47,45,32,47,52,60,52,55,59,43,47
ID2207,147,136,145,125,145,144,160,135,140,145,124,134,146,130,131,136,121,112,143,124,130,139,147,152,144
ID2208,92,83,90,77,85,83,99,103,91,87,85,88,100,90,119,110,135,113,125,148,137,137,124,132,137
ID2209,296,277,208,224,219,206,203,186,192,195,302,315,189,232,273,248,284,0,0,390,320,301,336,334,319
ID2210,238,174,179,176,208,230,271,315,336,260,337,222,168,185,221,253,334,277,340,311,347,266,294,269,264
ID2211,141,132,134,148,112,118,144,180,107,105,139,105,100,97,92,111,115,110,183,156,138,135,151,122,134
ID2212,69,49,50,59,53,60,73,60,54,61,100,115,94,89,43,52,36,84,92,93,82,78,81,90,94
ID2213,71,52,51,49,48,54,76,85,82,81,96,90,66,64,72,66,71,95,114,122,88,84,95,77,97
ID2214,56,62,65,57,52,52,59,79,50,66,72,62,60,67,69,57,37,36,41,42,37,38,44,51,95
ID2215,135,74,71,73,83,88,149,99,85,203,76,56,59,65,55,49,57,28,68,50,17,44,105,56,91
ID2216,20,14,15,12,8,13,14,18,12,10,13,13,11,12,11,9,10,7,5,6,7,8,8,5,4
ID2217,443,415,345,456,437,422,602,449,515,523,628,484,453,515,504,629,596,591,699,594,499,514,673,477,546
ID2218,NA,37,99,184,180,190,242,218,202,214,239,99,173,192,181,204,223,223,285,241,246,220,263,276,251
ID2219,281,284,284,293,267,257,270,289,321,301,303,291,294,270,292,302,291,281,300,327,307,268,332,264,333
ID2220,1180,256,457,216,266,292,391,581,543,578,645,776,514,511,478,470,565,701,769,779,663,405,546,591,613
ID2221,290,261,238,252,279,243,320,406,357,310,355,393,255,263,246,305,308,305,507,398,341,279,372,351,447
ID2222,65,70,66,76,56,55,60,53,63,58,49,41,35,13,12,11,10,12,11,17,13,54,53,74,53
ID2223,238,221,227,239,562,133,72,71,290,295,283,263,232,230,238,199,246,275,322,385,288,265,379,289,263
ID2224,7,65,62,61,60,34,86,12,29,45,51,47,39,44,42,27,27,32,36,35,46,41,50,45,47
ID2225,119,144,138,112,75,99,125,137,134,120,94,89,106,98,86,88,87,58,66,57,65,59,58,46,58
ID2226,161,141,128,131,101,91,135,103,124,102,110,154,94,105,102,115,107,116,206,201,213,183,143,103,100
ID2227,103,109,101,89,95,60,56,49,53,54,52,53,51,34,70,54,54,55,60,64,61,62,51,57,53
ID2228,135,139,128,140,134,117,140,158,163,164,162,160,156,161,153,159,145,139,154,154,139,134,132,156,155
ID2229,214,293,296,266,256,248,331,390,345,315,316,415,219,292,301,311,296,349,366,399,405,341,336,377,408
ID2230,163,175,157,145,143,150,190,198,199,207,175,185,149,144,149,157,164,184,201,203,191,166,188,172,192
ID2231,103,92,89,96,85,90,107,90,91,88,97,89,85,89,92,97,100,94,106,111,106,113,98,106,121
ID2232,24,28,27,25,24,24,26,22,20,23,23,23,26,28,22,25,26,30,54,43,34,36,52,56,34
ID2233,83,90,81,89,77,76,88,88,97,112,125,140,90,88,84,88,83,80,100,92,106,99,99,107,112
ID2234,75,100,106,83,83,93,104,105,77,83,78,86,66,97,101,110,103,112,125,124,114,91,100,100,99
ID2235,142,137,131,118,112,109,110,112,127,120,122,78,NA,NA,0,35,64,65,64,59,53,60,63,59,60
ID2236,93,94,54,43,33,63,59,80,77,67,76,67,65,71,56,46,50,64,57,58,60,60,64,54,56
ID2237,97,96,82,87,81,96,113,91,98,78,88,92,86,109,98,99,99,110,119,135,117,132,99,88,116
ID2238,94,88,94,80,60,54,62,50,34,23,NA,NA,NA,NA,NA,NA,NA,NA,NA,NA,NA,NA,NA,NA,NA
ID2239,162,162,165,168,166,157,178,193,218,193,194,185,178,181,171,203,192,202,225,207,172,177,182,180,172
ID2240,118,125,111,121,144,115,147,147,108,108,98,101,110,128,105,106,115,98,126,104,127,89,129,131,127
ID2241,107,90,77,82,91,66,100,58,47,58,86,80,88,76,72,90,103,114,92,110,100,98,110,109,122
ID2242,123,151,132,136,66,3,2,6,43,54,58,60,69,73,65,73,68,68,82,96,69,60,44,51,48
ID2243,156,138,128,115,154,122,91,122,111,131,135,102,169,130,143,114,134,101,109,124,129,139,150,143,130
ID2244,100,100,99,93,90,85,92,103,76,97,91,101,91,89,102,99,107,94,86,100,90,86,98,97,97
ID2245,151,148,151,113,129,112,163,124,126,84,109,92,69,66,112,95,110,85,101,66,66,68,65,71,72
ID2246,216,230,200,202,193,170,202,208,213,201,196,210,194,193,203,213,210,201,219,201,223,114,240,236,267
ID2247,136,129,125,129,136,137,139,171,152,147,147,141,135,137,145,111,106,109,129,101,104,111,108,75,113
ID2248,194,189,186,156,170,163,168,186,196,184,186,175,151,159,152,158,145,191,204,179,158,170,200,143,196
ID2249,82,108,200,42,91,136,153,113,134,137,105,143,80,99,105,203,229,95,219,90,100,145,109,101,87
ID2250,147,122,125,117,129,118,136,142,132,143,164,144,137,133,128,120,131,114,113,125,109,107,113,114,131
ID2251,526,398,326,286,287,309,382,501,571,441,411,367,327,417,460,355,376,516,591,568,466,471,548,567,602
ID2252,57,49,45,45,35,40,35,42,47,43,45,60,44,46,40,55,68,65,67,55,62,61,62,56,48
ID2253,129,133,107,59,43,51,61,76,87,97,60,63,75,58,50,58,58,60,78,83,69,55,62,30,15
ID2254,101,93,83,79,91,101,69,6,0,61,133,122,128,127,148,144,159,161,150,163,160,165,175,169,182
ID2255,149,130,7,20,26,20,31,44,78,69,72,65,67,81,90,72,93,76,82,102,58,36,98,190,177
ID2256,0,0,0,1,0,0,0,1,0,0,0,0,0,1,3,1,0,0,0,0,0,0,0,0,0
ID2257,184,180,188,187,188,163,242,214,240,263,239,209,226,225,238,236,248,272,304,320,315,315,333,316,354
ID2258,47,44,44,44,48,27,28,10,34,32,25,29,23,23,31,27,65,59,64,53,42,57,65,65,47
ID2259,103,98,87,77,85,83,85,73,86,81,94,86,88,99,81,89,80,83,97,110,91,97,97,88,96
ID2260,131,108,97,90,77,76,101,94,82,73,120,93,83,77,71,79,80,73,44,37,37,34,29,80,65
ID2261,108,118,103,99,95,69,57,49,23,130,140,150,115,142,132,145,155,142,175,142,132,115,132,181,173
ID2262,272,199,100,192,203,211,293,293,331,337,297,284,242,244,238,237,232,272,297,283,282,296,294,265,240
ID2263,109,116,111,117,42,106,121,138,119,119,119,130,134,140,130,160,131,136,153,141,156,128,151,141,150
ID2264,62,52,46,58,55,57,65,53,45,57,79,61,68,70,65,62,73,85,100,68,71,77,74,65,75
ID2265,108,111,105,105,108,100,114,112,110,106,113,113,118,118,116,113,115,107,110,109,115,114,118,118,114
ID2266,125,132,92,92,68,85,85,119,152,144,177,165,133,130,144,135,124,142,158,167,135,112,147,144,145
ID2267,33,31,31,26,29,19,20,19,17,22,20,25,20,25,20,8,20,18,20,17,17,27,29,26,26
ID2268,65,52,50,48,45,38,60,71,69,74,68,58,53,66,51,70,64,76,101,99,77,82,96,93,107
ID2269,113,120,103,116,122,118,171,136,11,41,95,103,100,85,84,80,92,94,96,106,88,93,63,141,124
ID2270,675,651,749,638,522,577,784,677,865,NA,705,NA,503,402,0,1263,710,748,674,275,903,538,569,513,548
ID2271,29,31,17,25,24,25,40,50,62,46,68,68,73,59,81,83,90,100,46,63,68,42,40,27,38
ID2272,NA,NA,NA,NA,19,7,13,12,15,16,17,18,15,17,22,17,20,21,22,15,22,20,29,22,18
ID2273,256,266,251,244,266,229,250,232,250,239,216,292,290,295,283,282,287,240,253,265,256,235,247,213,150
ID2274,120,110,104,100,79,86,86,104,94,90,95,88,75,73,80,76,81,72,78,115,155,109,97,92,44
ID2275,129,152,150,163,177,157,156,157,185,167,179,156,160,155,164,176,159,161,177,163,174,167,191,187,216
ID2276,122,143,113,121,114,121,149,160,133,128,140,133,134,151,154,159,163,166,149,152,148,146,152,160,159
ID2277,28,20,30,23,32,30,26,31,36,26,34,74,83,101,90,91,90,87,87,70,49,49,76,75,80
ID2278,314,89,223,99,146,163,255,243,300,303,182,168,114,196,276,277,346,374,438,384,376,373,393,395,362
ID2279,120,132,111,89,73,77,75,91,72,50,80,65,76,79,65,77,67,82,96,107,87,80,81,80,90
ID2280,205,216,247,240,194,187,217,212,267,234,243,207,205,219,271,256,251,212,227,228,274,252,264,183,200
ID2281,91,59,75,72,69,78,79,87,70,0,94,100,107,130,132,127,136,133,145,153,150,149,126,141,140
ID2282,33,33,37,35,31,28,39,42,36,34,33,46,50,46,46,57,104,73,83,102,91,78,96,90,99
ID2283,6,11,8,7,5,10,19,28,21,15,19,22,24,18,0,26,37,45,29,34,37,35,38,36,40
ID2284,81,98,87,82,80,86,108,104,94,89,93,92,99,76,64,62,56,72,73,74,58,48,33,0,0
ID2285,132,182,175,145,61,74,97,129,105,151,154,112,106,129,125,145,116,124,150,153,144,139,144,148,181
ID2286,103,124,92,108,122,92,95,101,86,80,96,93,85,82,99,97,95,93,100,93,89,89,103,97,94
ID2287,72,68,59,85,70,66,108,108,100,108,99,94,100,115,94,124,134,45,53,104,0,36,28,36,45
ID2288,186,198,171,190,186,174,134,184,196,192,194,170,185,184,180,218,316,366,353,360,287,301,409,355,286
ID2289,196,178,170,166,179,110,177,202,217,211,174,102,97,116,84,73,69,84,89,115,59,0,0,0,0
ID2290,23,30,25,32,30,39,25,26,29,30,26,20,16,17,33,9,20,26,14,14,9,15,18,9,16
ID2291,27,26,21,44,24,44,37,30,26,23,32,22,41,25,35,31,27,28,19,44,28,30,15,32,13
ID2292,110,94,72,64,93,99,70,26,31,55,0,19,22,21,19,36,31,61,34,71,94,81,85,87,68
ID2293,88,80,71,56,77,63,86,102,88,72,70,104,53,56,54,57,51,54,77,219,319,364,458,390,296
ID2294,81,70,77,89,44,87,99,107,111,110,130,53,82,88,67,64,75,76,75,81,114,159,135,118,99
ID2295,32,0,22,32,44,36,20,0,0,0,0,56,65,68,71,62,60,70,69,64,67,53,63,59,63
ID2296,72,81,58,62,57,74,93,106,73,3,14,21,9,10,10,14,11,9,19,31,43,53,55,48,59
ID2297,43,46,49,51,40,45,41,46,45,45,50,46,43,53,63,54,50,50,51,64,53,56,47,44,49
ID2298,84,85,75,73,68,55,79,79,91,83,88,86,70,69,69,69,70,75,78,84,80,84,81,83,86
ID2299,13,38,26,31,49,56,55,24,22,29,34,28,29,12,21,19,11,12,33,18,21,19,16,18,12
ID2300,88,102,89,93,91,90,92,93,90,88,92,104,97,82,140,107,103,106,112,110,100,98,101,100,103
ID2301,0,0,0,0,0,0,0,0,0,0,NA,NA,NA,NA,NA,NA,NA,NA,NA,NA,NA,NA,NA,NA,NA
ID2302,75,64,90,89,84,101,92,110,126,111,123,93,97,103,102,106,106,102,104,126,89,123,122,123,106
ID2303,123,130,124,134,120,98,39,52,52,46,50,50,44,45,49,55,60,63,59,68,58,59,60,61,64
ID2304,26,50,57,55,54,48,52,51,60,50,53,51,43,43,47,51,55,53,61,59,35,45,56,63,56
ID2305,2,5,3,0,8,4,8,3,4,2,2,2,10,11,20,34,36,39,47,38,34,37,33,40,36
ID2306,228,199,214,178,189,190,225,229,253,275,241,271,200,226,213,253,235,243,241,263,239,245,271,273,278
ID2307,199,203,196,187,200,183,225,220,225,202,227,223,162,153,153,198,259,280,301,266,222,211,244,238,265
ID2308,146,187,167,191,141,103,135,139,111,115,98,100,47,111,135,157,95,69,69,77,50,95,79,111,122
ID2309,67,75,72,84,57,64,70,93,108,112,95,92,93,92,64,55,51,59,76,79,83,85,92,104,65
ID2310,168,174,137,157,166,184,226,193,206,212,193,219,197,214,215,220,242,220,245,211,176,175,177,165,177
ID2311,0,0,0,12,35,42,37,29,29,62,52,105,110,103,98,97,177,187,170,126,104,148,174,170,220
ID2312,370,320,300,262,345,324,402,398,513,423,403,437,292,326,329,352,335,399,504,443,453,390,375,387,403
ID2313,3,218,244,253,221,176,223,223,236,279,230,294,238,241,204,281,319,281,216,211,178,238,265,291,244
ID2314,113,112,125,92,85,90,99,93,111,116,124,107,69,68,67,108,113,124,90,136,119,128,149,146,119
ID2315,8,37,37,40,38,40,60,48,5,0,47,46,42,44,47,44,50,63,91,112,111,92,76,90,79
ID2316,89,106,115,121,121,108,129,134,137,111,82,99,95,78,78,77,70,78,80,99,100,87,81,110,84
ID2317,223,160,165,165,164,161,250,262,290,309,169,249,208,203,236,259,239,303,255,NA,573,395,218,213,249
ID2318,128,117,150,115,90,77,108,116,97,102,20,7,16,15,14,12,9,11,9,28,24,29,29,29,33
ID2319,90,82,95,93,84,82,91,97,95,86,105,82,91,89,106,108,105,94,99,101,93,95,94,97,95
ID2320,35,74,46,59,52,45,44,50,44,48,61,53,46,40,49,48,47,49,53,54,48,46,46,42,47
ID2321,143,149,113,119,141,112,84,86,114,84,94,71,102,108,89,89,122,108,97,110,136,126,78,88,137
ID2322,97,111,77,82,71,55,50,64,71,86,79,75,82,92,97,99,113,104,120,99,69,99,85,79,88
ID2323,144,167,183,122,187,164,202,258,273,222,248,297,185,204,204,233,276,340,395,299,333,274,308,305,318
ID2324,97,89,109,102,99,86,96,106,100,97,84,97,93,100,94,97,108,116,115,114,103,95,86,90,101
ID2325,1,0,1,0,0,0,0,0,0,0,1,0,1,1,0,1,1,0,1,1,0,2,0,1,0
ID2326,39,46,47,38,39,39,40,34,32,24,26,13,23,22,2,2,14,58,57,60,48,38,15,79,65
ID2327,23,33,32,24,27,22,29,119,106,109,3,16,33,14,0,0,1,31,47,70,78,95,134,46,63
ID2328,96,86,98,97,106,121,112,108,101,112,126,160,118,76,148,25,216,127,99,88,91,107,131,129,121
ID2329,122,96,108,93,105,83,98,104,125,73,123,105,114,108,116,109,145,151,179,170,156,175,180,239,157
ID2330,123,129,123,127,127,114,133,152,148,141,146,139,139,147,157,160,150,155,160,153,134,146,166,153,163
ID2331,77,62,70,79,61,76,74,78,76,62,78,81,68,57,58,79,79,78,80,87,83,64,87,72,90
ID2332,100,106,81,90,92,156,212,195,181,159,122,80,80,77,65,95,93,96,105,107,98,105,101,109,111
ID2333,38,44,81,76,55,54,71,56,106,87,75,70,78,48,45,34,58,44,40,38,57,56,50,24,7
ID2334,96,86,83,92,101,87,86,94,93,84,91,89,88,86,77,88,90,85,89,99,85,93,92,90,100
ID2335,239,267,279,271,288,265,295,256,332,319,324,309,311,318,269,298,295,282,357,307,323,331,343,337,351
ID2336,31,27,21,26,30,18,19,30,19,28,23,22,21,27,33,24,25,25,31,29,25,29,31,32,27
ID2337,153,173,170,154,162,97,32,32,35,34,33,33,35,35,36,39,34,34,37,31,35,37,37,36,35
ID2338,151,178,174,170,160,156,185,202,206,216,239,212,202,214,234,225,220,205,210,208,186,190,212,199,196
ID2339,58,105,62,36,58,59,82,42,65,58,52,43,66,62,60,44,66,65,63,56,53,51,59,61,60
ID2340,31,12,10,13,19,7,11,17,7,6,12,23,23,26,28,31,32,41,45,49,48,46,52,42,45
ID2341,101,107,60,41,36,39,71,94,75,85,64,53,47,32,42,58,55,48,46,58,47,52,69,67,71
ID2342,199,215,223,227,220,220,240,202,191,210,209,208,216,209,219,156,124,112,125,131,108,132,131,123,132
ID2343,74,76,87,92,107,32,52,80,43,64,73,92,100,96,92,88,89,84,71,100,119,42,38,65,55
ID2344,168,167,156,154,128,128,152,148,174,169,130,130,125,128,117,131,153,93,110,156,151,163,155,170,184
ID2345,92,83,76,72,50,61,73,45,71,68,80,70,57,76,57,63,59,78,83,64,62,67,43,39,48
ID2346,161,153,152,137,151,120,144,138,141,150,163,146,134,132,148,129,123,137,154,158,148,168,156,142,149
ID2347,37,35,33,39,41,40,41,37,43,37,47,46,41,59,41,47,44,49,56,50,49,48,51,44,53
ID2348,NA,NA,NA,82,65,46,12,13,33,28,0,0,46,94,95,106,100,108,137,131,106,126,126,106,110
ID2349,98,95,115,76,85,80,89,64,110,108,87,56,65,73,76,61,80,76,63,68,85,100,111,89,82
ID2350,347,307,308,320,304,292,331,327,349,344,401,368,305,314,317,342,353,365,407,363,262,155,273,270,257
ID2351,85,92,88,72,75,78,95,93,77,78,82,93,68,74,63,62,80,79,113,173,170,127,141,155,147
ID2352,32,35,38,36,35,29,20,27,28,23,41,36,33,38,41,39,58,54,43,30,31,38,37,29,38
ID2353,86,96,85,79,93,86,103,82,104,63,89,70,73,87,87,91,96,76,69,60,76,96,80,55,61
ID2354,123,118,120,109,115,109,117,128,130,125,133,132,121,126,113,117,123,128,144,140,133,135,128,143,132
ID2355,152,168,165,170,198,203,170,192,187,188,169,195,183,203,175,165,169,157,185,190,192,198,221,253,201
ID2356,135,142,133,138,152,121,151,143,148,158,150,152,145,136,131,140,143,132,158,151,145,138,145,149,135
ID2357,115,116,113,113,107,94,111,96,107,102,103,99,96,87,153,109,97,97,90,101,97,101,102,97,105
ID2358,143,144,134,123,133,119,137,125,142,132,136,148,115,114,110,116,118,118,119,141,140,137,136,137,135
ID2359,135,133,125,137,129,98,92,167,166,164,163,180,181,161,161,175,170,151,188,176,173,178,174,160,191
ID2360,109,103,105,85,86,81,90,82,92,94,111,97,97,106,120,106,113,119,109,109,126,143,143,151,138
ID2361,88,93,104,89,95,42,69,93,103,80,88,112,98,104,99,103,99,120,119,117,105,119,116,119,124
ID2362,121,84,73,36,73,38,64,95,104,124,95,102,78,89,96,96,95,103,106,79,9,1,1,61,22
ID2363,257,218,224,235,197,230,325,229,419,403,411,524,409,328,404,344,361,436,563,510,574,528,503,472,430
ID2364,68,43,39,32,31,40,25,56,44,39,40,34,44,42,36,38,36,38,55,54,49,53,51,46,42
ID2365,67,71,73,73,71,62,64,66,68,70,65,75,83,84,82,88,87,82,105,106,88,90,94,102,102
ID2366,190,148,106,17,51,47,67,51,62,67,101,114,101,112,60,97,73,68,101,46,27,74,90,90,63
ID2367,68,67,76,55,65,61,67,76,72,74,76,76,56,54,52,64,64,74,83,79,73,71,81,70,78
ID2368,256,220,230,235,224,200,223,291,238,240,243,255,185,311,180,310,187,148,165,152,179,168,200,159,184
ID2369,110,95,106,84,93,88,100,100,100,100,114,86,101,99,110,132,127,124,138,153,162,172,128,111,119
ID2370,105,114,100,103,97,92,104,99,95,100,104,92,86,91,98,95,98,109,132,115,111,102,109,108,114
ID2371,66,72,57,54,53,49,63,80,106,106,103,126,111,105,80,92,81,75,101,113,78,71,77,76,76
ID2372,195,235,220,189,206,194,239,216,224,191,208,194,177,215,225,238,242,241,251,242,240,220,261,252,260
ID2373,3,1,1,0,0,1,1,1,2,1,1,1,1,1,2,1,1,2,1,2,2,2,4,1,3
ID2374,69,74,66,67,61,62,66,61,61,59,58,60,55,56,51,58,55,47,45,57,113,113,119,105,127
ID2375,77,78,72,77,76,77,76,82,93,92,93,83,73,72,75,86,86,85,92,88,83,77,87,81,84
ID2376,118,135,127,116,116,106,132,125,126,133,151,132,119,122,106,94,106,109,110,135,116,117,119,117,130
ID2377,199,200,208,199,194,182,221,236,231,207,255,222,250,188,183,191,231,227,214,248,217,216,224,214,208
ID2378,101,77,100,115,87,26,0,NA,NA,NA,NA,NA,13,24,32,49,46,63,102,88,119,118,99,143,114
ID2379,173,162,154,139,103,43,156,108,104,182,154,142,144,126,127,144,100,141,158,179,214,214,251,167,237
ID2380,141,130,119,88,65,77,128,82,132,110,119,105,77,94,96,68,71,90,76,59,71,58,79,93,68
ID2381,172,162,180,145,120,124,148,65,128,139,124,143,227,133,129,127,97,52,53,55,66,56,41,16,4
ID2382,128,161,150,167,124,122,134,126,135,129,140,148,121,89,90,112,79,81,108,101,103,106,96,91,104
ID2383,89,100,89,94,95,85,97,98,100,92,117,98,98,102,100,99,88,92,103,81,85,97,95,94,102
ID2384,175,196,168,179,171,159,178,187,192,196,192,184,177,194,198,182,153,158,167,156,140,144,152,146,144
ID2385,50,46,48,47,48,92,145,141,114,96,119,108,65,35,37,33,30,28,26,30,27,28,26,32,32
ID2386,199,108,131,149,68,NA,NA,NA,NA,NA,NA,NA,NA,NA,NA,NA,NA,NA,NA,NA,NA,NA,NA,NA,NA
ID2387,143,149,140,164,140,131,158,141,153,148,148,142,138,136,140,155,150,146,160,166,116,112,116,104,116
ID2388,37,218,220,217,155,157,244,194,161,164,145,138,120,148,130,146,143,127,186,106,138,140,135,101,112
ID2389,57,61,55,54,43,41,43,47,51,34,36,0,26,139,81,85,41,53,58,119,65,41,52,59,63
ID2390,65,64,72,66,71,45,62,60,65,71,65,34,49,57,56,58,65,59,57,58,42,39,62,62,55
ID2391,495,411,455,532,454,450,370,479,477,461,475,427,254,278,259,282,458,519,310,221,222,294,452,418,270
ID2392,42,69,64,60,61,62,78,71,78,66,72,62,28,35,53,69,78,85,92,90,83,80,78,77,82
ID2393,115,119,118,126,64,72,66,68,72,73,73,74,66,73,73,84,76,63,94,97,94,95,96,90,119
ID2394,177,147,148,161,153,138,182,167,73,0,NA,80,145,129,153,126,113,133,70,72,136,133,137,131,166
ID2395,257,194,365,189,193,166,228,198,251,216,220,224,233,209,194,193,214,234,219,220,192,210,222,236,217
ID2396,161,124,130,142,177,155,180,167,142,158,156,131,120,126,128,131,154,156,179,153,133,155,165,157,156
ID2397,110,119,111,101,95,84,86,115,134,116,102,118,113,102,93,80,81,116,74,81,81,84,89,50,40
ID2398,239,219,232,245,219,191,226,250,227,220,224,220,187,211,246,233,207,223,236,255,239,212,214,244,255
ID2399,51,54,42,47,43,35,39,35,39,39,43,39,39,39,45,39,40,39,37,35,35,38,42,38,35
ID2400,49,1,31,127,99,117,116,128,130,120,31,23,75,82,83,72,79,76,78,67,62,66,77,77,58
ID2401,33,38,24,32,33,55,37,28,36,27,18,7,15,11,9,11,11,16,15,16,14,14,16,14,13
ID2402,79,73,75,78,78,64,52,56,56,49,51,51,56,62,60,71,56,59,72,73,59,51,68,73,62
ID2403,28,32,30,29,20,30,54,61,54,39,39,47,42,41,42,40,38,42,44,51,96,70,54,50,47
ID2404,71,73,69,69,68,67,75,78,88,94,91,105,91,78,85,83,75,89,91,98,106,115,128,137,170
ID2405,116,79,95,128,156,81,87,71,92,70,78,83,83,81,75,101,104,107,99,118,118,103,90,98,97
ID2406,110,120,129,116,105,83,92,76,111,91,69,76,93,87,101,89,93,88,107,137,66,107,130,125,114
ID2407,130,118,85,124,124,109,102,119,189,139,130,116,122,136,133,130,147,142,148,159,143,147,165,167,162
ID2408,144,140,107,171,132,85,87,94,98,94,99,96,60,29,26,27,56,90,101,109,102,90,94,98,96
ID2409,164,159,170,162,152,136,155,144,152,151,152,144,146,157,128,134,143,161,154,179,168,149,173,163,176
ID2410,105,106,112,111,101,104,111,105,126,115,108,109,105,101,105,105,101,107,128,118,106,103,108,105,113
ID2411,196,181,220,204,195,170,170,178,236,166,172,205,195,157,204,167,186,183,207,244,211,180,180,195,171
ID2412,93,106,95,80,84,151,180,104,82,93,160,106,77,74,62,73,73,147,160,170,85,69,102,145,154
ID2413,102,100,96,98,110,92,121,100,116,111,105,95,76,74,70,78,73,75,90,76,67,78,78,78,70
ID2414,103,104,93,99,94,87,79,107,84,71,80,83,109,128,133,119,111,123,99,122,124,124,113,119,130
ID2415,63,60,66,67,62,56,68,53,51,46,52,57,53,59,60,62,60,71,82,84,89,101,108,102,103
ID2416,282,287,264,218,235,247,273,336,349,341,318,422,277,287,274,309,289,370,373,436,332,299,328,308,352
ID2417,246,275,193,193,175,157,195,252,283,256,203,188,214,289,271,235,210,217,200,290,246,225,233,350,203
ID2418,127,148,133,174,192,138,138,136,135,137,137,144,146,140,137,154,166,137,146,162,155,144,142,138,144
ID2419,148,166,151,155,119,139,150,160,145,154,190,164,163,201,162,167,182,185,173,186,196,177,213,201,209
ID2420,355,520,299,456,375,291,353,456,553,441,540,499,131,428,447,531,490,542,647,883,831,516,547,566,626
ID2421,92,86,86,77,77,86,106,114,120,127,124,117,100,121,108,110,128,119,122,107,118,122,134,129,105
ID2422,253,275,288,272,261,225,274,299,347,288,268,245,0,510,202,219,213,216,248,257,315,228,226,264,236
ID2423,36,30,31,55,32,29,30,44,60,28,26,37,26,30,31,19,31,40,38,35,31,37,42,40,37
ID2424,62,95,96,88,89,71,88,99,91,76,88,73,60,49,55,62,52,60,89,102,57,46,50,59,96
ID2425,49,159,123,65,90,99,114,131,164,225,137,172,107,122,113,173,147,144,190,170,161,143,97,225,216
ID2426,133,130,116,106,106,103,133,132,128,119,126,129,114,113,NA,69,120,120,138,124,130,133,140,138,135
ID2427,139,139,135,109,109,90,134,41,12,7,4,6,5,7,69,107,106,227,284,297,171,171,154,162,84
ID2428,93,99,90,78,95,98,83,87,99,106,113,99,90,97,99,101,83,85,101,90,104,119,115,119,117
ID2429,102,108,83,68,69,74,82,96,111,107,111,83,61,82,73,67,78,76,95,97,62,79,86,70,85
ID2430,78,84,78,70,77,82,82,93,90,92,86,84,70,78,81,85,88,96,104,102,87,93,100,91,98
ID2431,110,110,126,101,110,93,105,108,110,113,110,99,103,110,126,128,109,144,125,108,113,147,141,159,154
ID2432,90,89,78,67,67,64,77,87,85,77,80,87,85,89,87,89,91,88,103,104,96,86,89,80,85
ID2433,159,172,173,168,151,142,165,151,161,148,149,148,163,170,159,172,166,148,148,152,178,176,181,187,175
ID2434,23,10,9,13,9,29,43,47,41,12,28,43,8,11,16,23,34,15,10,11,8,10,14,12,13
ID2435,64,68,72,60,49,54,57,68,47,39,36,34,18,9,18,28,10,11,14,26,22,25,17,27,17
ID2436,46,44,35,41,30,22,26,20,82,90,121,110,103,105,103,115,180,103,117,116,116,117,111,116,133
ID2437,93,99,108,110,87,94,114,122,117,106,121,116,108,93,109,115,115,117,122,139,108,108,127,134,122
ID2438,210,208,163,207,164,139,180,146,105,165,202,200,255,222,150,166,142,143,89,193,146,134,172,162,158
ID2439,327,286,289,277,252,214,270,295,378,548,NA,160,24,30,60,237,NA,820,389,624,0,796,424,371,0
ID2440,194,204,180,126,84,384,206,443,235,132,236,255,206,344,221,290,411,172,191,431,25,27,26,30,30
ID2441,144,128,135,133,107,102,81,78,79,76,87,85,75,61,66,65,69,64,75,65,61,57,63,57,72
ID2442,74,71,74,70,73,65,75,67,61,73,71,65,56,58,60,67,64,74,69,77,69,64,74,68,61
ID2443,87,93,86,83,88,76,92,87,94,82,101,77,81,80,79,82,82,92,91,97,75,87,74,62,71
ID2444,5,6,4,7,4,5,10,2,4,9,4,8,8,8,7,9,7,6,7,7,7,4,5,4,5
ID2445,63,55,53,43,17,51,57,64,33,55,58,62,26,19,9,32,6,0,0,0,0,0,9,13,8
ID2446,82,73,75,69,64,61,122,76,67,64,68,81,92,114,117,112,104,97,154,112,115,112,130,130,134
ID2447,10,1,4,0,0,1,0,4,7,8,1,3,5,3,5,11,7,3,3,2,1,11,11,8,9
ID2448,210,208,178,152,167,160,194,197,205,158,198,187,153,185,185,172,179,228,217,220,161,143,162,130,174
ID2449,27,23,32,31,25,44,27,31,49,43,50,80,68,79,66,68,84,117,70,73,78,65,79,78,80
ID2450,318,276,224,228,211,250,254,346,385,475,177,353,256,219,286,279,345,438,680,645,363,503,335,295,449
ID2451,93,93,83,86,93,88,117,88,81,84,92,82,80,88,75,82,86,86,87,92,82,80,0,62,102
ID2452,115,124,129,134,130,126,117,122,110,45,46,45,46,107,90,99,102,107,96,95,90,100,108,112,111
ID2453,46,21,166,78,65,79,127,115,102,90,40,58,82,94,87,20,33,57,80,106,93,81,83,75,101
ID2454,153,199,202,163,181,171,226,221,283,192,161,163,102,105,102,94,154,164,148,129,154,168,127,119,135
ID2455,29,26,34,45,64,62,56,38,74,67,59,59,46,51,54,52,68,57,67,51,58,51,51,60,59
ID2456,154,171,118,127,102,103,116,129,116,135,172,153,144,152,128,148,126,169,196,185,198,202,189,213,204
ID2457,56,43,32,47,71,73,50,62,66,57,61,67,55,57,56,54,53,52,54,60,58,75,78,78,78
ID2458,85,93,90,90,124,99,102,105,93,112,105,90,96,96,95,93,99,106,115,101,119,93,87,88,80
ID2459,110,123,119,105,111,107,98,125,108,111,95,97,96,95,98,90,89,91,103,108,106,91,115,103,105
ID2460,78,76,83,81,77,65,72,76,82,66,76,79,63,80,80,87,80,79,94,97,85,87,87,89,94
ID2461,66,70,70,68,66,61,72,73,74,80,76,85,59,48,75,84,86,86,110,101,94,97,99,103,97
ID2462,237,263,233,262,233,226,283,265,264,285,290,290,257,267,268,283,273,294,293,324,267,257,290,308,292
ID2463,23,31,67,28,19,15,16,25,75,79,21,11,17,23,26,24,36,20,18,9,18,17,13,20,94
ID2464,89,86,78,94,85,79,99,79,83,73,90,79,62,65,70,81,78,78,88,90,71,83,74,72,79
ID2465,31,38,36,34,35,38,33,35,33,29,32,47,53,38,39,44,40,42,48,33,42,34,38,35,40
ID2466,55,52,43,50,34,43,42,45,53,50,35,52,36,48,40,47,33,34,26,21,32,25,34,32,27
ID2467,129,127,122,128,123,117,130,132,141,112,137,116,126,114,124,125,120,131,127,103,109,108,112,115,102
ID2468,114,104,102,98,112,95,106,103,112,107,117,118,98,94,100,106,88,95,106,96,25,117,104,98,106
ID2469,194,120,119,404,122,150,191,183,164,191,191,217,151,182,178,198,207,216,279,286,227,201,215,211,223
ID2470,257,206,232,218,195,234,225,279,319,259,306,292,235,190,275,200,250,269,284,343,268,256,277,212,144
ID2471,88,81,88,84,62,71,67,70,72,65,86,88,73,73,72,85,60,55,47,75,65,73,20,57,69
ID2472,21,29,20,24,22,22,141,86,53,37,27,38,26,23,27,29,27,30,53,69,39,40,42,39,41
ID2473,96,128,112,120,131,121,134,115,109,130,131,125,115,131,113,131,129,137,148,144,139,134,151,131,126
ID2474,100,92,115,103,105,110,96,122,130,124,135,124,126,133,106,121,134,128,112,135,135,131,133,134,133
ID2475,0,0,5,1,1,0,0,0,33,50,98,106,107,136,149,103,87,45,1,39,75,52,3,43,65
ID2476,167,130,95,97,94,100,106,95,89,89,85,74,74,71,72,79,84,80,104,82,82,89,138,157,150
ID2477,25,33,27,43,30,46,62,69,73,72,83,82,79,27,47,49,62,43,42,37,35,34,31,15,13
ID2478,1,0,0,0,0,0,0,0,0,0,0,0,0,0,0,0,1,0,0,0,0,0,0,0,0
ID2479,53,37,33,29,49,43,27,29,30,21,25,66,68,58,32,46,40,58,85,82,37,31,15,61,76
ID2480,222,212,200,209,212,224,266,260,355,383,368,429,272,258,246,274,293,377,441,415,384,375,374,387,393
ID2481,325,268,299,248,214,241,304,350,356,354,428,482,328,245,304,267,314,451,368,422,314,279,299,298,398
ID2482,97,87,85,84,83,78,101,76,101,126,119,110,102,119,116,105,100,110,111,94,100,96,105,107,99
ID2483,186,173,163,170,156,156,123,177,227,194,241,286,144,76,77,82,84,81,130,105,72,82,86,84,87
ID2484,57,59,47,48,109,50,40,46,41,53,50,48,39,38,35,39,40,49,53,69,57,37,30,36,37
ID2485,80,73,95,77,93,106,127,120,81,77,84,94,77,81,75,86,75,86,93,95,82,94,92,96,98
ID2486,85,234,223,227,205,214,296,317,372,357,322,335,227,219,260,292,289,292,347,365,326,315,305,333,354
ID2487,33,18,25,16,34,35,27,10,54,49,53,80,22,60,53,51,60,27,80,39,11,18,41,60,34
ID2488,126,114,121,76,0,13,50,46,55,50,54,44,52,52,52,51,52,66,67,55,58,68,64,58,58
ID2489,53,58,55,49,42,38,55,61,63,66,71,68,55,61,56,56,55,65,73,59,66,61,82,72,82
ID2490,215,217,206,199,214,195,192,126,185,253,262,132,85,47,40,35,62,128,126,95,68,33,83,129,108
ID2491,74,80,67,71,77,127,110,85,65,84,80,88,74,75,76,75,66,68,82,68,69,87,93,85,90
ID2492,32,51,40,43,39,44,45,39,39,27,32,29,30,32,35,34,36,30,33,33,37,59,47,56,57
ID2493,107,106,105,120,86,100,101,109,65,65,78,108,0,152,77,70,88,76,93,90,85,68,86,84,100
ID2494,101,102,100,102,105,96,115,120,131,114,121,96,94,91,99,142,103,123,115,123,105,106,100,115,121
ID2495,29,31,26,9,15,9,7,9,8,9,8,7,9,9,9,10,7,6,8,9,6,5,9,12,11
ID2496,170,133,121,113,122,112,133,132,136,103,115,128,125,128,109,89,92,109,142,160,173,164,178,186,187
ID2497,141,153,154,132,132,132,145,126,130,122,125,79,100,118,116,95,120,120,147,119,117,129,133,127,145
ID2498,78,89,80,104,78,89,103,82,82,91,71,58,63,77,77,79,87,79,0,50,85,91,93,91,80
ID2499,160,120,105,129,117,79,92,63,110,80,88,62,65,93,79,82,121,140,112,112,137,100,105,175,106
ID2500,53,63,46,40,71,33,40,45,40,41,34,28,54,34,29,38,46,47,39,31,27,31,23,45,62
ID2501,56,54,52,39,32,40,50,23,35,90,57,37,37,45,40,39,37,41,38,52,45,60,53,59,62
ID2502,37,32,27,34,30,32,26,31,28,26,23,28,22,25,1,19,16,25,98,123,124,143,134,153,170
ID2503,104,112,113,114,96,81,147,415,72,164,176,175,146,147,149,149,152,181,177,183,196,178,193,189,213
ID2504,115,126,122,125,97,82,96,87,90,90,90,85,81,85,78,74,73,76,83,88,81,82,89,80,83
ID2505,146,127,112,124,151,144,135,157,160,156,157,131,133,145,145,135,91,90,113,126,87,52,49,66,55
ID2506,37,38,33,35,36,35,46,35,39,38,31,35,32,34,35,27,36,31,30,41,38,44,35,30,17
ID2507,101,109,96,100,104,97,100,96,110,99,94,101,101,119,120,115,100,113,104,86,101,69,70,61,74
ID2508,80,98,100,95,78,87,92,82,87,99,102,100,93,70,106,75,69,80,84,65,86,63,78,77,87
ID2509,58,39,24,13,21,24,31,29,36,39,46,43,40,38,32,37,42,30,20,0,19,22,26,7,17
ID2510,73,76,81,86,78,60,61,74,68,68,68,71,63,69,62,64,67,87,99,103,86,93,94,94,87
ID2511,42,46,34,39,37,36,42,41,41,49,42,42,40,39,41,43,44,50,50,53,53,54,51,52,47
ID2512,108,108,93,96,85,98,94,102,106,90,109,105,99,111,99,106,98,100,131,139,119,98,117,126,122
ID2513,129,122,123,119,118,112,127,125,130,122,110,115,89,92,134,107,108,103,115,110,117,109,129,138,126
ID2514,112,118,104,106,109,92,144,111,102,102,139,109,114,106,97,121,122,122,136,152,95,100,201,105,166
ID2515,11,85,92,76,75,84,88,92,97,91,93,100,91,79,94,94,81,90,108,118,101,99,105,97,109
ID2516,29,26,28,28,21,32,39,41,52,53,52,52,40,40,39,41,42,49,50,41,50,57,45,54,49
ID2517,215,216,228,128,65,57,67,79,68,62,80,66,64,77,64,67,69,72,103,107,113,119,142,131,131
ID2518,123,103,118,106,102,96,135,123,127,121,138,116,112,122,119,101,119,114,82,68,45,64,47,76,112
ID2519,62,61,58,56,64,63,75,104,116,78,87,70,65,68,57,87,100,90,143,160,153,108,105,108,104
ID2520,145,140,140,133,121,117,137,115,162,137,133,127,130,112,127,122,139,120,116,109,128,123,157,165,167
ID2521,115,113,109,87,91,95,106,116,117,93,95,92,72,83,83,103,115,105,118,133,107,107,114,125,128
ID2522,76,89,94,67,82,80,107,82,100,64,52,100,73,85,99,73,90,102,117,86,72,54,62,97,82
ID2523,102,84,51,61,58,51,50,46,52,54,65,56,52,53,54,80,79,86,89,107,91,93,107,92,110
ID2524,146,130,220,302,342,269,448,213,139,192,173,175,155,189,178,197,243,197,186,179,154,130,179,178,183
ID2525,79,67,62,90,91,81,78,83,61,70,66,79,79,80,115,111,96,83,82,87,81,72,88,108,104
ID2526,201,155,149,158,151,NA,206,222,233,218,283,230,182,180,191,212,167,201,236,271,228,213,233,245,235
ID2527,86,83,99,110,91,104,94,82,73,70,81,74,68,85,83,81,69,73,83,91,85,95,90,76,73
ID2528,116,220,150,152,166,181,228,163,165,142,144,148,187,168,145,160,165,180,193,158,155,184,192,196,208
ID2529,61,55,46,52,49,45,44,49,49,46,55,83,74,58,53,56,56,59,61,56,48,47,62,45,58
ID2530,43,49,32,29,32,27,35,35,36,36,31,30,31,32,29,32,34,26,27,28,27,30,26,24,14
ID2531,58,65,50,60,59,57,53,67,60,60,71,45,43,36,51,40,44,37,41,36,42,32,42,39,42
ID2532,151,173,132,161,158,123,144,140,152,148,159,173,149,176,161,180,150,164,190,196,163,160,187,201,178
ID2533,308,237,280,247,240,200,246,246,342,316,286,334,242,247,226,262,264,357,354,469,299,313,335,347,370
ID2534,0,0,0,0,0,0,0,0,0,0,0,0,0,0,0,0,0,0,0,0,0,0,0,0,0
ID2535,115,116,106,116,97,98,99,94,105,96,95,107,93,100,90,106,85,88,91,101,93,87,96,103,95
ID2536,90,93,78,82,98,51,52,86,60,85,85,82,74,60,74,83,86,86,101,107,89,103,101,117,53
ID2537,88,87,68,81,86,38,124,99,90,90,99,83,67,67,64,66,85,92,80,101,88,95,96,90,106
ID2538,82,74,82,76,86,90,79,134,95,61,65,76,62,64,74,78,87,81,104,135,105,99,104,98,98
ID2539,98,81,90,104,96,103,89,103,106,105,115,112,99,92,89,102,99,111,114,127,117,108,111,114,116
ID2540,67,82,98,82,68,54,62,70,74,85,86,82,73,62,60,73,85,90,85,106,83,79,95,82,91
ID2541,67,69,77,78,89,89,74,90,109,80,97,90,90,63,76,71,74,68,66,53,71,66,57,64,59
ID2542,14,16,13,10,11,10,14,13,14,15,13,10,10,10,9,11,12,10,8,14,18,12,11,20,13
ID2543,0,0,0,0,0,0,0,0,1,0,0,0,1,0,0,0,0,0,0,0,0,0,7,6,5
ID2544,112,107,68,57,85,64,68,47,53,35,51,53,58,53,61,32,54,58,58,66,56,65,64,44,37
ID2545,155,155,150,151,169,172,176,160,180,187,178,186,145,148,153,159,173,153,169,130,151,194,185,181,143
ID2546,57,67,60,59,45,44,49,44,49,42,39,46,50,43,39,42,50,47,51,42,41,40,43,47,45
ID2547,118,135,106,110,117,137,117,147,147,127,132,129,98,108,94,99,73,117,84,124,133,108,128,136,123
ID2548,100,102,101,78,76,79,96,114,94,88,84,89,81,88,67,58,63,97,98,102,70,63,83,79,91
ID2549,46,36,37,44,44,50,52,42,61,48,57,51,37,49,45,49,47,52,30,2,2,0,1,18,65
ID2550,50,42,45,40,37,24,31,32,26,41,43,39,23,32,31,28,29,30,31,37,24,25,33,43,48
ID2551,125,144,126,146,146,156,147,143,149,83,12,157,161,180,152,119,153,126,123,115,128,128,123,123,120
ID2552,176,175,165,196,134,132,148,154,151,163,162,166,118,146,138,151,155,144,166,182,176,168,174,152,136
ID2553,204,177,159,151,178,155,164,169,168,163,176,164,161,0,135,NA,168,154,171,188,185,184,171,182,153
ID2554,165,130,122,112,99,105,113,107,116,102,117,117,111,107,106,118,95,100,114,104,127,133,140,149,121
ID2555,108,113,99,98,112,92,107,99,93,95,112,106,87,76,85,91,87,90,102,103,91,93,92,93,108
ID2556,113,57,46,48,2,9,17,9,22,13,18,20,19,20,7,8,13,51,68,65,78,81,66,84,54
ID2557,90,116,111,109,73,77,102,114,101,93,120,91,90,107,109,111,81,93,97,114,103,95,91,93,91
ID2558,149,165,153,130,129,120,128,125,127,108,122,119,111,114,110,111,357,115,131,122,121,108,120,129,130
ID2559,209,229,220,230,215,232,273,261,273,261,269,220,202,199,210,207,211,254,266,253,219,261,282,292,303
ID2560,361,182,309,343,340,301,348,380,386,322,349,302,193,211,218,204,239,229,277,269,262,267,260,222,216
ID2561,238,257,300,347,322,272,327,321,330,297,306,329,318,331,328,317,304,307,259,272,540,325,587,483,336
ID2562,NA,NA,47,16,41,54,60,48,36,30,14,35,32,19,21,17,17,31,42,29,26,4,1,1,2
ID2563,95,93,105,96,125,82,74,90,125,113,93,74,61,54,86,68,97,76,97,83,101,75,86,93,95
ID2564,150,161,146,161,162,143,181,166,195,192,165,159,133,135,141,161,151,145,153,138,148,148,164,150,158
ID2565,45,57,56,63,69,81,98,74,88,64,44,26,42,41,29,59,66,75,107,115,112,117,118,117,99
ID2566,167,216,188,209,179,163,171,177,198,130,141,130,115,139,108,46,78,76,80,75,79,36,60,57,68
ID2567,92,100,92,79,64,98,151,159,151,132,144,137,126,132,112,91,113,109,78,81,97,50,15,92,117
ID2568,118,219,138,141,133,150,190,212,262,183,212,193,129,141,146,160,163,232,223,238,205,206,243,239,265
ID2569,156,126,5,110,96,104,125,110,118,93,108,92,65,120,17,110,97,97,103,94,88,101,86,105,109
ID2570,117,103,86,121,99,NA,196,114,112,92,86,102,87,82,85,104,90,88,90,111,100,106,104,114,130
ID2571,95,104,87,94,94,94,98,108,97,98,94,103,89,88,101,110,95,72,95,118,101,98,94,92,114
ID2572,52,49,50,46,48,53,52,63,62,52,57,57,54,53,59,61,59,64,70,67,60,58,63,59,65
ID2573,271,156,158,139,141,140,168,149,150,151,138,156,184,139,135,113,149,156,169,149,128,148,123,118,135
ID2574,2,8,16,38,42,41,52,60,69,57,37,2,2,2,14,25,24,24,23,23,22,23,26,26,30
ID2575,32,46,47,34,26,36,44,51,62,60,59,54,46,53,51,49,47,50,56,63,56,58,70,67,64
ID2576,124,123,112,109,124,99,107,110,111,107,102,137,101,94,96,104,109,119,142,113,102,96,91,109,81
ID2577,140,165,143,159,151,148,178,150,155,145,164,165,156,160,157,156,161,157,177,189,170,185,191,201,202
ID2578,68,66,51,55,60,58,73,65,61,55,66,48,53,52,51,47,51,45,49,51,47,45,54,47,54
ID2579,1,0,0,0,0,0,18,39,49,20,34,54,89,66,61,79,40,61,120,106,56,101,51,0,0
ID2580,89,78,80,77,72,78,91,91,99,106,107,97,79,86,91,80,85,104,110,116,90,108,87,65,102
ID2581,139,67,226,205,189,251,304,268,231,195,203,200,203,200,210,219,199,186,200,179,218,256,272,263,237
ID2582,NA,NA,NA,NA,108,53,47,34,48,24,14,27,6,13,29,29,1,43,40,37,51,55,49,57,52
ID2583,193,185,178,199,189,167,183,173,193,184,188,209,218,177,186,188,199,200,219,203,195,192,194,206,215
ID2584,259,162,86,151,157,208,275,287,294,333,339,370,156,176,210,176,227,335,416,377,285,230,297,254,192
ID2585,110,70,89,90,113,68,109,84,89,95,121,97,96,102,83,88,99,109,98,118,112,114,123,105,108
ID2586,205,199,200,207,204,197,236,251,162,164,167,197,149,178,187,186,163,185,209,220,190,197,229,206,208
ID2587,103,90,92,80,73,65,96,74,84,88,69,90,96,102,106,114,115,105,90,93,109,94,86,80,166
ID2588,131,775,128,337,331,281,313,334,540,537,528,589,361,428,454,388,435,673,889,740,666,455,595,528,557
ID2589,166,148,148,147,136,147,52,23,54,12,8,5,2,1,18,70,79,67,84,80,64,86,75,86,86
ID2590,124,123,115,125,123,97,127,117,120,116,122,119,110,117,105,114,108,122,133,145,149,147,140,146,128
ID2591,7,8,9,8,9,6,7,10,7,5,4,7,7,6,6,4,4,5,5,5,7,5,5,4,4
ID2592,18,16,21,27,18,15,13,16,15,11,11,22,8,5,5,14,5,6,9,12,20,12,5,5,15
ID2593,128,140,139,140,129,118,88,132,94,91,103,98,96,91,88,98,91,79,73,89,81,98,90,108,98
ID2594,175,206,212,222,190,153,170,159,164,140,145,166,96,110,126,128,109,130,144,147,158,160,199,209,209
ID2595,36,30,48,45,43,48,70,50,49,52,48,62,40,41,42,37,38,44,40,43,57,55,66,58,68
ID2596,126,133,136,127,158,126,160,157,158,161,132,160,172,169,141,200,155,187,163,144,141,122,132,121,120
ID2597,265,52,130,155,197,203,152,150,155,179,137,137,108,115,129,115,162,95,93,93,119,149,111,135,194
ID2598,117,109,116,103,83,103,143,151,147,125,118,96,60,64,94,103,112,107,111,131,118,121,146,137,146
ID2599,105,86,76,72,117,89,119,129,156,142,125,151,143,116,129,120,145,155,173,109,90,95,111,94,109
ID2600,161,114,112,133,122,134,150,161,165,150,145,161,184,169,159,165,147,145,161,184,181,181,194,186,200
ID2601,112,103,98,87,95,100,120,126,118,108,127,131,93,110,110,98,90,95,113,115,98,100,110,103,103
ID2602,71,88,86,66,60,63,93,89,85,82,73,60,58,64,68,56,64,47,49,52,59,46,52,59,51
ID2603,122,146,124,125,85,61,90,68,70,74,70,43,40,72,74,84,94,109,61,97,78,80,107,85,93
ID2604,165,164,147,157,166,145,154,168,172,178,179,177,146,130,173,186,174,176,97,189,178,167,178,192,190
ID2605,1,1,89,93,97,105,115,99,118,111,114,123,110,114,103,121,113,107,111,136,124,116,126,132,125
ID2606,45,13,43,103,159,253,34,388,1,0,0,0,0,1,4,61,167,467,95,59,47,13,3,3,4
ID2607,25,27,27,22,38,21,25,28,19,18,22,19,18,17,18,16,17,15,33,46,48,42,49,64,69
ID2608,128,137,140,165,125,117,132,190,184,192,183,162,167,193,171,190,161,133,129,126,127,119,125,139,134
ID2609,490,338,401,390,461,443,469,372,385,367,368,374,353,389,368,374,381,400,426,475,0,641,258,341,306
ID2610,174,171,164,164,165,185,232,236,190,157,188,185,167,183,191,188,191,187,243,254,213,230,201,202,203
ID2611,63,66,70,73,58,56,55,71,48,56,57,61,55,54,51,33,60,58,69,77,66,59,66,72,79
ID2612,37,90,87,88,54,59,89,114,64,53,56,57,55,41,39,43,39,49,84,74,101,124,100,110,57
ID2613,145,165,137,139,134,134,142,146,141,136,152,163,128,132,127,137,134,129,135,143,144,140,149,128,138
ID2614,491,493,512,499,467,582,413,443,651,651,535,87,427,318,362,434,505,646,467,472,444,437,418,472,511
ID2615,189,186,141,127,176,145,164,127,115,154,84,168,228,187,188,102,198,191,211,126,203,191,193,189,157
ID2616,562,564,529,490,561,492,544,500,568,476,465,463,478,484,521,498,520,496,608,522,502,512,431,594,503
ID2617,25,18,1,5,40,38,46,34,47,28,45,40,18,0,0,0,0,0,0,0,10,140,188,215,242
ID2618,97,96,91,96,98,79,93,93,96,98,94,104,88,91,81,89,86,85,93,91,94,92,105,96,97
ID2619,37,37,38,37,29,15,28,26,35,27,23,34,35,34,32,34,31,32,32,28,35,31,41,40,36
ID2620,170,167,240,36,0,0,0,0,203,293,305,341,325,390,381,246,152,89,9,11,16,7,17,10,16
ID2621,247,228,226,218,218,276,282,256,302,245,265,236,183,257,258,282,335,370,355,289,219,210,257,284,324
ID2622,150,348,384,316,345,308,343,282,294,265,280,264,252,269,256,272,247,208,238,249,297,264,291,274,267
ID2623,86,75,69,63,73,72,80,75,77,77,79,77,71,72,73,70,75,76,78,83,78,76,87,79,90
ID2624,86,81,49,41,41,36,42,40,46,40,40,40,46,46,45,49,50,50,48,39,41,48,47,43,46
ID2625,97,104,103,96,94,78,86,99,108,99,99,98,84,86,85,80,89,94,102,104,96,102,106,100,103
ID2626,55,64,53,50,46,48,58,49,56,49,65,53,51,62,58,55,54,53,59,51,56,54,57,55,66
ID2627,68,59,58,62,67,53,56,59,70,66,59,59,57,55,70,70,60,67,73,72,77,72,66,75,67
ID2628,220,247,243,216,247,245,269,235,249,261,260,242,281,275,269,261,242,254,225,165,181,159,153,173,162
ID2629,144,126,128,123,123,109,127,161,142,152,147,129,121,121,115,131,116,140,148,153,152,149,156,167,178
ID2630,151,152,147,135,125,122,163,188,166,165,175,167,134,145,135,127,124,126,169,176,196,199,190,170,187
ID2631,111,97,111,106,116,99,92,101,100,109,101,113,110,117,123,111,109,119,119,134,114,106,112,116,127
ID2632,286,267,261,219,223,213,289,315,362,509,407,295,193,162,187,176,168,191,307,264,208,252,293,261,293
ID2633,60,73,63,72,70,116,108,105,83,55,159,189,160,135,101,75,100,102,97,97,92,56,63,94,82
ID2634,348,245,268,262,283,226,351,271,283,335,289,273,234,234,243,218,252,288,333,319,275,253,278,254,261
ID2635,66,76,61,77,52,53,52,73,46,44,62,61,50,54,53,67,68,70,63,54,64,60,68,62,57
ID2636,252,262,214,116,90,54,129,163,151,147,154,198,123,100,141,153,147,160,232,203,182,199,202,195,206
ID2637,137,138,147,135,0,92,121,129,125,115,134,131,124,117,121,112,124,116,132,133,123,139,182,210,226
ID2638,76,84,75,66,74,65,48,89,77,61,64,60,60,46,49,58,57,58,51,60,55,59,54,52,57
ID2639,136,128,142,130,125,128,137,122,127,117,140,138,127,132,137,139,115,105,116,121,147,133,135,130,112
ID2640,75,75,75,74,76,62,63,80,75,60,82,93,80,70,73,72,67,67,101,98,88,95,91,78,70
ID2641,38,45,46,50,51,48,50,58,46,40,46,43,46,49,41,30,38,44,61,64,57,60,64,58,56
ID2642,56,49,60,62,62,56,59,67,67,64,69,64,49,53,63,58,65,80,90,73,60,62,56,52,89
ID2643,91,81,80,70,62,60,76,74,77,82,80,77,71,76,65,72,72,80,83,89,88,83,85,83,81
ID2644,43,14,55,105,136,127,109,127,250,48,49,36,33,23,47,175,243,99,463,45,47,20,4,5,41
ID2645,105,107,100,100,101,85,73,91,113,94,110,78,90,80,79,83,86,91,82,93,90,88,102,86,101
ID2646,63,62,69,68,54,40,44,45,38,36,37,22,13,14,14,14,11,10,11,20,32,13,15,18,22
ID2647,88,78,67,25,21,23,42,47,58,47,70,55,49,71,69,88,89,90,96,105,115,112,115,103,135
ID2648,0,0,0,0,6,3,3,10,7,7,2,5,2,0,0,0,5,4,1,1,0,0,8,8,2
ID2649,190,179,176,169,163,168,214,192,158,128,130,128,104,103,139,115,134,153,198,158,151,154,162,161,160
ID2650,212,194,169,181,188,176,181,150,160,155,176,170,144,180,146,163,188,190,192,169,176,174,196,190,228
ID2651,85,84,77,79,74,58,67,64,78,60,61,58,60,55,53,60,61,60,75,72,75,67,67,71,79
ID2652,14,12,12,8,5,10,6,14,17,7,11,8,8,2,5,7,5,7,7,8,5,9,6,6,10
ID2653,75,94,89,85,91,81,105,103,100,120,118,131,129,63,93,107,121,110,115,131,125,117,120,129,129
ID2654,128,126,115,105,95,103,123,110,142,128,130,124,92,111,107,103,114,118,133,126,144,120,130,133,130
ID2655,59,61,63,49,26,38,53,60,68,57,43,55,44,57,53,59,43,54,41,72,82,95,61,46,47
ID2656,88,88,88,86,86,81,79,87,76,79,84,81,78,78,78,85,76,76,89,91,79,76,76,78,80
ID2657,8,10,8,8,10,8,11,9,6,6,6,5,5,5,6,9,7,11,8,15,19,17,18,33,18
ID2658,38,33,34,30,25,31,39,33,39,30,32,33,25,25,25,27,25,30,35,27,23,21,19,16,17
ID2659,48,53,74,54,65,48,51,50,53,63,63,63,55,56,56,62,59,60,61,62,54,56,63,50,59
ID2660,855,781,780,820,866,803,817,723,855,837,942,882,935,983,942,954,930,975,939,1007,975,957,1148,1686,1064
ID2661,53,60,47,66,61,56,56,51,47,54,61,57,53,52,62,47,50,44,47,43,46,51,46,57,46
ID2662,102,104,99,75,98,61,64,70,71,64,91,91,74,80,56,71,74,97,99,103,93,107,114,56,93
ID2663,137,119,140,117,101,122,136,143,149,128,122,136,95,108,86,116,118,125,149,161,165,156,147,146,162
ID2664,12,13,12,10,8,11,16,11,11,6,9,10,12,12,11,13,11,9,9,7,7,6,6,7,6
ID2665,3,0,0,0,0,0,0,0,54,410,72,5,6,11,15,15,132,271,288,67,172,89,112,38,22
ID2666,89,90,99,89,87,83,82,95,92,93,105,100,97,90,92,94,101,97,100,101,91,89,94,93,94
ID2667,45,47,53,50,43,50,42,60,49,47,50,50,34,43,33,26,37,36,35,33,33,35,40,37,46
ID2668,90,65,82,82,78,77,65,76,69,80,77,81,74,74,72,70,78,78,96,91,78,84,81,69,68
ID2669,85,60,59,64,47,56,62,92,89,88,91,95,84,89,88,92,89,90,89,93,89,92,92,104,89
ID2670,189,206,91,88,103,108,126,55,175,100,106,111,116,118,122,124,119,115,118,123,126,127,120,139,142
ID2671,75,70,69,70,64,52,70,73,81,84,79,72,63,58,57,54,60,73,88,81,75,81,92,100,113
ID2672,166,141,118,112,134,134,148,144,152,141,149,133,142,121,119,126,141,150,163,149,142,149,154,161,153
ID2673,51,44,47,55,60,54,66,62,68,60,66,60,55,63,58,56,66,57,62,62,58,52,47,49,44
ID2674,40,48,40,34,43,36,36,30,49,45,51,53,41,38,58,46,46,36,51,45,59,58,53,50,49
ID2675,84,87,72,79,63,76,72,79,77,87,98,75,63,65,45,71,80,86,80,92,72,76,81,75,68
ID2676,78,88,76,76,74,61,72,53,62,60,78,57,59,49,53,44,39,44,49,45,35,55,38,41,41
ID2677,111,110,107,100,104,97,88,99,90,97,96,101,102,98,113,123,100,121,123,123,109,103,110,107,117
ID2678,121,107,86,92,97,88,115,121,103,100,106,109,99,111,97,91,94,127,122,129,132,115,142,138,159
ID2679,85,77,100,72,79,70,73,76,72,69,111,36,33,32,40,33,47,51,59,58,56,56,71,48,55
ID2680,74,71,60,75,61,72,74,79,73,60,74,93,87,81,77,85,77,83,95,92,96,113,112,90,115
ID2681,284,283,296,245,250,277,335,251,314,285,397,243,184,181,210,220,265,290,274,314,226,277,298,299,278
ID2682,110,129,113,103,102,125,130,132,119,125,140,121,123,133,97,108,125,138,157,166,163,134,149,137,133
ID2683,112,106,91,93,88,73,77,103,95,102,120,114,105,125,114,100,117,129,110,131,120,139,127,116,131
ID2684,56,68,79,80,69,57,61,58,53,45,50,36,65,66,70,55,52,40,46,59,59,72,77,58,62
ID2685,18,41,54,60,51,43,51,36,91,55,98,72,49,24,20,78,71,38,36,20,25,4,40,35,30
ID2686,72,89,78,86,89,83,101,92,102,85,113,99,89,87,90,87,87,154,109,75,86,88,100,101,99
ID2687,149,151,116,118,97,104,121,146,124,102,0,1,1,1,1,1,4,18,28,21,22,51,34,33,42
ID2688,25,20,24,51,29,13,17,11,12,13,12,10,16,13,12,17,14,8,26,24,36,32,32,13,27
ID2689,90,90,90,91,90,82,93,88,93,96,98,86,86,87,83,88,93,101,96,88,84,87,89,97,90
ID2690,118,129,126,119,125,90,103,114,109,101,108,96,107,92,70,63,108,126,104,101,117,106,122,118,120
ID2691,105,113,108,97,81,80,101,102,114,113,127,115,92,100,98,109,105,106,109,112,125,113,113,116,109
ID2692,86,77,85,79,81,37,100,55,49,78,39,49,43,72,51,50,50,76,136,59,48,44,51,52,48
ID2693,10,0,10,8,17,10,7,5,15,24,15,10,17,20,0,0,0,9,18,14,15,30,30,30,20
ID2694,0,3,3,4,1,0,4,1,1,1,3,0,0,2,3,6,4,0,1,0,0,0,1,0,1
ID2695,80,86,73,82,78,87,83,60,84,83,79,70,75,70,78,56,45,59,50,63,59,71,34,28,49
ID2696,159,158,131,117,116,120,30,31,32,128,126,161,111,114,118,109,112,127,146,139,143,127,190,318,200
ID2697,37,33,35,35,31,31,34,33,37,33,34,39,39,36,40,45,38,41,37,42,43,43,36,44,37
ID2698,109,109,95,94,100,114,127,110,105,90,105,94,82,85,83,85,90,101,113,102,111,115,123,131,121
ID2699,24,25,23,31,100,133,172,190,197,184,211,171,147,197,179,194,202,225,259,305,188,181,205,173,165
ID2700,29,23,19,18,34,40,14,17,126,29,31,27,27,52,72,74,32,40,55,84,62,7,86,38,43
ID2701,200,194,160,149,164,159,185,197,188,211,195,193,191,184,180,190,173,169,202,205,173,191,167,157,123
ID2702,120,120,123,102,117,107,99,110,112,107,108,119,46,30,78,119,120,130,133,179,186,73,87,95,92
ID2703,125,110,114,119,120,121,158,144,146,92,125,137,114,114,127,145,127,163,158,146,149,142,144,156,144
ID2704,95,102,90,89,81,75,92,93,99,89,99,86,85,88,103,88,92,89,101,107,81,111,123,123,114
ID2705,65,65,61,64,48,41,39,43,45,51,49,52,40,42,43,47,42,47,51,58,54,44,46,47,48
ID2706,24,32,36,33,28,16,13,28,18,22,24,17,24,27,31,27,24,20,23,23,21,21,21,20,20
ID2707,70,74,93,67,56,50,60,68,51,41,53,41,46,46,49,67,75,108,188,173,162,149,164,143,144
ID2708,134,145,130,129,116,133,165,168,101,131,141,153,139,143,134,174,148,147,193,202,183,196,172,153,157
ID2709,191,174,158,182,155,145,156,163,153,132,151,139,146,168,151,165,101,92,106,122,116,134,150,152,141
ID2710,177,165,165,156,168,157,186,177,182,176,192,178,154,177,162,156,106,115,119,117,102,115,123,123,122
ID2711,86,83,82,90,79,78,88,90,76,85,74,76,80,72,88,83,77,79,78,80,70,65,72,75,76
ID2712,135,191,125,137,125,112,84,103,102,102,102,111,109,119,146,134,129,117,139,114,177,189,163,115,105
ID2713,93,110,87,104,104,84,74,89,117,113,125,114,99,115,95,110,119,122,124,119,104,116,121,102,106
ID2714,124,145,158,170,98,90,149,139,124,157,140,133,139,132,109,121,120,112,141,135,130,138,138,125,125
ID2715,110,117,110,113,116,109,114,121,119,94,103,102,99,94,102,107,98,100,110,100,105,100,94,103,104
ID2716,179,107,105,65,139,158,100,90,135,104,136,141,116,129,155,141,143,128,153,156,172,144,155,149,160
ID2717,219,231,226,325,309,257,309,285,318,285,301,273,306,293,282,317,295,286,287,278,239,291,293,284,264
ID2718,149,145,131,141,148,133,163,143,151,138,140,140,132,143,142,146,149,162,179,171,152,161,174,175,178
ID2719,81,74,82,70,68,65,78,83,72,72,71,75,62,64,86,75,72,69,81,89,77,81,80,81,82
ID2720,28,35,25,28,21,37,47,22,27,32,33,31,25,25,19,23,21,24,31,25,21,22,20,19,20
ID2721,8,8,10,6,6,9,10,3,7,6,5,6,4,3,7,6,0,0,0,1,3,25,18,4,6
ID2722,84,81,74,81,74,66,79,67,63,62,67,81,85,84,81,95,101,89,117,100,73,60,66,65,77
ID2723,119,131,115,108,102,113,128,106,118,105,109,117,114,142,110,103,107,114,114,113,105,101,102,98,98
ID2724,92,96,89,89,89,84,87,99,93,90,83,89,94,90,93,92,78,73,75,86,75,101,84,77,91
ID2725,265,287,256,250,303,277,367,275,285,281,272,247,226,248,265,264,259,226,268,269,274,274,254,281,276
ID2726,612,516,475,440,459,458,458,682,859,701,753,690,549,611,617,617,152,0,76,76,76,76,76,76,76
ID2727,164,181,210,181,163,115,89,86,80,102,83,126,109,121,121,159,148,163,134,153,174,136,152,171,161
ID2728,72,68,76,42,47,39,58,64,63,56,65,84,59,105,95,95,86,102,101,104,69,98,74,71,94
ID2729,112,64,110,111,93,84,105,130,146,135,118,138,115,127,134,126,31,45,61,67,60,65,62,60,36
ID2730,74,58,53,57,53,50,75,103,67,71,66,68,70,70,69,73,106,78,95,122,92,89,100,90,82
ID2731,52,58,50,50,47,49,59,55,50,53,59,51,68,65,58,57,56,47,56,54,52,44,48,43,49
ID2732,124,107,130,99,111,98,115,116,117,102,98,80,64,55,70,76,75,89,81,102,87,79,100,83,91
ID2733,131,164,167,146,155,167,136,187,194,95,57,78,111,95,84,81,129,114,120,151,184,206,187,183,129
ID2734,102,89,82,84,82,75,86,88,89,84,87,83,77,81,91,79,82,85,91,101,92,82,104,105,83
ID2735,328,335,304,365,324,290,301,309,368,368,357,400,324,327,311,353,328,308,355,378,602,356,369,324,317
ID2736,79,101,82,74,69,73,74,65,75,80,99,87,82,87,83,86,103,107,125,99,81,77,80,88,82
ID2737,91,85,80,63,86,74,88,101,77,59,96,103,91,93,87,76,103,91,102,98,76,52,83,81,74
ID2738,128,145,127,126,141,127,135,128,131,139,141,130,128,136,126,140,135,123,109,121,121,122,124,131,125
ID2739,128,124,135,155,121,128,151,157,153,131,135,136,151,129,123,148,142,129,148,153,142,156,139,138,154
ID2740,88,89,90,90,86,77,92,75,86,79,89,81,76,76,79,84,91,100,102,84,88,82,84,89,83
ID2741,68,55,46,60,61,48,49,52,58,50,56,54,55,58,53,59,61,69,58,45,55,51,54,62,52
ID2742,65,74,89,92,91,84,98,98,90,74,94,105,68,107,93,89,92,117,107,149,141,104,66,99,72
ID2743,101,120,87,80,16,3,7,31,47,34,35,28,30,23,18,20,17,23,2,1,9,120,165,169,195
ID2744,132,145,120,98,99,107,118,120,137,125,134,120,119,102,99,108,112,96,115,126,111,104,86,110,116
ID2745,48,50,40,36,21,31,38,41,40,45,39,42,25,25,22,19,16,19,33,39,36,38,39,40,39
ID2746,137,160,152,160,148,135,154,159,159,160,154,143,156,159,149,160,169,159,165,154,166,170,182,169,172
ID2747,57,50,55,66,40,40,45,40,21,27,38,41,24,23,29,27,31,44,38,32,11,12,34,42,35
ID2748,209,209,204,190,121,106,109,103,122,112,102,132,123,90,125,117,126,135,165,127,138,153,164,168,152
ID2749,59,66,58,60,59,59,63,67,67,64,67,64,72,61,72,71,69,71,70,74,67,69,72,72,68
ID2750,75,82,47,46,49,41,52,45,49,49,50,44,39,46,47,57,57,57,63,58,51,56,79,73,70
ID2751,97,93,88,94,105,86,101,91,93,95,96,87,82,85,81,92,96,84,95,92,89,87,96,94,93
ID2752,107,107,86,90,83,87,85,102,95,74,79,91,81,72,77,91,85,84,90,87,86,74,89,84,99
ID2753,59,67,74,81,64,58,77,75,81,82,86,81,104,89,81,79,76,77,89,88,101,88,84,87,97
ID2754,184,148,141,171,158,166,201,181,185,179,201,176,151,160,168,214,210,214,253,217,209,210,215,232,169
ID2755,62,63,110,94,92,83,92,94,73,99,120,106,62,111,102,30,86,57,71,71,77,107,92,119,90
ID2756,69,67,73,73,70,78,60,81,76,67,59,75,43,51,54,61,53,61,25,82,39,26,31,43,46
ID2757,41,61,16,0,0,0,31,65,66,64,78,69,61,65,59,61,78,78,77,98,89,78,82,91,84
ID2758,158,137,144,151,142,125,118,107,94,101,100,99,95,102,109,105,108,131,114,99,106,111,121,93,95
ID2759,NA,NA,NA,3025,414,357,397,344,425,369,NA,NA,NA,NA,NA,642,317,389,436,405,432,464,475,427,442
ID2760,50,64,58,61,59,60,67,59,64,60,63,59,58,68,58,65,60,69,70,80,78,83,86,74,77
ID2761,114,107,137,97,105,86,98,112,118,99,141,114,101,108,103,131,154,128,150,133,101,77,97,86,93
ID2762,122,112,115,115,112,153,121,122,125,114,114,86,106,105,100,107,111,100,123,119,122,128,133,133,142
ID2763,103,104,88,103,99,98,82,87,139,141,124,113,92,97,110,132,146,169,174,183,141,149,156,141,148
ID2764,197,186,180,184,190,254,104,120,124,202,165,84,75,81,106,133,129,123,220,296,172,198,169,291,149
ID2765,94,109,101,111,109,92,123,115,114,116,126,131,114,120,104,116,118,125,131,116,124,126,127,138,142
ID2766,NA,83,NA,133,122,144,240,143,239,195,228,200,159,212,219,203,145,130,157,99,93,92,149,67,101
ID2767,97,103,100,91,117,121,124,110,120,122,134,121,101,133,119,117,120,44,10,27,33,46,104,126,124
ID2768,97,102,93,88,96,94,104,117,123,108,111,115,102,100,109,97,110,109,124,125,114,109,111,103,119
ID2769,16,41,87,72,87,71,107,103,123,92,95,90,30,13,13,14,16,25,50,75,54,60,105,94,40
ID2770,681,582,698,686,750,829,725,1079,1005,935,864,1298,692,1194,1248,1055,1509,1189,1435,1249,1206,769,1285,1661,1048
ID2771,193,168,160,163,167,135,149,146,165,158,167,151,162,167,161,163,156,148,172,158,162,169,165,220,233
ID2772,74,71,70,75,72,84,97,76,96,73,89,67,67,65,55,56,60,66,66,51,47,49,57,47,57
ID2773,49,60,28,50,42,34,46,48,51,46,52,47,48,53,49,34,37,39,35,36,46,48,54,46,56
ID2774,188,296,296,283,286,269,284,294,362,453,495,453,415,479,466,459,488,397,567,520,622,485,543,534,518
ID2775,81,91,74,50,69,86,84,71,64,57,51,43,34,56,71,62,58,49,75,88,86,75,59,75,64
ID2776,88,95,67,57,62,56,71,71,61,47,66,69,64,57,46,56,53,51,66,57,62,68,58,66,70
ID2777,71,12,114,69,57,1,124,110,2,8,11,32,28,46,52,22,32,13,48,15,3,5,22,40,36
ID2778,567,530,594,518,525,459,625,594,643,598,606,482,431,488,428,569,585,622,621,706,438,506,599,495,549
ID2779,74,74,62,71,61,77,88,72,85,78,88,82,72,79,65,81,81,82,92,87,73,68,91,81,73
ID2780,248,220,221,224,256,229,330,283,308,408,274,171,206,256,241,255,273,319,322,261,258,273,286,274,301
ID2781,304,274,211,199,245,189,248,41,273,57,163,167,156,167,172,150,213,293,414,536,206,306,373,351,427
ID2782,59,67,52,53,49,37,41,32,35,32,33,34,34,33,33,37,42,35,41,59,40,44,26,43,39
ID2783,5,4,12,16,11,2,2,1,0,12,19,19,23,19,20,24,24,22,30,22,8,19,26,24,23
ID2784,107,101,109,83,70,96,127,136,126,121,102,143,123,102,71,69,86,71,88,93,135,124,133,104,79
ID2785,87,90,90,88,95,91,115,110,108,90,98,97,80,85,78,88,91,88,82,95,78,78,92,81,95
ID2786,86,90,79,81,73,86,94,99,90,83,92,87,73,79,70,73,72,78,77,77,72,67,73,72,83
ID2787,95,80,75,75,72,71,84,86,78,70,81,85,56,74,74,71,67,63,75,80,71,70,72,67,67
ID2788,179,197,191,203,173,183,182,190,209,190,182,206,201,164,186,200,205,242,236,207,199,204,222,235,180
ID2789,157,170,156,164,150,152,135,162,194,174,173,171,145,135,142,172,181,177,175,179,173,164,178,179,187
ID2790,132,126,125,119,132,125,146,151,153,145,154,148,141,148,149,149,162,166,169,161,152,159,161,150,143
ID2791,76,76,72,82,82,71,70,80,92,86,80,86,76,79,79,82,71,82,85,84,77,71,73,97,116
ID2792,150,138,141,130,134,65,2,0,25,90,91,20,1,0,0,1,0,0,0,0,0,50,63,64,65
ID2793,139,112,127,118,128,153,142,112,161,176,170,166,153,22,10,10,27,68,82,85,87,94,90,91,99
ID2794,32,31,34,32,31,28,29,32,33,30,21,23,18,21,22,21,23,32,33,35,28,37,42,30,37
ID2795,106,109,100,84,113,126,132,90,111,110,119,118,104,137,131,61,126,130,144,137,122,138,117,118,123
ID2796,107,97,100,60,103,95,102,93,90,56,86,104,94,60,79,86,102,96,82,79,84,118,103,101,91
ID2797,66,62,58,55,50,56,72,72,88,79,73,70,70,71,77,78,72,80,80,59,71,39,68,87,85
ID2798,142,147,146,144,165,137,160,164,186,140,172,165,146,138,138,124,118,125,158,132,102,96,97,136,143
ID2799,139,134,135,136,140,124,156,135,128,131,124,97,92,104,113,122,122,130,159,155,166,160,170,178,163
ID2800,121,124,117,128,137,109,82,96,109,112,118,97,83,112,107,101,104,97,108,100,96,96,130,121,102
ID2801,65,66,67,61,56,64,82,77,81,86,95,89,80,82,87,87,80,90,90,95,94,90,86,81,98
ID2802,225,222,219,211,226,211,235,225,222,251,286,242,228,229,225,229,226,226,231,178,200,196,194,200,189
ID2803,95,91,86,101,52,70,87,92,85,88,94,98,80,74,68,79,75,76,92,98,79,89,85,90,90
ID2804,57,56,53,56,59,52,54,58,60,59,67,56,51,55,56,59,55,68,50,58,45,64,58,58,61
ID2805,62,56,57,60,58,58,73,77,80,72,79,84,61,64,64,72,73,79,83,108,77,87,83,89,89
ID2806,137,86,105,93,93,139,99,107,108,78,82,96,102,106,108,104,104,112,134,136,148,114,124,127,199
ID2807,105,108,79,95,85,89,86,113,100,93,97,100,91,94,92,90,102,101,83,111,97,107,98,98,121
ID2808,15,18,17,17,9,2,6,10,13,13,10,12,9,10,12,6,7,5,4,6,4,4,2,12,51
ID2809,183,166,174,159,171,173,206,197,197,205,186,198,153,158,166,212,195,178,203,210,223,197,196,201,205
ID2810,243,303,297,317,351,338,259,309,366,357,253,266,241,222,223,264,230,206,222,251,265,231,263,263,270
ID2811,156,165,153,150,141,142,145,151,162,147,144,150,126,138,137,120,123,130,137,141,130,131,128,124,122
ID2812,107,95,25,73,77,22,69,79,78,86,111,95,82,86,79,98,97,103,111,95,94,108,101,93,107
ID2813,112,121,146,108,123,114,134,136,147,145,175,122,97,126,140,124,131,152,179,164,148,141,177,145,156
ID2814,177,221,229,187,201,213,90,248,177,203,181,179,188,189,180,208,198,189,175,167,365,106,281,239,187
ID2815,140,177,203,210,150,120,179,214,146,143,194,182,185,207,187,191,195,191,229,235,205,194,201,213,200
ID2816,235,292,272,279,287,277,320,297,324,295,337,283,259,284,269,263,302,307,339,332,314,300,298,318,317
ID2817,242,226,207,227,218,226,259,215,239,203,211,194,175,188,169,183,180,195,183,187,166,165,176,166,169
ID2818,133,129,78,86,62,39,48,16,23,33,34,34,40,40,31,33,33,18,4,12,14,17,15,21,22
ID2819,86,88,82,93,82,78,89,88,92,89,106,97,94,86,103,114,85,83,93,83,87,90,90,100,97
ID2820,29,34,26,36,38,22,31,31,31,22,40,39,24,25,29,40,24,24,38,51,24,34,40,46,63
ID2821,104,99,86,99,93,79,111,104,118,98,96,100,88,95,109,98,113,44,24,45,70,57,63,142,167
ID2822,88,84,93,75,51,64,67,73,16,1,1,51,91,97,99,78,106,100,98,95,95,81,101,90,100
ID2823,53,66,47,49,48,43,46,46,52,44,42,46,47,45,52,10,0,0,37,71,54,62,65,58,65
ID2824,134,105,95,97,99,97,133,138,147,143,132,123,108,138,131,128,124,117,148,128,125,128,124,127,128
ID2825,72,33,41,41,45,44,57,56,56,44,42,48,46,45,49,45,44,47,57,53,57,56,55,55,40
ID2826,157,152,137,114,99,80,109,128,125,129,132,132,142,141,138,143,138,149,168,154,146,160,171,173,177
ID2827,118,111,97,91,107,139,184,145,170,169,155,150,171,173,170,159,161,166,197,175,165,163,173,171,176
ID2828,49,43,67,59,38,30,27,27,25,25,31,49,71,62,60,55,41,41,41,47,32,41,59,66,65
ID2829,42,40,43,42,41,40,45,42,39,42,40,36,38,36,41,40,45,41,44,44,40,43,44,40,47
ID2830,133,153,162,166,137,117,135,198,182,205,233,210,179,197,199,173,189,176,195,280,227,230,254,280,263
ID2831,83,86,54,48,55,53,61,68,64,61,67,98,84,85,82,91,91,91,96,97,106,96,92,91,99
ID2832,39,73,116,93,132,119,152,125,165,166,129,169,138,146,166,166,143,130,151,167,121,133,10,0,0
ID2833,47,28,22,25,19,21,22,26,24,23,22,21,19,20,22,18,22,19,24,24,21,20,9,7,29
ID2834,128,123,121,117,116,121,147,141,144,141,126,127,132,129,146,121,123,133,147,153,163,145,153,153,148
ID2835,119,28,210,139,136,113,134,127,118,103,112,95,68,75,102,114,121,110,124,108,107,87,95,87,95
ID2836,130,91,114,110,99,115,108,111,118,107,100,135,155,148,148,150,135,76,91,94,97,75,83,75,86
ID2837,157,162,136,157,168,149,191,159,144,166,180,108,203,150,164,187,174,166,176,155,157,170,171,214,200
ID2838,126,134,127,130,116,123,125,156,142,129,134,153,113,146,122,124,124,117,123,123,108,115,120,121,124
ID2839,216,176,165,118,89,89,163,164,139,203,210,260,171,203,178,177,149,10,34,39,79,99,105,91,67
ID2840,132,112,128,112,131,113,104,118,138,109,115,123,106,108,61,81,101,107,111,135,106,103,139,106,145
ID2841,66,72,73,74,70,65,79,85,86,79,73,85,74,73,74,79,79,82,86,89,85,89,85,84,89
ID2842,95,93,90,93,90,96,99,99,90,105,93,104,94,107,95,110,102,102,107,110,96,101,102,101,117
ID2843,159,135,139,137,124,92,117,114,104,105,93,90,69,78,79,70,26,15,4,20,26,35,40,123,48
ID2844,69,73,81,79,76,73,81,89,77,82,86,90,89,75,84,89,92,84,91,93,89,88,90,87,92
ID2845,88,93,87,91,89,88,93,88,101,96,91,106,92,102,142,141,144,98,111,109,107,162,188,207,223
ID2846,90,90,95,88,76,81,93,93,90,90,105,90,83,86,104,96,78,87,103,97,113,101,93,102,108
ID2847,146,135,114,118,117,98,109,112,94,92,104,107,93,89,92,97,131,99,103,101,213,113,107,120,116
ID2848,193,217,148,124,163,163,161,98,165,110,110,98,96,97,96,98,75,0,0,0,NA,NA,NA,NA,NA
ID2849,101,84,93,89,87,80,90,84,93,85,92,90,76,79,76,76,80,82,73,82,80,80,80,80,79
ID2850,110,105,92,78,122,104,98,103,133,129,140,131,112,100,87,119,112,119,134,126,131,118,111,119,94
ID2851,53,65,59,53,51,55,50,47,54,52,51,57,53,54,54,52,51,54,58,60,50,53,52,53,53
ID2852,57,80,79,77,73,61,63,66,71,73,74,78,68,65,70,71,74,72,92,100,101,84,91,92,107
ID2853,80,93,67,63,66,64,73,84,72,70,75,72,57,53,50,53,53,59,47,63,47,49,63,49,54
ID2854,135,151,165,148,193,187,220,198,231,270,223,251,222,229,207,200,242,237,269,274,210,255,246,225,248
ID2855,206,185,206,209,190,163,172,186,182,171,157,154,154,146,142,145,148,156,159,166,153,178,175,165,172
ID2856,49,204,154,128,116,100,119,134,109,NA,251,145,119,125,131,145,167,161,124,159,140,127,132,105,154
ID2857,48,50,46,43,46,40,23,33,37,39,39,44,72,38,40,39,41,29,26,21,32,45,42,52,76
ID2858,101,108,81,53,51,63,65,58,79,115,121,128,111,107,117,111,113,115,122,142,107,90,100,118,129
ID2859,145,122,127,129,140,106,125,131,133,135,128,119,119,115,127,125,135,134,146,143,129,123,122,117,124
ID2860,218,159,180,175,184,203,207,225,201,212,202,211,137,153,183,190,235,228,275,210,133,141,141,141,176
ID2861,80,60,89,76,79,71,60,68,38,146,85,55,47,46,47,66,71,60,68,72,57,60,67,62,62
ID2862,120,96,111,97,103,57,89,132,109,113,99,62,106,79,119,100,135,104,182,159,126,215,167,184,158
ID2863,1,0,0,0,0,0,0,0,0,0,0,0,1,0,0,0,0,0,1,0,0,0,0,0,0
ID2864,101,90,71,91,105,54,50,53,62,55,62,70,55,59,52,46,53,55,50,44,56,64,71,33,27
ID2865,81,78,75,71,71,81,69,69,56,44,51,51,45,52,66,44,50,53,66,64,66,59,73,75,62
ID2866,21,6,6,14,22,19,16,23,24,15,51,30,24,28,43,44,24,45,21,33,23,40,54,53,44
ID2867,32,43,30,32,31,33,32,34,33,35,34,35,35,14,2,7,44,41,42,9,6,24,74,36,33
ID2868,116,150,132,147,135,109,117,142,135,126,139,134,142,146,111,118,107,105,120,111,130,108,139,132,119
ID2869,452,468,428,436,379,355,421,339,431,442,445,396,371,425,467,425,485,476,440,417,405,383,405,394,367
ID2870,67,76,66,70,75,62,36,89,101,78,74,70,60,37,25,80,64,80,75,103,98,129,114,131,139
ID2871,124,143,126,79,30,0,0,0,0,0,0,0,0,0,0,0,0,0,0,0,0,0,0,0,0
ID2872,0,26,29,34,40,26,50,40,51,58,72,56,51,48,61,64,96,100,102,56,138,181,116,79,84
ID2873,90,65,78,84,86,94,92,88,85,85,88,93,82,82,86,99,84,80,94,94,94,89,92,81,102
ID2874,158,155,168,124,71,63,71,68,72,63,73,73,56,71,64,72,79,80,79,80,75,69,73,72,76
ID2875,45,57,40,51,38,35,44,37,43,46,44,45,46,41,44,43,45,41,46,46,57,45,47,47,49
ID2876,183,169,154,154,168,153,161,171,157,152,182,159,132,135,158,147,155,171,145,155,146,145,139,146,143
ID2877,95,86,90,93,95,89,89,102,103,97,96,101,92,97,95,96,87,99,111,122,111,96,101,104,121
ID2878,77,77,68,38,36,40,37,36,34,39,47,49,38,38,41,42,28,40,41,36,45,47,47,48,51
ID2879,55,46,81,81,83,84,81,103,101,99,88,96,72,77,95,93,101,97,94,102,146,127,141,128,140
ID2880,85,94,79,101,NA,NA,NA,NA,NA,NA,NA,NA,NA,NA,0,65,55,72,97,95,99,70,64,66,71
ID2881,124,89,116,122,143,155,175,169,136,99,102,108,106,96,107,80,79,81,89,84,89,79,76,90,87
ID2882,108,119,95,101,76,76,102,89,90,86,82,91,67,60,76,68,78,79,98,101,86,88,82,85,106
ID2883,89,73,72,75,60,55,67,84,82,80,84,89,63,62,61,85,65,71,79,93,94,87,97,97,91
ID2884,12,11,9,9,10,10,10,11,11,11,11,11,10,10,15,16,15,54,58,20,13,15,17,18,18
ID2885,72,60,61,80,100,90,58,67,58,55,53,44,68,42,37,27,7,9,10,9,11,17,12,10,9
ID2886,59,57,57,60,67,60,58,70,70,85,90,85,70,67,68,72,73,75,62,52,46,47,56,61,67
ID2887,48,49,52,59,90,84,101,109,122,117,119,116,108,107,119,118,113,112,125,69,61,55,56,62,61
ID2888,98,107,104,89,102,102,101,120,99,97,110,89,60,87,66,69,87,97,107,91,71,102,93,53,103
ID2889,32,21,24,26,31,32,45,39,42,38,39,32,22,34,31,34,34,44,49,42,32,44,37,26,41
ID2890,318,199,253,255,305,295,371,79,0,542,770,399,205,190,173,127,109,122,746,574,217,319,289,253,227
ID2891,1,120,140,111,107,103,101,117,120,120,120,129,129,122,135,132,152,115,123,135,150,119,126,50,32
ID2892,110,97,89,86,84,71,57,64,56,56,44,51,46,38,45,54,53,49,43,55,55,49,65,58,53
ID2893,30,25,22,15,14,7,17,19,12,10,19,21,27,22,21,20,21,24,22,14,21,17,23,19,22
ID2894,100,85,62,83,59,53,62,69,83,56,67,67,72,78,67,73,67,69,80,99,83,56,49,69,70
ID2895,56,46,50,50,41,40,64,63,51,26,21,28,34,36,42,47,60,58,64,68,53,75,91,81,80
ID2896,135,130,140,131,139,146,154,162,168,162,162,159,151,150,138,146,143,142,140,160,145,148,141,151,145
ID2897,1,2,1,0,2,0,1,1,0,0,1,0,0,1,2,45,20,5,39,56,38,20,78,80,81
ID2898,250,260,244,237,270,258,276,302,314,71,NA,305,281,316,272,256,285,296,337,323,276,273,284,288,303
ID2899,17,14,15,14,16,18,31,38,36,20,39,50,21,11,8,10,11,3,1,1,1,2,2,2,3
ID2900,130,125,121,125,131,120,121,145,134,129,128,123,144,116,134,138,119,129,120,144,139,150,133,150,135
ID2901,157,160,27,144,143,142,124,120,147,128,136,128,129,88,95,149,138,122,125,76,74,65,66,76,74
ID2902,239,223,203,204,214,187,235,208,306,221,291,224,178,200,185,221,276,255,239,224,84,183,231,190,216
ID2903,227,232,9,193,335,310,265,352,298,290,310,256,207,220,99,29,140,330,353,391,371,173,37,8,123
ID2904,28,33,36,27,24,22,31,65,61,57,68,67,123,97,73,67,38,40,43,37,28,38,47,62,49
ID2905,83,77,62,62,62,60,64,62,62,59,67,64,60,68,61,64,64,65,58,68,62,71,74,65,82
ID2906,108,125,91,76,79,84,116,130,113,112,101,103,114,131,134,101,70,67,82,104,108,98,104,110,130
ID2907,121,130,221,NA,112,115,120,112,118,109,114,100,106,139,141,139,151,170,148,160,115,79,71,113,119
ID2908,7,10,8,8,10,9,11,11,12,10,9,8,8,9,10,10,5,5,5,5,4,7,9,6,9
ID2909,64,64,58,61,49,42,43,40,47,71,59,31,33,35,39,32,32,47,46,43,38,38,48,44,49
ID2910,104,99,100,93,74,112,96,116,93,98,105,106,90,98,98,127,110,125,141,144,147,151,127,107,129
ID2911,243,237,215,242,206,211,216,215,224,213,222,227,227,252,192,199,217,201,209,187,204,213,232,202,195
ID2912,48,37,21,152,162,183,188,195,214,206,166,189,152,145,159,145,155,135,120,105,96,102,110,99,99
ID2913,95,100,93,119,108,92,105,117,107,99,125,115,87,106,89,129,110,106,117,116,117,120,134,136,133
ID2914,90,81,90,87,72,83,85,82,75,70,79,76,71,78,76,74,90,99,75,71,73,75,80,81,86
ID2915,128,133,128,142,134,129,120,150,120,125,133,110,106,113,102,104,105,102,92,92,89,93,100,102,100
ID2916,155,161,130,128,161,150,153,140,152,133,135,90,125,156,160,135,150,150,171,162,151,96,144,146,144
ID2917,48,138,139,145,128,110,129,150,109,121,123,100,115,120,118,109,109,127,173,147,145,135,147,133,138
ID2918,95,96,89,75,71,65,68,80,122,129,135,144,133,137,122,142,142,85,85,156,97,164,174,96,94
ID2919,252,189,217,171,187,215,221,190,276,288,293,350,268,351,323,269,229,439,508,479,526,526,473,423,493
ID2920,74,73,66,70,71,59,73,80,72,74,76,82,67,66,72,70,74,73,86,87,81,77,81,84,89
ID2921,58,66,56,61,61,64,63,77,97,97,103,81,84,86,78,75,83,105,130,131,88,97,97,93,98
ID2922,203,225,247,208,178,180,199,196,206,182,181,184,160,193,176,189,192,197,200,215,165,198,232,208,232
ID2923,380,496,495,427,445,418,528,524,687,592,591,584,442,402,259,389,508,627,707,670,492,259,294,433,667
ID2924,79,76,81,74,69,86,78,79,88,67,71,84,61,68,62,71,76,75,76,99,102,128,121,132,134
ID2925,18,30,22,18,16,14,17,14,8,10,15,11,28,28,30,16,16,14,16,16,13,15,17,15,18
ID2926,47,72,70,72,76,75,99,78,76,72,84,73,70,65,64,67,52,55,73,75,65,59,64,55,59
ID2927,1,0,0,0,36,112,150,141,176,149,136,100,116,117,146,148,181,242,266,225,240,254,240,0,0
ID2928,165,171,172,159,137,129,137,142,142,146,142,149,108,123,120,134,137,131,154,143,138,143,135,141,131
ID2929,129,128,142,133,130,110,141,126,138,133,131,123,129,195,134,131,124,130,136,150,131,133,185,229,143
ID2930,124,122,127,134,149,148,137,79,111,103,93,96,115,109,150,133,171,180,184,120,136,112,112,150,130
ID2931,142,149,160,146,129,120,131,116,109,109,113,114,107,142,199,184,50,23,96,113,114,139,126,142,245
ID2932,80,78,60,15,13,62,40,43,57,54,49,50,50,42,19,3,25,35,38,23,2,3,44,50,59
ID2933,49,54,45,42,45,35,42,41,37,43,39,46,42,33,39,43,45,39,39,47,50,61,59,54,58
ID2934,131,77,59,76,59,50,53,69,80,77,87,43,71,47,21,22,12,23,21,21,20,22,19,21,23
ID2935,15,20,19,20,16,17,12,11,11,11,11,11,11,11,13,10,13,10,10,32,20,10,12,58,10
ID2936,159,170,172,181,205,153,189,80,143,141,143,179,157,246,209,202,220,203,228,131,151,174,178,111,154
ID2937,120,122,113,111,100,111,122,143,143,122,133,146,132,135,139,154,161,143,159,167,174,152,162,110,120
ID2938,53,62,49,56,57,56,57,50,53,49,54,44,47,41,42,46,49,47,54,56,53,51,63,63,60
ID2939,94,89,95,98,103,113,119,119,115,143,125,118,98,102,107,120,117,104,102,109,90,116,107,111,90
ID2940,6,7,7,0,6,7,23,68,37,46,165,143,70,25,19,4,26,1,10,75,74,57,78,91,115
ID2941,47,45,32,40,36,32,39,47,43,39,44,50,54,52,57,58,62,64,64,59,68,66,46,48,87
ID2942,479,80,264,231,238,296,224,281,266,211,197,259,126,104,115,151,155,240,291,269,188,114,179,206,259
ID2943,10,19,18,10,15,10,39,59,72,73,75,70,63,58,71,69,80,86,92,92,95,92,86,78,76
ID2944,121,116,117,136,102,96,110,85,118,109,122,117,110,95,107,117,42,22,7,4,15,29,115,94,80
ID2945,37,35,40,53,44,47,48,45,38,41,61,32,43,48,47,42,51,40,40,29,34,33,31,26,28
ID2946,1,1,1,71,85,72,86,87,85,90,88,85,69,75,78,81,69,49,59,61,55,62,59,72,81
ID2947,3,0,0,0,0,0,0,5,1,0,0,0,8,49,2,0,11,0,0,0,0,12,19,4,0
ID2948,130,142,126,144,123,112,112,117,126,110,106,101,112,104,103,109,132,118,122,124,110,115,118,138,100
ID2949,168,179,160,176,149,159,199,159,138,152,117,129,124,137,130,133,141,149,151,178,196,147,156,157,146
ID2950,104,94,87,87,91,81,134,146,114,87,116,90,89,150,104,104,93,92,128,135,126,110,112,108,102
ID2951,138,169,149,114,116,137,140,168,200,126,114,125,144,167,130,96,8,49,54,19,33,26,48,63,33
ID2952,9,22,17,22,54,108,173,90,199,253,285,292,142,249,365,289,262,114,120,85,120,83,119,170,148
ID2953,138,144,191,81,147,135,165,149,130,63,111,149,143,129,97,NA,NA,NA,NA,NA,NA,NA,0,108,96
ID2954,110,136,125,86,62,86,113,122,114,112,119,123,102,99,144,164,109,93,122,129,124,140,140,112,143
ID2955,109,115,82,71,75,98,106,118,119,132,146,116,95,94,48,170,124,162,166,177,124,192,169,163,149
ID2956,29,25,27,27,28,24,24,15,13,9,8,9,0,28,24,14,6,16,18,17,8,24,20,25,25
ID2957,158,129,152,132,118,130,139,130,159,137,135,129,132,152,122,128,139,104,92,99,58,60,70,99,91
ID2958,133,140,116,116,97,62,64,81,144,149,154,147,151,163,126,136,75,69,38,87,82,51,30,108,173
ID2959,74,96,79,79,63,73,70,91,71,64,81,77,65,88,75,58,91,82,85,107,90,98,99,115,125
ID2960,124,105,114,114,117,100,104,106,108,108,131,116,97,107,98,107,118,122,103,133,113,129,73,75,78
ID2961,103,102,100,121,107,103,107,95,97,83,89,85,77,87,78,83,79,82,82,97,117,122,125,124,117
ID2962,131,138,131,133,127,123,147,136,145,148,153,150,142,156,157,155,168,149,153,184,155,149,155,164,157
ID2963,155,165,266,185,153,132,121,135,144,200,149,131,142,131,130,108,109,153,170,0,53,102,92,95,101
ID2964,40,50,37,28,33,27,18,18,33,30,52,97,54,63,49,53,37,34,17,12,11,46,30,17,20
ID2965,3,4,0,2,4,3,1,3,26,2,2,4,3,4,4,8,6,1,0,26,0,3,2,3,2
ID2966,90,85,85,82,55,NA,122,90,65,68,51,52,NA,NA,NA,NA,NA,0,18,45,62,74,67,60,43
ID2967,347,86,143,164,533,689,714,359,197,211,268,139,176,148,825,646,442,224,243,93,130,107,149,144,64
ID2968,67,50,70,44,68,61,90,83,91,83,85,85,72,87,75,80,86,84,99,96,82,100,81,79,90
ID2969,44,49,52,79,84,91,99,92,112,59,129,99,70,119,70,85,141,201,139,125,84,69,67,66,70
ID2970,0,23,57,52,22,34,44,25,0,0,NA,NA,NA,NA,NA,NA,NA,NA,0,37,121,128,147,132,143
ID2971,57,52,44,49,48,54,61,51,58,50,58,53,49,13,5,41,48,44,50,53,50,52,56,53,55
ID2972,248,226,239,214,234,247,272,315,302,263,319,297,232,235,251,252,253,272,322,360,325,296,285,300,309
ID2973,107,83,82,72,56,55,82,74,82,80,86,90,82,75,75,79,76,73,69,72,73,72,74,73,71
ID2974,191,195,180,197,196,177,220,196,231,172,205,199,187,193,190,206,205,249,287,294,239,268,212,276,293
ID2975,68,49,46,42,49,35,32,0,1,98,91,105,90,127,122,125,138,117,149,159,118,70,161,107,133
ID2976,171,165,167,176,183,164,157,200,197,163,187,165,141,140,157,151,153,166,182,196,183,180,199,201,210
ID2977,176,164,165,150,131,125,142,143,147,141,162,154,162,131,136,133,102,140,159,165,139,148,169,156,161
ID2978,41,43,41,49,29,36,38,39,41,52,38,51,34,32,63,60,53,54,64,68,62,72,71,62,72
ID2979,54,50,54,55,51,47,61,54,56,52,59,55,53,51,55,54,53,52,59,58,54,52,52,56,54
ID2980,0,0,0,0,5,0,0,3,0,0,0,0,0,0,0,0,0,0,5,0,0,0,1,0,0
ID2981,NA,NA,5,10,1,5,8,5,0,0,0,1,34,49,49,70,70,58,69,56,78,65,60,63,90
ID2982,10,24,23,13,9,6,0,0,0,0,0,1,0,0,33,79,95,85,63,89,63,66,73,87,47
ID2983,69,100,107,69,61,61,79,63,61,65,101,120,90,96,96,94,87,107,117,99,93,117,104,104,95
ID2984,22,27,24,20,18,16,20,22,26,40,26,22,15,49,128,132,165,133,113,104,96,106,110,111,105
ID2985,439,405,630,672,766,773,756,481,502,576,713,577,354,362,315,566,750,406,685,579,432,335,381,514,478
ID2986,38,36,40,38,80,74,94,103,84,103,104,98,107,114,124,110,23,17,19,27,23,17,18,17,18
ID2987,34,35,27,11,10,93,155,164,190,157,162,179,176,187,233,252,248,243,241,207,248,249,251,215,204
ID2988,131,125,120,126,131,109,117,92,94,94,57,1,0,0,0,0,107,144,124,106,45,112,131,115,116
ID2989,0,29,77,50,35,32,33,58,90,78,61,60,50,0,0,30,42,48,54,59,52,45,56,61,58
ID2990,109,118,105,105,117,110,110,109,126,107,117,116,108,114,110,107,89,125,135,89,94,97,100,100,105
ID2991,25,41,40,42,33,35,39,43,38,26,31,31,27,25,25,46,43,50,77,69,51,58,62,54,52
ID2992,126,130,120,121,115,116,205,147,143,128,123,127,117,113,121,122,118,118,134,131,125,123,135,135,135
ID2993,57,54,54,15,0,0,24,52,63,43,45,44,23,21,37,20,20,29,36,37,21,48,36,25,33
ID2994,183,138,138,143,117,121,161,156,176,188,199,182,143,66,NA,357,78,207,181,180,173,176,187,196,167
ID2995,179,225,176,112,88,148,124,193,221,229,192,166,199,220,83,2,119,132,91,79,18,17,115,154,133
ID2996,140,125,116,118,119,113,122,116,126,141,115,121,135,143,140,147,147,126,143,149,135,142,138,139,147
ID2997,130,109,119,128,121,112,111,96,104,154,122,104,88,121,106,90,111,123,134,86,106,130,130,125,143
ID2998,210,68,227,186,177,165,192,212,222,225,222,290,204,211,212,207,216,255,290,286,268,229,221,231,214
ID2999,270,271,233,242,212,212,227,246,264,247,226,239,213,225,205,185,185,217,245,246,279,253,260,288,276
ID3000,71,73,81,85,90,73,91,78,91,96,83,92,91,95,88,68,81,72,96,94,88,101,96,113,95
ID3001,0,0,0,0,0,0,0,0,0,0,2,36,65,84,82,82,102,106,111,101,124,120,107,118,122
ID3002,5,14,21,23,19,17,20,8,21,20,25,21,22,27,22,16,20,16,21,17,15,17,16,15,14
ID3003,51,47,51,53,73,58,73,54,67,68,66,64,52,55,60,60,73,82,76,65,64,63,73,71,70
ID3004,67,70,64,60,62,64,74,58,69,61,73,67,55,42,58,9,0,0,0,19,27,44,107,93,104
ID3005,93,99,104,89,79,84,94,97,106,19,23,39,39,47,34,21,14,9,13,12,15,17,19,17,15
ID3006,190,203,201,191,176,168,183,204,206,197,188,203,187,183,188,202,191,187,213,225,196,180,194,208,219
ID3007,222,215,206,161,172,189,236,196,190,112,10,40,143,162,169,203,94,193,376,308,307,287,271,272,320
ID3008,138,47,96,147,102,0,87,62,113,102,118,115,115,96,86,100,113,86,88,142,153,150,150,70,160
ID3009,242,222,127,282,202,171,219,229,256,207,234,334,205,197,190,217,248,227,268,260,232,208,209,223,239
ID3010,86,90,75,74,60,60,66,68,64,60,64,51,33,38,45,58,54,56,61,65,55,56,60,60,57
ID3011,112,108,91,83,96,103,87,88,150,89,157,148,25,130,108,121,87,85,150,87,116,122,103,112,121
ID3012,146,94,105,93,100,87,97,110,132,124,125,101,118,121,79,80,26,7,10,42,115,127,131,119,153
ID3013,212,212,187,185,190,159,189,178,198,178,145,206,189,177,167,146,146,159,175,173,152,162,158,155,160
ID3014,226,125,125,79,112,128,181,142,144,130,171,75,78,99,91,88,91,335,353,357,200,228,349,306,262
ID3015,136,134,130,120,133,125,138,133,152,142,160,155,152,140,143,154,134,135,194,255,236,245,236,255,277
ID3016,276,249,236,268,256,273,315,282,284,182,104,70,55,56,172,223,289,283,279,234,242,201,281,276,272
ID3017,56,54,51,62,78,74,97,88,83,90,88,75,71,66,62,63,58,60,72,80,71,73,64,68,77
ID3018,127,122,139,134,116,142,200,185,203,161,171,179,213,214,222,233,237,226,282,272,233,271,274,280,228
ID3019,102,111,107,107,109,97,108,116,122,118,113,121,133,123,160,147,148,122,148,130,125,129,150,138,129
ID3020,56,53,64,38,40,31,39,33,36,40,33,27,27,42,29,45,69,74,85,45,45,41,65,73,84
ID3021,44,52,65,75,78,73,70,85,83,80,74,76,48,22,69,85,37,4,29,96,84,76,83,87,84
ID3022,113,116,106,128,134,105,132,128,143,132,132,135,122,122,111,134,130,112,147,140,153,140,155,98,0
ID3023,136,136,97,140,133,97,136,123,137,120,131,112,109,125,122,141,144,145,142,143,137,126,135,129,118
ID3024,168,158,134,195,166,158,181,155,167,194,194,164,163,165,181,160,192,199,229,257,263,248,258,239,271
ID3025,69,55,55,68,57,31,71,49,0,0,NA,NA,NA,NA,NA,NA,NA,NA,NA,NA,NA,NA,143,139,131
ID3026,125,137,129,131,78,122,145,140,133,133,138,138,134,118,150,166,172,162,197,167,154,157,163,132,118
ID3027,85,80,60,60,60,70,58,56,77,70,97,108,99,104,104,105,106,111,112,111,107,101,109,112,132
ID3028,15,4,2,47,26,1,1,0,2,1,0,0,16,52,66,58,52,60,69,63,57,56,56,61,57
ID3029,10,11,10,13,12,15,12,17,16,17,19,23,26,19,18,23,24,21,17,11,29,59,63,76,79
ID3030,57,40,102,37,79,45,96,36,68,25,34,57,19,2,46,108,15,17,9,7,37,70,103,52,71
ID3031,320,321,299,253,281,NA,349,353,385,339,362,386,404,339,375,377,314,366,449,469,484,459,389,505,526
ID3032,163,161,178,146,139,132,158,151,180,167,203,204,112,148,130,139,128,153,179,185,184,206,265,220,286
ID3033,72,70,80,84,78,72,97,82,71,58,56,49,NA,45,59,59,54,73,73,85,65,64,90,81,75
ID3034,229,225,203,278,291,237,276,288,282,106,477,103,223,232,354,200,184,187,181,211,216,215,214,246,216
ID3035,87,86,74,89,79,73,100,107,111,92,108,92,90,82,73,109,113,113,122,92,111,104,118,128,112
ID3036,81,89,82,89,84,78,89,90,105,84,88,75,74,79,75,75,69,57,67,70,68,67,66,71,65
ID3037,137,153,134,136,136,126,149,149,167,128,139,140,134,132,126,182,188,164,302,231,205,178,186,185,260
ID3038,94,90,92,81,86,71,79,87,93,87,102,107,95,98,94,105,102,113,128,114,108,123,118,121,108
ID3039,177,168,176,169,182,179,182,126,173,171,163,194,185,165,205,180,128,128,156,98,121,132,173,58,134
ID3040,181,166,164,153,126,115,147,186,156,123,141,201,155,126,135,134,146,170,185,181,145,170,173,158,161
ID3041,146,126,115,131,103,111,167,205,226,207,200,184,147,153,162,190,211,267,306,312,253,246,282,252,253
ID3042,0,13,35,30,41,39,33,28,19,29,21,19,0,16,15,10,16,45,44,35,37,1,54,109,103
ID3043,196,149,203,221,192,212,191,210,187,177,154,180,173,164,177,189,180,205,229,157,181,176,149,165,128
ID3044,101,106,99,98,93,97,101,114,127,112,122,116,112,131,122,118,152,142,139,139,131,112,116,114,112
ID3045,120,94,94,94,102,104,111,107,111,112,122,128,121,45,0,37,96,96,103,113,93,87,84,42,72
ID3046,159,162,160,168,110,133,142,159,144,164,151,147,139,158,170,130,141,164,166,172,173,160,147,151,142
ID3047,77,73,68,73,71,69,68,73,77,73,68,63,62,54,60,66,62,70,62,66,58,59,64,58,57
ID3048,85,88,95,82,77,78,99,74,76,109,107,105,96,108,100,99,98,96,105,101,96,79,88,92,76
ID3049,70,82,81,55,50,43,49,51,57,46,57,53,51,47,47,64,68,64,64,50,48,52,57,70,118
ID3050,163,182,152,176,188,166,166,191,184,163,184,170,174,178,134,154,153,146,181,164,156,156,179,184,176
ID3051,97,93,105,93,89,82,87,95,90,90,104,93,90,75,77,90,81,83,97,110,93,112,118,112,113
ID3052,53,52,49,43,44,51,54,58,56,47,54,48,45,39,38,40,55,53,46,47,46,53,63,52,66
ID3053,57,70,48,54,48,49,53,49,40,36,35,37,37,35,35,47,40,40,43,43,38,39,53,55,57
ID3054,111,112,117,113,105,84,93,111,66,44,45,105,106,109,104,93,73,78,109,135,40,38,36,46,51
ID3055,12,17,17,17,15,16,26,29,25,28,26,22,33,30,11,5,1,3,11,17,10,11,14,14,14
ID3056,73,83,97,88,90,70,69,70,64,61,93,87,66,78,85,77,98,76,69,107,63,81,119,40,150
ID3057,56,66,54,60,56,55,65,56,59,58,63,65,59,61,58,60,59,58,58,69,62,64,63,60,65
ID3058,154,83,98,74,96,95,86,68,107,80,98,99,86,96,100,180,193,195,224,216,209,221,241,231,223
ID3059,0,502,262,284,404,99,295,261,238,321,332,368,241,284,309,239,304,370,387,366,268,347,387,400,382
ID3060,110,84,51,72,50,53,44,57,34,53,36,105,81,95,93,101,98,95,97,86,71,67,74,75,72
ID3061,170,158,169,169,168,170,178,194,173,161,191,171,150,164,167,168,177,181,188,184,176,97,59,89,92
ID3062,187,198,156,173,174,157,150,159,155,144,157,155,126,135,136,136,156,145,143,150,130,66,102,131,151
ID3063,223,222,221,186,188,181,259,252,366,390,465,422,232,241,270,265,265,294,401,468,356,285,332,275,379
ID3064,120,130,129,113,124,136,164,147,151,152,152,160,145,133,124,101,113,120,180,151,115,133,11,91,77
ID3065,50,45,47,54,45,46,49,51,43,40,46,47,43,35,43,36,39,47,56,49,39,38,44,50,53
ID3066,113,124,117,102,97,115,124,111,132,114,120,122,79,110,462,356,380,353,311,268,0,4,0,3,0
ID3067,92,66,107,94,94,64,21,47,55,47,99,103,91,119,76,68,90,91,97,100,79,69,56,0,0
ID3068,257,272,248,249,259,239,293,304,357,316,307,311,281,285,250,310,296,275,322,306,296,288,303,330,329
ID3069,328,351,316,286,333,299,337,303,395,356,361,488,222,333,358,450,423,389,392,376,382,376,417,399,377
ID3070,236,210,200,206,186,198,266,296,286,280,264,292,167,191,215,207,269,321,349,374,341,271,194,202,219
ID3071,194,212,207,190,245,230,155,199,245,217,179,214,199,230,216,165,340,178,202,241,295,179,195,217,201
ID3072,183,179,185,173,151,136,153,149,163,151,154,188,160,151,137,144,149,150,161,160,130,137,142,154,143
ID3073,80,64,43,40,24,68,128,140,108,91,114,148,51,47,99,46,70,123,154,128,101,81,92,119,127
ID3074,193,178,169,98,117,120,107,43,74,190,177,163,110,93,111,135,144,167,198,212,280,250,248,296,502
ID3075,114,120,139,160,154,176,262,242,225,218,227,266,172,169,183,166,184,266,324,321,280,254,277,268,304
ID3076,131,128,120,152,122,118,127,128,138,147,148,144,127,127,131,125,85,80,87,97,0,49,89,86,88
ID3077,108,82,97,88,104,95,94,79,107,95,101,86,88,93,99,97,119,110,123,109,106,91,112,99,142
ID3078,37,49,57,56,50,44,64,98,90,108,71,60,59,56,75,56,52,91,99,129,119,115,123,119,142
ID3079,135,131,112,132,133,140,148,166,176,162,175,190,169,172,200,170,189,176,221,217,183,193,208,227,251
ID3080,143,135,132,113,142,125,143,138,150,124,138,138,123,102,119,128,133,134,153,147,129,142,154,146,147
ID3081,145,134,126,147,99,98,100,81,92,94,67,60,71,48,50,49,80,27,60,75,29,33,49,62,71
ID3082,123,122,131,100,142,95,137,116,132,125,102,87,67,71,72,67,73,90,108,95,108,84,85,75,79
ID3083,27,24,25,23,19,28,19,19,21,22,53,34,21,18,23,22,50,93,99,73,61,31,12,54,90
ID3084,112,113,104,114,78,100,101,72,74,79,101,99,89,110,101,92,119,121,140,139,114,117,124,119,135
ID3085,179,171,159,178,177,169,186,143,184,153,183,161,144,149,140,158,147,151,203,156,162,169,143,150,152
ID3086,193,173,159,152,156,155,215,190,215,184,199,185,157,176,175,170,179,190,190,212,202,192,213,191,202
ID3087,45,42,41,37,37,33,42,47,42,44,46,50,50,52,57,50,58,55,69,69,65,60,61,57,55
ID3088,70,61,58,56,51,54,59,51,51,50,38,46,47,49,48,45,50,45,52,40,56,51,40,38,38
ID3089,130,121,122,114,116,111,109,133,133,106,127,124,107,115,109,110,131,125,134,146,128,130,122,126,133
ID3090,102,93,100,90,90,70,80,84,149,80,69,103,147,193,133,168,231,458,214,362,124,164,155,186,196
ID3091,34,32,38,31,50,52,52,55,63,49,51,48,41,62,58,57,58,49,58,74,77,82,79,77,82
ID3092,0,1,0,97,151,148,160,144,154,142,149,149,136,150,135,128,150,165,162,171,133,52,0,24,55
ID3093,40,44,47,42,38,30,49,50,52,38,51,37,31,32,29,39,43,44,31,34,37,35,37,21,15
ID3094,174,194,163,168,157,154,189,195,221,221,226,254,193,190,184,202,193,216,237,236,235,227,224,226,232
ID3095,106,112,112,123,93,102,151,153,202,116,140,102,127,138,145,130,132,113,129,122,145,135,132,154,132
ID3096,73,66,67,70,58,59,61,66,68,67,65,97,101,83,56,75,57,46,48,83,89,81,83,90,72
ID3097,71,86,30,14,0,0,50,95,108,106,105,81,84,83,88,62,104,108,98,126,111,115,133,104,132
ID3098,291,243,242,225,227,266,321,315,365,315,324,267,265,297,220,271,244,317,315,297,286,299,300,239,321
ID3099,48,51,48,48,41,47,33,25,15,20,21,20,19,3,3,1,2,15,22,2,1,1,1,2,4
ID3100,138,140,129,149,134,120,118,130,133,121,102,119,122,127,125,143,129,109,117,130,117,121,94,94,112
ID3101,94,103,95,80,89,92,96,91,111,104,108,103,95,100,90,102,109,113,113,135,106,117,115,117,113
ID3102,78,63,73,67,77,77,67,86,97,86,80,85,66,59,58,49,61,62,45,74,70,75,59,64,56
ID3103,67,204,214,217,208,177,42,43,61,47,27,18,22,25,27,17,1,25,21,14,10,13,27,19,23
ID3104,157,153,142,145,161,141,135,147,154,127,110,138,127,138,144,136,127,118,127,133,144,141,152,149,138
ID3105,1,99,94,129,95,88,66,31,19,5,0,0,1,1,79,113,128,125,129,133,119,122,127,109,116
ID3106,47,30,35,45,46,47,47,55,69,55,62,63,55,60,44,35,72,71,81,97,91,75,78,70,77
ID3107,92,92,81,76,91,83,90,115,82,79,83,107,100,91,93,101,107,97,128,113,113,117,121,137,148
ID3108,80,179,154,160,158,156,162,179,136,80,96,97,87,101,96,82,88,95,96,93,81,90,99,113,104
ID3109,322,164,158,171,148,145,147,126,137,131,152,167,144,150,148,146,160,164,157,168,155,134,173,164,166
ID3110,140,100,105,95,120,103,149,140,123,62,68,63,61,61,60,57,60,55,56,123,159,159,178,154,126
ID3111,171,244,248,169,152,214,74,154,144,135,154,138,110,127,99,120,161,117,119,111,4,61,77,82,86
ID3112,58,64,54,55,52,52,59,67,102,61,86,51,47,46,49,59,58,62,75,77,67,57,64,59,65
ID3113,484,384,360,383,228,154,149,157,163,152,156,154,135,140,136,143,159,130,322,688,485,NA,716,92,269
ID3114,52,88,78,52,65,22,46,31,61,57,51,79,35,19,34,12,19,58,90,46,18,0,18,43,38
ID3115,88,101,95,93,94,98,88,110,110,112,119,106,106,105,90,88,96,106,102,92,92,113,100,91,97
ID3116,34,29,20,46,35,34,36,48,20,32,34,49,52,62,44,79,90,87,86,60,75,29,48,8,20
ID3117,218,235,197,191,184,170,230,256,163,136,233,312,181,183,178,153,157,176,221,166,158,148,161,98,69
ID3118,173,162,146,154,161,114,141,125,157,137,177,166,151,163,130,145,147,132,160,137,145,136,144,137,132
ID3119,55,47,40,49,35,37,51,50,58,51,51,46,38,41,40,57,46,52,30,46,34,44,47,47,40
ID3120,125,114,112,114,106,106,122,122,123,124,112,113,111,110,118,133,136,105,120,106,90,94,97,100,100
ID3121,217,195,218,190,184,175,205,261,271,226,286,243,178,191,242,185,213,249,260,303,224,235,262,225,273
ID3122,7,8,7,6,7,7,0,5,5,12,10,13,13,11,10,11,11,9,11,11,13,10,11,11,11
ID3123,73,77,69,71,70,71,109,102,91,109,110,94,109,95,78,82,73,82,69,104,77,93,103,90,77
ID3124,111,96,102,103,103,99,111,129,132,114,119,100,81,83,83,83,85,86,95,113,98,86,98,84,97
ID3125,56,46,50,43,44,58,74,44,54,37,49,42,30,38,31,42,47,30,32,61,29,29,37,20,21
ID3126,47,69,68,62,58,54,63,68,44,43,50,49,52,48,40,39,43,36,24,34,32,24,20,22,30
ID3127,92,100,88,93,86,95,133,89,110,109,107,90,97,101,110,103,105,100,116,99,105,104,100,107,107
ID3128,50,46,48,48,56,45,51,46,47,47,54,43,43,34,31,44,34,41,48,44,45,46,35,33,44
ID3129,62,54,51,49,57,50,66,76,80,73,78,63,54,58,65,60,67,65,81,78,69,77,77,72,93
ID3130,92,78,87,90,89,82,89,89,69,82,93,81,77,93,90,104,84,90,109,112,122,114,116,111,89
ID3131,83,78,89,82,58,60,62,51,59,55,58,50,48,67,82,60,69,64,54,64,68,72,72,59,70
ID3132,64,65,64,68,65,60,67,75,79,92,83,87,76,69,60,60,71,75,74,84,69,56,61,56,63
ID3133,113,121,153,145,139,128,132,117,157,148,173,154,139,134,138,139,147,164,162,166,137,140,167,144,156
ID3134,103,99,83,77,70,69,75,90,76,93,94,83,93,96,83,94,97,78,84,100,88,84,122,110,108
ID3135,86,86,78,75,88,72,98,85,89,65,78,73,62,62,53,62,60,58,63,62,56,55,59,55,58
ID3136,74,76,73,67,56,56,58,55,49,23,12,11,10,9,17,20,27,29,31,22,15,18,17,33,33
ID3137,79,66,73,76,75,71,76,71,84,81,84,79,78,78,76,85,84,75,84,84,88,87,81,87,85
ID3138,143,133,150,98,94,100,52,32,46,40,58,54,53,53,55,59,108,0,40,63,0,4,1,0,2
ID3139,123,111,80,83,73,85,112,114,110,87,94,85,62,54,56,70,90,92,105,113,84,102,105,90,91
ID3140,39,30,29,27,34,35,30,32,18,30,31,16,33,42,37,44,52,48,49,36,8,54,3,24,108
ID3141,72,74,57,63,57,44,61,66,86,87,55,65,60,64,67,74,59,45,68,84,83,64,78,74,89
ID3142,37,15,35,17,18,0,0,0,0,0,0,0,0,0,0,2,17,2,30,26,36,33,41,33,15
ID3143,0,0,2,8,22,0,9,18,33,39,22,1,21,71,99,108,110,111,64,17,50,68,71,62,28
ID3144,6,0,0,0,0,8,22,24,30,28,36,37,31,38,28,30,31,29,26,26,29,28,32,30,30
ID3145,0,0,0,0,0,0,0,0,0,0,0,0,0,0,0,0,0,0,0,0,0,15,117,143,146
ID3146,42,46,39,41,36,34,33,42,39,36,26,29,34,39,41,38,33,33,43,37,32,35,35,26,35
ID3147,188,169,188,171,177,166,188,183,166,199,200,13,165,74,126,135,527,67,109,67,86,107,112,110,111
ID3148,309,238,206,214,202,233,314,356,396,408,483,550,514,531,497,415,475,528,567,429,367,347,392,354,429
ID3149,208,188,182,199,168,180,172,192,215,187,189,185,175,195,162,172,176,164,182,177,177,154,168,166,184
ID3150,79,75,69,70,64,65,67,81,64,56,60,62,62,58,61,74,75,78,91,100,75,81,97,94,88
ID3151,127,111,110,109,99,98,129,137,131,123,119,118,97,102,123,108,109,117,126,136,105,98,111,147,140
ID3152,176,186,156,145,136,124,150,129,149,137,144,136,124,134,149,156,143,138,136,140,126,123,137,134,140
ID3153,59,56,56,51,45,56,65,51,60,59,55,50,50,54,46,51,49,48,56,45,47,49,43,44,55
ID3154,93,76,85,85,92,91,102,110,109,100,101,97,94,104,108,103,103,97,118,98,107,121,144,145,156
ID3155,229,191,189,194,177,190,239,214,256,232,182,6,2,7,129,160,156,203,206,210,174,199,194,196,211
ID3156,167,161,153,138,138,145,152,183,155,182,175,135,116,93,NA,NA,NA,NA,NA,NA,NA,NA,101,162,167
ID3157,166,148,165,129,153,147,167,177,151,160,160,148,146,133,147,153,121,114,126,163,149,77,83,97,98
ID3158,24,27,33,41,35,43,36,31,25,27,30,36,19,19,42,39,45,63,93,99,19,6,9,17,13
ID3159,40,41,39,38,38,32,32,32,37,31,32,33,29,33,35,35,37,31,38,41,32,36,35,37,35
ID3160,80,67,67,63,64,38,51,64,35,43,51,52,54,45,64,39,48,54,63,59,52,77,83,77,83
ID3161,19,22,25,21,26,26,20,18,25,7,27,20,0,20,3,11,0,31,66,0,6,19,21,24,18
ID3162,16,10,8,10,12,13,17,10,13,15,14,3,3,4,3,6,2,3,3,2,3,2,3,3,3
ID3163,191,233,182,170,173,175,200,205,226,245,249,222,165,214,168,166,197,224,278,264,213,200,233,232,200
ID3164,158,171,154,248,34,130,121,98,116,158,162,242,220,227,204,199,215,190,181,166,188,264,NA,NA,NA
ID3165,49,60,70,57,43,26,62,65,70,59,65,46,44,44,50,61,51,57,63,76,62,56,83,73,69
ID3166,80,58,62,70,67,49,48,44,42,36,23,29,26,8,4,5,26,28,38,9,31,64,47,16,0
ID3167,133,144,128,136,124,137,170,166,160,156,116,124,135,65,107,113,112,107,254,209,128,125,162,147,116
ID3168,92,86,100,64,90,77,90,116,133,108,100,124,105,130,112,49,74,102,98,112,126,119,123,54,51
ID3169,162,150,131,140,133,128,138,159,154,149,216,133,162,135,110,86,93,94,97,106,106,77,153,145,156
ID3170,145,145,137,152,150,149,162,124,140,122,147,161,168,152,155,161,159,159,169,180,161,164,163,167,161
ID3171,41,44,50,50,46,42,45,41,44,44,46,35,21,21,18,21,11,20,20,20,53,66,21,29,33
ID3172,64,48,54,56,41,40,52,61,62,48,59,59,45,43,48,58,47,61,65,63,56,66,61,57,66
ID3173,84,80,75,73,61,54,72,68,94,73,81,107,89,71,74,72,90,94,96,109,80,75,92,92,84
ID3174,58,47,47,55,35,38,36,35,39,41,32,34,41,38,43,43,49,37,35,48,41,41,31,36,38
ID3175,400,306,267,247,280,265,348,357,409,357,403,366,259,266,293,337,384,414,462,446,388,333,391,392,497
ID3176,23,25,21,28,27,19,29,27,22,21,22,21,25,28,21,23,26,28,24,21,34,31,26,29,23
ID3177,108,104,107,101,88,99,20,0,58,115,130,104,120,124,66,77,77,89,93,121,105,108,111,115,136
ID3178,1660,1825,2175,1907,1963,1935,1935,1845,2215,2400,2520,2210,2170,2500,2140,2590,2370,2240,1920,1940,2070,2180,2300,2480,2370
ID3179,223,216,296,200,206,206,214,200,235,228,193,210,236,208,254,207,200,218,232,200,223,200,247,251,260
ID3180,0,0,0,0,0,0,0,0,0,0,0,0,0,0,0,0,0,0,0,0,0,0,0,0,0
ID3181,107,101,96,95,93,74,93,84,90,87,99,94,73,102,111,86,89,89,94,105,88,87,92,91,90
ID3182,132,100,125,128,105,135,137,144,146,145,155,140,108,125,129,129,154,158,176,191,186,146,180,164,182
ID3183,120,117,121,132,119,102,139,96,111,116,120,128,105,116,122,112,114,110,109,97,95,85,100,107,121
ID3184,51,52,30,43,45,39,24,21,22,18,20,20,19,18,21,20,21,22,26,21,22,24,23,20,25
ID3185,75,70,78,84,95,66,100,79,76,76,92,81,65,65,99,74,82,83,121,93,95,84,108,85,99
ID3186,33,99,42,32,81,72,59,52,76,73,94,73,81,109,96,94,108,99,108,110,87,102,141,86,108
ID3187,158,131,158,139,180,133,168,145,148,168,166,174,150,135,164,156,117,124,161,133,114,126,157,148,170
ID3188,95,93,87,77,96,85,100,104,98,86,108,100,92,93,91,106,111,101,118,123,97,86,89,89,78
ID3189,85,105,106,75,85,82,83,83,97,59,54,95,75,75,26,15,75,92,203,183,163,186,181,199,226
ID3190,0,0,0,0,0,0,0,0,0,0,0,0,0,0,0,0,0,0,0,0,0,0,104,1,83
ID3191,157,162,170,202,166,133,171,177,152,162,163,161,156,151,158,189,216,200,187,211,239,173,186,179,189
ID3192,700,782,724,726,638,738,769,1135,957,781,923,864,812,867,836,813,777,880,1125,1028,987,912,1003,1019,1052
ID3193,211,175,175,205,165,175,230,189,220,208,203,187,166,193,170,197,162,187,175,187,154,179,209,190,174
ID3194,65,55,59,57,59,56,62,62,58,54,56,53,45,50,49,55,54,50,55,61,57,59,54,58,57
ID3195,123,108,109,119,102,81,92,101,99,89,94,89,90,80,82,81,85,92,95,101,111,99,91,90,96
ID3196,161,150,115,114,57,42,111,106,117,55,46,115,110,116,115,116,124,116,125,111,126,129,130,132,137
ID3197,79,85,83,82,84,84,95,99,97,95,93,95,91,89,116,91,105,93,116,113,106,108,108,104,107
ID3198,89,93,99,85,85,75,80,73,80,71,75,68,64,64,65,64,52,47,65,71,59,65,65,64,71
ID3199,91,90,78,66,78,83,89,90,107,84,93,95,80,92,100,81,85,84,96,93,91,83,81,90,86
ID3200,1,0,0,1,0,0,0,0,0,0,0,0,0,0,2,29,22,30,30,27,35,24,28,54,38
ID3201,42,98,125,98,48,23,0,9,38,37,51,32,0,0,0,0,0,0,1,0,2,0,19,105,98
ID3202,170,163,144,141,153,115,104,107,125,133,117,82,59,73,60,80,126,117,127,130,136,117,117,156,162
ID3203,33,38,45,29,37,55,492,69,73,78,58,64,42,52,45,39,41,50,64,147,73,80,583,864,115
ID3204,94,65,77,59,79,79,103,93,85,80,80,108,92,105,107,126,80,65,92,95,69,88,101,96,96
ID3205,243,229,227,215,229,212,226,239,253,234,240,237,206,192,183,187,171,159,168,147,143,136,165,154,159
ID3206,148,151,153,145,120,123,142,146,153,131,142,141,137,153,146,121,140,144,156,157,148,126,137,130,132
ID3207,90,96,91,101,90,89,141,134,144,145,142,142,139,139,129,138,139,140,145,135,142,140,146,142,134
ID3208,73,86,26,73,66,68,73,84,80,75,69,69,61,62,61,59,66,74,86,63,60,64,58,64,62
ID3209,53,67,61,47,42,42,40,41,40,31,39,39,51,39,22,0,0,0,0,0,0,0,0,0,0
ID3210,88,85,96,95,88,87,105,92,110,94,97,98,78,83,91,121,74,106,97,104,107,101,110,111,123
ID3211,57,36,41,39,14,51,119,54,50,56,35,51,52,58,71,67,72,66,89,55,50,59,61,95,84
ID3212,78,55,80,70,62,56,74,96,95,57,65,65,50,55,51,56,67,71,79,70,74,63,57,61,54
ID3213,124,130,133,147,136,118,157,149,121,130,142,135,116,123,116,119,125,132,134,147,122,121,128,130,129
ID3214,160,155,131,131,131,132,156,157,161,158,159,168,160,151,149,140,159,156,178,188,194,161,168,176,172
ID3215,120,110,121,113,111,NA,25,59,122,119,124,118,109,119,116,109,114,118,126,113,126,113,124,126,127
ID3216,240,216,204,227,209,231,272,254,192,14,0,0,NA,NA,NA,NA,NA,NA,NA,NA,NA,NA,NA,NA,NA
ID3217,148,119,158,138,132,117,147,149,153,147,144,149,136,141,132,135,141,141,161,162,170,149,164,168,162
ID3218,128,86,113,117,116,105,106,129,129,109,139,119,82,104,119,115,157,145,180,153,68,136,141,119,119
ID3219,75,86,83,81,92,88,104,86,98,86,98,99,89,99,76,74,83,77,79,69,82,78,79,82,82
ID3220,113,115,119,127,124,103,134,120,121,127,126,132,119,135,110,132,129,128,152,136,207,36,139,115,133
ID3221,39,37,26,39,54,57,59,43,42,46,54,110,125,136,101,98,110,97,97,116,87,93,114,102,105
ID3222,218,118,285,327,273,335,396,505,357,396,490,480,259,304,356,424,429,348,634,549,321,396,383,493,419
ID3223,135,146,140,126,114,129,152,160,138,127,137,140,124,124,134,121,110,118,149,166,131,137,132,128,127
ID3224,102,93,94,102,99,98,114,109,106,94,91,100,105,113,122,87,91,85,104,100,93,101,103,90,94
ID3225,77,61,87,274,268,44,49,61,61,74,45,79,141,174,207,164,240,156,132,65,58,54,70,206,156
ID3226,29,48,39,27,27,22,31,31,31,29,33,27,24,29,19,30,32,39,40,37,32,39,33,32,31
ID3227,56,74,59,59,59,47,52,64,70,62,63,58,52,52,52,61,63,59,63,68,65,62,66,66,60
ID3228,195,217,36,70,88,61,111,109,137,152,147,138,99,120,112,112,116,186,220,196,148,128,172,151,175
ID3229,169,158,157,160,145,130,166,172,149,155,150,127,110,119,138,163,120,105,118,114,108,110,158,170,192
ID3230,107,110,89,81,81,71,76,91,97,77,87,70,78,79,71,80,94,98,92,91,89,91,82,77,80
ID3231,152,161,146,140,145,103,110,115,111,112,118,115,107,113,114,112,120,122,128,128,117,114,124,122,125
ID3232,199,208,131,143,227,211,183,211,230,199,223,194,174,182,164,145,139,184,206,209,173,171,182,181,193
ID3233,102,97,105,125,95,83,96,100,125,114,109,115,95,109,93,80,76,98,112,117,123,91,73,207,78
ID3234,36,33,35,33,36,38,31,33,44,36,39,40,30,29,34,28,31,36,34,24,16,14,18,19,24
ID3235,103,73,77,77,75,56,51,60,64,59,58,54,40,42,43,46,52,39,57,53,50,67,87,85,56
ID3236,89,75,76,83,79,79,94,85,104,86,101,100,88,91,84,92,100,103,106,101,96,97,97,93,95
ID3237,319,259,258,267,254,268,240,667,230,181,131,173,168,152,182,176,184,250,234,280,212,237,259,398,620
ID3238,168,174,177,189,175,182,167,187,188,169,170,163,147,151,139,180,218,263,181,168,161,141,148,145,149
ID3239,62,61,55,49,60,53,52,74,73,65,57,65,49,45,72,65,61,49,75,87,77,69,76,72,70
ID3240,114,122,126,122,119,116,147,137,135,90,115,65,158,221,248,234,268,312,375,361,256,303,326,335,350
ID3241,78,77,70,66,77,76,90,87,84,74,88,80,65,70,71,81,79,87,103,105,84,76,92,82,84
ID3242,222,206,203,184,171,177,232,252,263,231,261,262,180,167,186,178,177,213,307,281,219,213,244,228,244
ID3243,52,66,58,41,2,0,0,0,0,0,3,2,0,33,8,35,70,1,2,22,20,109,41,55,26
ID3244,95,98,85,97,77,79,98,83,104,83,93,99,85,81,109,89,89,80,100,97,87,100,96,94,108
ID3245,461,313,200,163,96,0,40,156,148,168,174,163,33,9,19,26,22,23,17,19,31,17,41,45,307
ID3246,168,172,179,174,183,129,145,141,137,147,153,153,142,148,120,0,0,44,181,171,174,178,182,176,186
ID3247,221,194,160,169,171,145,174,187,164,148,172,152,134,175,172,138,155,179,152,185,170,158,166,161,184
ID3248,156,147,146,162,157,150,160,180,168,167,189,179,160,210,171,170,178,164,177,177,176,168,163,169,176
ID3249,125,143,121,140,122,103,133,133,147,130,140,47,124,143,128,73,135,129,139,143,144,132,167,170,142
ID3250,530,438,398,422,436,454,627,636,692,493,699,721,328,473,500,424,583,763,432,446,455,361,342,413,469
ID3251,102,102,101,106,106,91,109,126,128,114,121,113,100,95,118,97,93,91,104,117,103,102,119,106,108
ID3252,48,37,45,52,50,47,115,60,77,60,95,60,60,60,60,65,49,60,62,57,60,60,64,72,95
ID3253,148,153,138,140,140,175,186,221,236,225,180,267,294,226,237,201,205,249,304,322,277,295,254,242,232
ID3254,85,73,80,78,88,69,71,57,78,81,82,90,73,61,80,65,70,63,80,57,66,68,77,60,72
ID3255,125,92,181,166,184,194,127,117,106,83,138,142,71,23,71,123,133,138,160,133,92,132,119,87,81
ID3256,347,334,262,306,295,290,290,252,347,363,396,359,293,365,378,371,347,294,377,255,351,328,426,466,388
ID3257,65,76,71,72,66,69,84,76,71,69,65,70,58,65,71,58,57,70,70,60,74,63,43,43,43
ID3258,334,308,274,293,312,282,375,341,389,387,388,379,318,531,117,328,365,385,436,444,363,366,409,364,407
ID3259,138,144,134,160,136,145,159,155,182,149,144,140,173,165,150,155,140,164,154,151,150,156,162,167,183
ID3260,78,86,117,114,95,62,77,119,133,121,116,80,70,59,74,68,66,72,84,84,84,88,91,81,78
ID3261,104,99,97,89,80,87,113,116,123,124,128,126,101,101,112,114,118,128,153,162,147,150,156,159,157
ID3262,84,84,95,102,92,96,100,119,117,115,126,115,97,85,90,83,79,89,112,116,96,95,97,83,95
ID3263,432,308,303,298,288,311,390,366,390,377,377,202,184,192,178,175,181,156,151,146,167,157,164,154,142
ID3264,71,66,59,57,40,65,23,20,77,71,39,40,40,39,23,17,34,39,38,44,10,11,3,0,0
ID3265,59,54,59,53,55,50,61,57,60,60,53,69,72,65,21,41,64,84,79,74,77,74,76,78,78
ID3266,149,109,115,111,100,117,159,155,176,158,184,171,136,121,133,141,150,154,181,183,171,180,180,173,179
ID3267,435,794,330,311,403,495,584,784,757,707,626,664,365,395,460,513,560,839,878,726,658,598,682,733,666
ID3268,49,130,126,190,134,114,122,111,121,96,74,75,75,77,141,169,161,145,150,151,199,66,73,74,97
ID3269,35,42,48,18,92,84,76,105,62,78,54,79,91,140,121,131,94,90,44,56,76,104,91,90,100
ID3270,82,84,84,75,81,76,77,87,89,76,54,64,65,66,68,71,70,66,73,77,75,73,70,77,77
ID3271,148,147,138,140,128,103,117,117,112,107,123,111,98,109,110,112,118,129,162,147,144,132,142,143,152
ID3272,32,93,67,66,62,34,50,50,154,142,130,135,106,133,127,135,129,147,160,158,140,134,142,136,149
ID3273,79,97,87,84,89,64,119,106,94,114,94,83,61,62,102,74,79,57,81,81,67,68,108,121,80
ID3274,46,48,48,51,58,49,53,50,45,43,41,42,32,24,22,24,31,46,45,45,45,52,50,48,49
ID3275,0,0,0,0,0,0,0,0,0,0,0,0,0,0,0,0,0,0,0,0,0,0,0,0,0
ID3276,102,98,95,88,92,74,100,73,80,77,98,85,68,86,99,118,85,68,74,56,51,58,130,90,93
ID3277,113,82,67,86,75,84,109,94,119,96,97,90,94,87,87,112,91,99,101,99,97,98,107,98,102
ID3278,220,111,221,194,213,216,219,176,196,202,221,262,208,214,211,225,255,307,357,301,298,236,266,265,283
ID3279,819,196,429,485,450,400,312,367,384,385,420,352,329,344,554,622,540,421,419,452,489,429,401,374,369
ID3280,123,139,119,120,90,127,105,127,127,122,117,103,100,112,106,114,118,126,145,18,52,66,90,81,75
ID3281,113,120,119,124,119,107,140,120,143,127,136,146,117,122,115,98,87,82,93,68,73,77,74,72,72
ID3282,145,164,157,154,157,142,154,129,157,150,147,148,157,339,211,202,166,149,197,188,196,179,201,185,235
ID3283,112,97,104,114,114,110,124,176,211,240,210,139,117,120,130,112,86,133,103,115,109,97,111,107,137
ID3284,282,301,389,380,375,308,440,347,344,342,343,291,332,348,348,350,463,613,782,460,507,457,517,509,529
ID3285,44,46,42,43,15,28,39,31,32,30,33,24,23,25,25,19,38,46,37,36,16,18,60,78,84
ID3286,52,49,68,69,1,13,56,53,53,50,55,24,1,12,60,57,95,109,123,104,105,115,115,112,102
ID3287,126,110,97,106,113,94,109,119,116,107,124,101,80,96,100,112,119,121,142,126,102,132,125,115,167
ID3288,153,200,145,193,153,148,155,165,201,197,180,32,1,0,0,0,0,0,0,12,0,36,210,368,28
ID3289,83,96,83,74,77,67,77,81,62,83,75,63,65,74,67,71,75,76,84,98,92,96,103,100,103
ID3290,50,24,24,15,3,63,80,78,79,76,81,85,75,78,72,88,78,80,88,81,85,75,76,77,70
ID3291,203,172,114,98,82,73,81,95,84,81,87,131,116,70,38,50,38,44,80,46,44,51,49,50,44
ID3292,5,51,16,0,0,15,6,6,5,7,6,6,183,145,6,5,60,8,44,11,3,64,180,148,6
ID3293,312,246,231,242,278,281,415,374,425,273,270,257,246,250,240,259,263,269,311,295,255,268,267,247,253
ID3294,82,85,75,73,77,71,91,70,61,59,82,93,82,106,97,99,96,96,106,71,64,81,79,75,75
ID3295,95,101,145,92,117,80,86,69,97,81,85,99,85,90,76,71,81,84,102,94,101,112,44,6,8
ID3296,135,113,112,112,113,102,114,116,116,105,112,114,101,96,91,110,120,106,123,121,111,124,125,135,134
ID3297,49,51,37,32,17,31,54,23,46,63,43,56,82,42,55,45,55,33,69,52,51,36,46,34,33
ID3298,121,123,120,139,135,134,143,138,181,138,141,153,114,115,116,126,116,129,144,153,147,144,141,142,139
ID3299,142,244,216,173,256,177,152,126,146,119,148,198,214,158,191,185,149,157,130,130,171,161,170,189,153
ID3300,33,27,24,21,15,19,16,21,19,27,28,29,24,25,24,25,27,27,28,23,15,13,6,3,4
ID3301,78,79,83,72,86,91,85,82,112,100,120,133,90,106,101,121,117,120,102,113,109,123,118,123,130
ID3302,58,65,65,82,75,76,77,67,52,75,69,71,64,85,80,84,97,97,92,93,73,73,67,69,96
ID3303,4,3,7,19,10,11,12,15,12,6,5,10,10,13,12,16,14,13,14,10,5,5,5,6,6
ID3304,3,9,9,4,4,6,5,6,6,5,6,7,4,4,3,3,5,14,11,3,17,12,6,2,3
ID3305,123,102,83,114,97,67,75,53,57,111,123,91,124,86,80,85,89,74,93,85,71,98,77,77,91
ID3306,104,115,83,96,92,70,84,86,80,72,84,84,79,87,79,80,83,93,99,83,77,79,73,74,76
ID3307,267,257,236,179,281,229,468,358,435,446,454,412,325,388,304,355,404,411,471,459,323,265,368,405,383
ID3308,94,79,76,72,85,67,99,85,90,94,102,87,77,97,111,96,100,84,85,89,104,108,110,92,80
ID3309,106,101,93,89,76,74,81,98,98,104,112,116,107,109,104,109,105,118,126,137,116,139,156,146,159
ID3310,73,68,62,68,60,64,75,64,66,62,69,72,60,58,55,64,70,65,67,68,65,60,60,68,64
ID3311,203,159,134,387,254,124,150,155,264,184,147,143,144,143,204,141,225,149,170,251,172,111,126,610,132
ID3312,141,142,136,131,108,114,142,148,171,147,144,140,135,163,171,160,152,157,169,170,156,165,176,170,168
ID3313,50,58,59,63,55,52,72,59,62,59,71,74,59,56,58,56,55,56,76,71,57,56,62,61,52
ID3314,142,143,154,156,146,136,162,183,173,160,163,165,148,122,187,166,178,175,196,215,172,209,198,184,352
ID3315,182,159,146,62,63,192,131,130,158,145,147,150,140,145,126,133,122,138,139,159,139,156,275,203,210
ID3316,78,54,79,61,67,49,81,73,82,51,43,72,56,55,56,61,40,51,73,45,54,68,65,50,70
ID3317,8,11,9,10,10,8,8,9,7,8,13,23,41,22,7,11,10,6,8,8,10,5,6,8,8
ID3318,0,0,0,0,0,0,0,0,0,0,0,0,0,0,0,0,0,0,0,0,0,0,0,0,0
ID3319,70,101,106,103,119,84,89,96,91,83,95,105,91,92,86,89,91,93,95,90,96,88,93,110,114
ID3320,99,113,79,95,131,84,108,117,120,114,93,117,102,121,119,116,122,107,115,121,96,87,91,90,82
ID3321,117,114,112,113,120,119,114,107,136,129,117,136,111,121,125,130,136,125,145,156,183,181,146,141,140
ID3322,97,121,133,1,6,41,40,38,48,50,51,49,34,39,32,29,41,39,46,69,70,58,53,50,55
ID3323,32,31,31,31,36,35,43,40,49,41,51,51,40,52,48,54,38,43,37,41,37,36,44,43,48
ID3324,118,130,128,111,119,103,126,113,110,100,107,132,74,96,95,89,94,86,95,112,72,76,88,91,100
ID3325,74,70,64,71,71,61,73,64,68,73,77,73,60,80,78,103,90,103,89,81,70,83,104,88,91
ID3326,165,171,162,172,193,171,166,174,120,140,111,119,122,164,163,156,140,119,127,171,198,209,189,192,169
ID3327,81,79,75,65,66,52,73,58,79,62,73,74,80,69,70,92,66,76,100,87,74,81,79,85,93
ID3328,59,50,60,53,50,44,54,52,50,51,54,48,45,49,48,47,49,47,54,52,48,55,47,52,51
ID3329,83,62,90,79,64,72,64,84,58,67,98,88,73,88,55,79,65,72,69,95,62,48,37,87,85
ID3330,140,168,143,136,148,119,90,159,125,132,130,125,125,122,102,123,127,89,93,115,103,83,104,88,107
ID3331,65,75,68,69,73,54,88,84,86,95,93,87,89,91,76,74,94,79,68,96,93,99,93,100,107
ID3332,176,203,209,215,204,167,179,213,222,232,172,245,205,209,193,118,129,111,121,129,142,119,121,133,116
ID3333,69,66,67,67,72,47,47,54,50,51,51,57,46,51,47,57,60,64,58,65,66,57,73,72,78
ID3334,80,98,84,72,75,75,88,78,82,74,79,88,75,109,76,73,83,62,93,78,86,84,92,96,90
ID3335,14,7,7,26,7,5,6,6,9,8,2,1,3,7,14,10,7,17,8,0,1,4,12,10,10
ID3336,60,57,57,59,63,55,59,52,62,75,67,47,40,41,41,45,50,42,46,49,46,48,55,59,47
ID3337,14,14,14,12,14,16,35,22,27,28,34,28,33,37,35,36,50,52,41,40,38,50,46,41,38
ID3338,245,235,238,228,239,191,240,339,273,263,245,248,229,219,222,252,230,237,260,300,236,205,159,249,223
ID3339,143,137,145,153,150,138,172,123,191,170,152,166,135,155,177,133,155,191,191,185,202,176,181,182,207
ID3340,150,131,158,128,126,125,135,145,144,122,118,133,107,138,111,91,94,64,27,26,80,87,92,82,93
ID3341,380,413,508,473,418,430,464,289,482,562,516,514,470,373,510,522,496,563,650,560,591,561,700,717,605
ID3342,75,75,73,96,64,56,63,83,85,86,82,82,69,71,66,100,81,75,86,92,84,89,84,90,96
ID3343,109,109,97,113,104,85,108,123,110,85,92,89,81,67,110,93,99,95,104,114,112,90,121,105,144
ID3344,69,74,69,74,77,46,61,74,67,59,79,70,68,96,86,107,104,77,100,75,100,122,85,101,69
ID3345,68,67,59,63,55,53,61,63,69,67,68,69,60,62,56,61,64,70,78,81,69,75,72,70,68
ID3346,212,231,214,234,199,170,146,125,60,42,90,57,176,155,131,125,124,121,124,126,126,139,238,274,280
ID3347,151,123,113,112,125,109,104,145,132,140,108,89,133,145,121,124,93,133,161,162,148,145,179,180,186
ID3348,150,158,157,162,123,120,160,145,135,136,140,136,135,159,149,134,129,121,136,132,148,158,157,143,160
ID3349,113,137,121,131,115,114,127,121,130,117,119,116,85,89,88,86,97,114,121,132,96,112,120,98,107
ID3350,152,156,139,150,138,125,160,173,158,124,123,133,129,138,129,126,123,105,94,69,70,105,107,116,116
ID3351,216,204,206,205,206,207,203,210,212,207,210,206,176,201,198,200,210,211,172,191,172,171,178,188,192
ID3352,51,42,45,54,58,48,55,99,142,136,134,121,108,76,121,133,123,127,137,145,142,133,156,142,135
ID3353,87,107,96,101,98,80,70,91,113,107,116,117,105,104,103,107,110,95,98,82,105,114,128,132,90
ID3354,8,22,16,14,12,12,18,19,18,21,25,24,19,10,17,23,24,25,28,18,25,27,27,28,27
ID3355,46,32,70,89,64,63,82,75,131,104,145,120,123,98,99,109,48,38,51,55,54,68,66,67,63
ID3356,148,151,156,152,140,146,184,179,186,173,172,189,152,148,156,167,166,160,191,213,218,204,204,181,203
ID3357,36,38,59,59,13,41,50,38,58,32,54,53,34,52,45,52,58,56,62,54,51,45,52,45,45
ID3358,74,51,67,66,66,50,55,67,71,132,62,69,80,75,72,85,81,70,89,94,84,66,85,76,110
ID3359,75,82,80,74,39,43,69,68,85,98,92,85,86,98,90,79,82,64,15,12,19,18,101,168,175
ID3360,75,84,75,80,67,73,84,88,81,83,87,87,78,85,81,83,76,97,98,96,84,112,125,111,133
ID3361,135,138,129,134,132,123,149,220,228,133,123,128,132,106,135,129,128,122,166,189,196,184,177,183,144
ID3362,68,67,69,56,67,55,67,74,57,56,60,56,60,56,60,62,60,62,68,70,63,59,58,65,65
ID3363,158,114,116,71,73,100,129,166,152,121,119,155,60,56,81,93,97,180,129,161,82,41,37,51,82
ID3364,174,211,196,197,180,159,199,227,216,206,204,205,195,198,200,205,207,199,218,252,254,252,247,228,217
ID3365,112,90,62,67,78,89,100,111,111,89,114,126,116,90,69,63,75,95,66,65,65,64,69,68,65
ID3366,226,207,229,233,208,231,408,151,723,297,348,308,248,246,254,255,260,309,339,335,277,243,319,332,388
ID3367,68,73,57,65,66,54,71,70,70,63,68,58,55,78,68,87,76,81,96,126,118,92,86,83,86
ID3368,156,126,137,127,118,122,153,131,155,133,146,142,139,132,130,145,150,138,143,151,136,140,152,151,153
ID3369,127,134,154,141,131,133,152,101,122,134,134,124,118,105,16,2,38,88,104,100,122,104,189,135,80
ID3370,53,68,32,89,42,42,55,49,58,33,33,37,36,39,28,18,40,14,26,33,19,35,26,46,24
ID3371,71,111,101,113,137,136,128,103,107,98,165,137,140,141,139,181,181,177,212,206,212,199,208,183,197
ID3372,44,38,40,40,53,53,61,60,70,62,70,95,92,92,85,100,104,89,83,86,68,72,84,79,68
ID3373,155,95,115,114,117,117,144,117,115,115,95,101,88,113,101,111,134,127,129,117,117,113,116,107,119
ID3374,0,2,0,0,0,0,0,36,10,7,9,4,2,1,0,0,3,1,3,3,1,93,85,67,92
ID3375,143,113,92,134,116,90,138,138,127,163,114,96,97,149,95,89,100,114,150,189,109,125,194,148,155
ID3376,138,135,142,161,147,136,177,169,192,200,13,301,152,192,192,190,182,194,310,401,393,358,416,406,477
ID3377,96,97,95,91,83,81,92,77,65,78,35,37,30,37,33,36,36,36,37,39,44,47,50,53,55
ID3378,112,78,0,57,89,68,97,107,105,101,105,102,103,97,90,107,76,87,94,103,87,88,86,93,81
ID3379,94,129,97,70,134,62,107,111,151,81,153,89,115,130,122,120,87,80,81,77,72,74,71,79,90
ID3380,75,66,79,57,50,60,65,66,69,69,68,66,53,64,56,57,67,55,69,85,64,58,74,77,83
ID3381,84,93,73,96,90,92,65,87,4,150,91,81,69,73,62,68,62,67,69,67,57,64,69,58,68
ID3382,79,74,70,69,74,61,62,70,99,87,83,51,84,88,88,101,66,63,67,78,71,68,98,86,93
ID3383,71,111,29,70,63,62,67,65,71,67,74,69,57,55,58,64,59,67,74,62,56,57,67,68,66
ID3384,84,74,48,38,49,39,55,51,60,56,66,71,49,68,53,55,59,50,93,59,49,45,52,49,42
ID3385,526,499,468,509,500,523,590,610,440,412,394,426,353,432,452,452,453,525,597,767,657,544,564,508,548
ID3386,121,113,109,98,108,99,50,84,60,61,63,62,54,59,54,55,56,54,63,47,56,60,63,55,56
ID3387,117,108,89,90,84,85,111,178,153,139,148,176,97,98,97,141,132,158,273,355,222,163,158,179,178
ID3388,140,215,154,88,171,193,134,123,204,131,275,169,93,100,140,190,267,425,492,435,297,84,218,131,194
ID3389,103,101,171,124,117,113,117,123,142,129,130,136,96,108,134,141,128,155,183,156,119,110,119,126,133
ID3390,34,34,19,21,22,23,13,63,84,86,85,93,78,81,85,87,86,83,87,84,9,0,3,2,3
ID3391,101,75,78,91,102,102,84,94,113,122,113,122,106,114,90,105,107,153,116,120,117,114,109,122,123
ID3392,8,35,63,80,71,71,90,94,97,89,86,72,59,53,61,60,48,51,47,45,46,46,48,51,46
ID3393,129,132,109,86,45,47,70,79,160,115,99,118,NA,112,100,121,113,97,94,129,104,97,101,88,93
ID3394,140,172,79,130,121,125,146,155,163,141,137,134,124,125,126,122,120,125,139,149,142,132,137,149,134
ID3395,191,67,116,29,40,85,41,97,23,404,709,1305,275,589,546,395,725,1023,1159,339,893,867,748,892,950
ID3396,155,166,128,140,161,136,164,183,180,184,190,205,177,173,181,213,171,155,183,160,173,201,182,198,196
ID3397,170,113,157,180,235,162,155,143,208,144,153,173,136,104,121,119,120,115,157,129,96,106,114,120,116
ID3398,113,132,107,138,142,128,174,154,87,93,104,99,79,92,102,97,114,112,71,103,72,108,111,73,75
ID3399,413,411,493,481,457,481,193,389,441,395,352,420,340,383,344,369,393,469,658,679,620,660,640,538,543
ID3400,25,100,95,107,87,84,87,88,81,92,105,105,97,80,86,94,82,80,82,114,95,86,104,98,138
ID3401,109,88,90,79,75,81,75,98,99,77,95,94,73,46,76,80,65,108,100,83,96,71,91,71,71
ID3402,52,111,0,45,37,39,45,46,43,41,41,41,34,43,39,39,38,36,46,43,49,46,50,60,53
ID3403,45,40,33,49,42,39,53,52,52,37,43,44,31,31,37,43,44,40,45,50,39,32,29,33,36
ID3404,173,95,99,157,158,150,184,154,169,178,161,210,160,153,162,164,242,263,238,189,220,200,232,243,246
ID3405,149,145,144,140,133,136,158,160,152,166,165,159,138,138,168,162,164,149,185,198,159,168,174,187,198
ID3406,95,93,90,94,82,76,90,103,101,99,101,90,81,75,79,84,78,84,93,97,85,88,89,93,89
ID3407,34,8,11,15,14,9,3,8,31,25,29,25,19,34,34,32,31,26,32,33,28,25,28,28,26
ID3408,90,90,86,83,74,63,74,70,63,60,64,64,59,60,65,62,60,68,78,105,102,103,102,96,88
ID3409,38,37,33,40,37,26,31,32,36,27,26,30,32,34,38,34,33,28,32,34,29,31,33,30,28
ID3410,15,16,14,14,10,11,17,7,7,16,17,12,13,9,18,10,19,16,16,13,18,7,5,17,16
ID3411,368,554,232,385,637,635,570,553,568,406,458,238,447,575,386,570,349,605,632,565,423,564,307,570,594
ID3412,161,177,159,162,160,162,178,163,196,179,201,177,161,172,153,159,163,168,171,112,108,100,101,101,113
ID3413,105,107,91,89,159,226,272,227,242,117,52,70,66,124,82,77,70,63,66,70,73,71,72,72,83
ID3414,116,99,148,121,142,140,150,154,144,117,139,136,133,136,125,140,137,150,146,121,118,132,125,153,167
ID3415,129,80,76,97,104,103,49,79,93,99,99,87,85,66,73,79,82,67,16,83,61,82,80,90,110
ID3416,98,107,110,113,109,104,127,104,112,109,125,121,90,114,124,117,134,121,131,120,130,123,122,129,132
ID3417,67,69,73,60,64,64,62,65,69,51,66,64,48,43,45,51,42,45,47,57,55,59,70,56,59
ID3418,105,100,90,93,88,81,93,89,66,73,76,81,86,90,66,72,79,87,118,117,90,102,113,94,129
ID3419,67,76,62,71,70,68,78,88,91,71,68,75,71,80,74,81,79,77,77,95,81,78,83,80,78
ID3420,118,123,114,115,96,90,96,108,115,100,102,102,87,91,103,121,96,102,117,124,116,115,117,120,113
ID3421,87,83,92,79,73,85,100,110,109,93,99,109,96,92,77,86,93,97,129,135,95,85,90,91,101
ID3422,95,86,77,76,73,82,115,99,109,105,120,97,100,100,100,73,97,104,110,106,93,118,107,100,113
ID3423,66,78,60,57,54,58,89,72,94,79,81,79,73,64,68,73,84,90,102,93,86,82,93,106,106
ID3424,125,132,128,109,123,119,120,128,119,135,111,127,125,117,107,120,111,109,126,124,119,111,118,115,119
ID3425,121,121,127,129,112,125,125,119,132,116,124,139,108,106,106,98,122,121,124,142,123,117,122,120,116
ID3426,0,0,0,0,0,0,0,0,0,10,18,0,0,0,0,0,0,0,2,21,51,75,67,52,64
ID3427,13,9,5,4,10,7,7,5,5,5,5,5,8,6,8,6,5,6,5,6,9,20,19,20,21
ID3428,25,27,24,26,21,22,24,23,25,22,24,23,20,20,21,23,68,116,122,120,117,117,114,117,116
ID3429,163,168,149,142,149,147,166,180,173,145,138,105,92,92,85,79,112,110,148,120,106,97,118,133,135
ID3430,199,174,183,160,204,223,179,291,173,347,282,278,193,188,181,234,253,289,354,332,251,213,245,316,362
ID3431,193,121,37,40,6,95,214,2,10,21,144,142,168,141,189,149,124,99,126,132,132,129,186,185,178
ID3432,184,206,188,192,178,191,219,216,222,221,234,163,162,182,171,201,186,179,170,221,160,179,163,188,158
ID3433,129,153,128,116,112,122,132,127,148,101,111,106,99,87,27,64,82,95,118,117,108,87,96,95,98
ID3434,30,25,32,50,47,47,47,43,41,40,39,40,57,62,67,57,60,65,54,75,60,69,67,73,80
ID3435,83,89,76,65,76,51,77,82,74,76,76,83,64,73,70,65,58,81,91,79,83,66,80,79,71
ID3436,73,70,73,64,55,41,48,56,64,56,61,58,44,48,50,53,46,49,58,59,52,58,61,52,69
ID3437,97,70,69,64,73,92,84,77,85,84,98,87,51,67,79,89,79,86,81,84,55,53,51,96,119
ID3438,342,350,338,132,366,331,407,434,448,467,490,522,453,441,449,496,492,310,362,353,362,330,324,305,334
ID3439,227,227,208,230,286,198,273,254,238,307,314,311,168,221,217,152,156,275,294,277,275,240,258,283,278
ID3440,86,75,70,70,60,61,79,86,94,100,95,97,74,71,80,95,93,103,121,111,115,107,109,129,107
ID3441,384,384,348,286,275,345,379,474,490,438,491,409,294,316,378,341,325,426,513,538,397,436,434,402,453
ID3442,107,84,75,83,91,59,91,108,94,114,102,75,74,82,78,103,92,73,146,95,79,113,92,72,90
ID3443,98,88,81,70,65,74,98,76,98,90,90,74,62,56,52,43,46,69,69,64,61,73,79,98,91
ID3444,291,336,333,336,319,300,363,373,320,337,337,363,376,367,370,370,369,331,344,376,376,344,308,334,324
ID3445,251,230,201,149,162,143,167,172,217,202,156,203,189,166,183,142,138,150,194,198,212,175,200,223,266
ID3446,16,0,1,1,4,4,2,2,4,1,2,5,9,6,3,14,8,18,11,60,76,90,22,3,6
ID3447,55,44,52,41,60,74,89,77,89,78,88,74,76,79,73,58,81,84,81,86,75,90,109,85,84
ID3448,46,41,35,16,21,34,43,42,41,37,47,45,37,54,46,39,64,45,61,45,48,50,42,52,56
ID3449,72,90,81,81,68,48,79,80,85,83,59,58,59,29,40,47,53,47,16,9,12,17,19,30,23
ID3450,201,195,202,196,178,165,186,204,215,192,175,159,166,109,145,148,135,165,152,189,154,175,161,174,190
ID3451,202,203,189,171,170,200,163,193,334,209,221,197,207,204,164,167,173,87,82,95,101,96,204,223,202
ID3452,121,121,116,120,116,117,142,142,142,142,135,139,138,145,158,146,142,146,159,150,129,127,137,122,124
ID3453,87,92,184,127,55,NA,NA,NA,NA,NA,89,85,0,NA,191,60,9,7,43,45,57,59,60,46,1
ID3454,158,196,200,168,172,186,225,174,186,187,NA,NA,NA,582,71,239,189,436,516,580,517,458,467,460,516
ID3455,4,3,3,6,6,4,3,3,3,2,4,3,1,1,2,1,1,1,2,4,2,5,1,1,3
ID3456,94,78,108,90,80,65,116,100,106,98,94,99,86,109,103,82,117,137,156,136,126,109,83,89,109
ID3457,249,237,284,195,119,153,199,266,270,217,215,190,202,210,211,198,205,218,276,253,201,217,257,274,226
ID3458,61,76,71,74,75,68,80,103,100,97,77,82,79,74,63,61,62,60,58,68,74,72,69,66,61
ID3459,99,107,117,129,68,108,133,136,138,159,207,158,136,133,107,122,118,198,107,141,126,142,168,147,136
ID3460,124,140,134,132,123,124,130,154,140,151,144,165,145,151,151,143,157,129,123,124,122,121,123,120,138
ID3461,67,47,18,13,12,12,12,16,15,20,19,14,18,12,15,16,14,21,23,22,19,13,24,25,23
ID3462,71,62,69,85,79,71,82,65,56,82,67,56,49,65,63,53,45,55,57,63,59,43,47,63,85
ID3463,160,128,133,113,142,95,121,171,213,194,200,226,143,160,159,157,179,250,325,286,223,199,280,273,273
ID3464,142,136,131,130,130,71,199,139,127,125,140,131,126,110,141,130,116,124,132,135,131,128,144,129,121
ID3465,220,251,200,226,219,199,244,210,232,218,227,181,169,182,172,181,200,161,139,114,111,136,141,134,130
ID3466,317,341,333,326,301,269,332,333,329,346,312,296,296,330,311,336,353,308,352,299,342,335,314,329,318
ID3467,159,165,144,129,103,97,121,115,121,126,141,124,115,97,103,101,87,98,104,95,108,100,108,115,122
ID3468,149,187,149,147,153,130,162,154,155,138,147,139,142,156,148,148,139,152,167,229,156,158,172,182,200
ID3469,162,118,NA,117,107,120,134,112,151,148,159,155,143,136,151,166,177,189,178,147,191,217,233,257,236
ID3470,111,9,53,76,108,102,106,119,119,118,129,118,114,112,134,128,127,120,127,145,124,119,125,116,134
ID3471,369,312,376,371,350,357,381,327,288,262,295,325,228,240,307,255,303,673,754,711,463,425,501,592,648
ID3472,120,112,109,115,100,112,124,125,92,78,95,98,88,108,96,63,72,75,82,79,71,71,85,83,86
ID3473,149,115,115,143,110,112,106,118,126,104,154,228,211,210,231,215,208,213,264,260,209,223,220,237,209
ID3474,696,27,32,22,39,16,42,70,66,62,60,89,15,52,51,54,65,87,105,119,78,79,108,106,109
ID3475,199,184,178,177,197,207,229,246,277,229,220,240,158,176,172,164,178,248,217,257,252,254,274,252,255
ID3476,247,272,83,204,187,193,188,250,242,243,224,201,271,221,250,248,307,265,280,301,318,243,285,233,287
ID3477,155,139,27,35,59,27,2,23,224,218,205,207,212,223,248,259,219,212,220,224,217,222,241,228,236
ID3478,12,12,10,16,12,14,18,14,15,16,15,8,8,9,9,14,14,1,0,0,50,108,111,114,121
ID3479,538,357,584,643,717,964,484,827,965,1094,570,655,719,770,711,810,980,842,1136,979,831,831,889,877,863
ID3480,141,384,211,150,184,193,205,118,182,363,688,703,1108,851,530,493,701,508,504,346,488,415,477,480,317
ID3481,26,36,26,27,22,23,36,43,42,22,NA,NA,NA,NA,NA,NA,NA,NA,NA,10,39,15,6,12,20
ID3482,182,180,155,148,128,135,137,131,157,148,163,155,143,157,161,141,121,131,121,135,139,141,138,152,145
ID3483,80,76,88,90,88,74,81,85,91,81,93,74,63,64,66,69,71,74,94,94,96,103,85,96,87
ID3484,98,101,126,128,113,95,89,111,113,108,115,112,99,90,101,88,90,101,103,111,116,127,115,113,113
ID3485,148,150,161,150,178,180,178,192,211,191,218,160,136,167,149,148,187,244,212,197,180,189,207,221,195
ID3486,130,137,128,158,147,125,140,133,117,131,133,127,121,127,120,132,148,129,117,136,142,143,124,129,120
ID3487,212,218,212,225,211,220,269,232,258,227,290,218,204,203,232,225,261,262,259,258,249,257,284,276,258
ID3488,209,188,231,216,235,220,262,227,239,258,244,264,240,233,207,226,221,218,233,240,224,246,253,282,244
ID3489,169,172,176,170,173,166,170,228,205,173,118,62,137,152,143,165,182,131,159,150,131,125,126,154,139
ID3490,30,35,35,40,37,35,38,46,41,45,45,43,42,41,42,8,0,41,48,40,44,49,53,50,48
ID3491,229,265,282,300,289,175,195,230,283,256,251,220,218,154,201,213,251,276,267,286,316,210,211,262,227
ID3492,118,131,153,169,140,137,152,133,140,144,168,138,114,107,104,117,107,108,116,115,111,111,109,113,104
ID3493,106,99,92,93,98,90,90,119,85,90,114,90,82,95,90,105,122,102,106,116,106,96,117,107,114
ID3494,90,87,101,81,121,70,89,91,97,84,100,90,75,90,68,97,95,103,84,93,90,32,43,126,96
ID3495,142,161,174,163,151,157,146,193,187,184,210,192,173,252,164,154,159,154,154,160,185,178,194,179,176
ID3496,19,24,23,34,39,33,32,33,30,24,27,25,34,25,23,37,24,28,20,18,19,23,26,26,25
ID3497,69,81,72,67,71,79,70,79,72,73,69,59,53,50,49,51,53,53,49,62,58,56,60,62,46
ID3498,15,20,21,21,17,14,18,17,18,18,19,19,15,14,19,17,24,25,31,23,28,20,18,26,33
ID3499,104,126,105,134,96,79,103,111,80,83,84,94,87,88,85,114,84,95,86,101,83,78,92,104,122
ID3500,122,114,122,116,132,97,80,104,87,90,99,103,111,120,113,69,72,69,75,76,64,110,110,121,96
ID3501,131,142,155,157,142,131,142,96,112,116,91,90,108,99,81,88,88,57,95,100,87,94,137,114,114
ID3502,252,220,241,217,195,187,231,254,302,273,294,289,249,285,307,291,318,319,336,352,317,330,311,315,320
ID3503,132,114,114,99,93,96,114,95,88,90,93,82,78,90,89,93,85,93,117,90,91,105,105,97,98
ID3504,66,80,72,67,88,59,60,77,77,86,84,94,77,85,70,84,105,72,87,93,72,68,67,69,64
ID3505,29,74,74,91,82,79,102,84,92,96,110,100,92,84,89,82,69,62,71,83,61,66,79,70,70
ID3506,374,835,225,509,542,322,232,212,426,203,584,818,610,424,672,155,389,467,206,433,387,365,529,421,282
ID3507,86,161,227,271,284,250,293,230,226,239,264,248,194,190,183,206,186,192,206,194,195,194,160,78,40
ID3508,123,111,78,108,116,107,139,68,62,60,63,58,52,60,48,31,11,7,38,49,50,44,41,41,58
ID3509,143,145,157,174,169,153,165,164,167,148,159,181,142,174,183,160,125,141,165,153,147,141,164,171,172
ID3510,99,89,111,107,93,97,100,116,112,84,98,111,105,110,132,123,135,117,133,132,141,129,95,29,5
ID3511,142,123,61,51,72,76,12,47,59,67,56,2,0,0,3,1,0,1,1,0,1,8,13,13,10
ID3512,89,92,75,83,79,67,69,63,103,97,98,133,97,107,113,125,122,119,144,134,155,160,146,123,127
ID3513,113,126,116,111,134,103,115,115,92,102,141,191,141,163,111,109,135,139,129,172,171,137,124,125,129
ID3514,173,174,37,39,50,34,41,39,42,41,50,68,82,76,80,60,63,61,69,70,67,71,73,67,73
ID3515,207,243,176,208,212,176,219,163,205,210,209,192,138,219,166,147,200,203,224,187,202,245,171,159,194
ID3516,NA,NA,NA,0,0,5,5,0,1,26,12,0,4,5,4,0,0,2,3,2,5,2,3,4,2
ID3517,86,95,79,91,86,73,84,85,75,86,83,82,74,77,85,87,95,72,94,96,87,82,89,84,95
ID3518,0,0,0,0,0,0,0,1,0,0,0,0,2,1,11,5,34,34,51,62,20,10,28,78,54
ID3519,156,170,154,147,148,144,140,160,154,140,148,154,133,124,119,129,138,144,155,165,133,142,141,133,177
ID3520,146,133,141,124,53,96,116,132,126,135,133,127,110,105,124,111,118,131,165,181,158,158,166,168,159
ID3521,89,78,94,95,111,91,95,136,153,120,210,123,97,128,112,123,129,151,164,217,162,151,203,132,188
ID3522,72,73,65,70,65,64,77,76,97,92,87,159,24,98,127,85,98,67,89,93,84,68,65,55,70
ID3523,37,37,29,27,29,28,27,31,37,17,16,23,21,20,18,24,22,25,27,22,29,22,25,25,27
ID3524,79,87,76,75,81,83,93,85,78,77,77,84,78,75,72,84,79,79,90,81,76,77,77,79,83
ID3525,105,109,111,115,94,85,88,107,98,81,90,87,86,86,100,98,93,81,81,99,84,81,98,80,94
ID3526,182,64,129,149,137,178,162,140,144,133,142,140,112,121,111,131,137,139,190,179,184,173,242,258,238
ID3527,312,293,258,264,214,230,265,137,137,98,59,73,70,80,19,3,32,302,418,354,274,263,268,273,292
ID3528,97,102,101,103,90,106,84,104,109,116,104,102,102,99,104,100,94,111,100,111,108,111,118,109,112
ID3529,43,52,60,72,45,35,23,23,19,22,30,40,42,36,41,30,27,28,34,28,33,32,31,43,48
ID3530,120,149,63,87,105,108,130,109,149,108,115,136,107,118,113,113,115,124,116,131,109,99,119,89,119
ID3531,264,186,190,171,185,188,182,174,224,199,228,212,78,13,12,12,16,57,62,67,54,64,66,60,60
ID3532,138,130,119,119,119,131,133,152,153,147,153,148,131,132,141,119,120,146,137,171,118,139,152,163,155
ID3533,60,44,40,39,37,47,43,45,59,49,47,53,14,16,12,14,13,18,25,24,16,20,18,23,20
ID3534,132,136,137,129,117,122,133,147,142,140,138,156,121,136,135,136,156,150,159,162,155,147,147,148,144
ID3535,157,152,186,165,116,101,109,100,85,69,76,71,90,89,90,88,80,69,76,86,72,90,93,98,89
ID3536,22,14,33,25,24,20,26,24,24,21,18,20,24,25,35,37,41,40,44,53,39,45,41,32,NA
ID3537,94,100,103,98,103,91,111,116,118,111,102,117,114,108,104,100,92,92,125,142,104,97,131,112,95
ID3538,143,150,148,147,132,119,112,136,147,162,145,127,117,124,127,132,129,144,145,156,173,159,158,156,122
ID3539,NA,170,77,161,149,136,175,116,0,0,4,0,2,1,1,1,0,2,2,5,7,1,5,2,4
ID3540,273,218,241,262,285,292,346,331,355,334,353,297,279,290,326,342,314,299,301,285,281,284,301,298,280
ID3541,161,174,150,149,136,145,100,89,96,90,93,93,89,102,93,80,79,87,116,90,102,90,100,100,101
ID3542,149,133,107,105,84,97,83,97,105,68,56,71,75,69,76,85,83,96,121,110,102,102,110,107,105
ID3543,60,52,44,52,60,58,71,71,60,70,51,52,53,56,65,81,49,55,49,47,45,33,42,48,55
ID3544,224,220,217,226,206,182,240,276,248,261,261,264,250,290,211,240,227,289,253,307,290,238,270,267,309
ID3545,156,150,130,165,174,146,167,184,208,193,189,181,164,174,185,174,176,159,179,184,196,182,172,169,168
ID3546,0,0,0,0,1,10,0,0,0,0,0,93,104,90,93,100,95,97,109,110,93,97,103,96,100
ID3547,40,37,47,52,44,35,45,90,51,52,59,68,63,33,34,61,51,66,72,83,57,53,88,102,72
ID3548,114,115,110,111,130,113,111,104,109,114,129,116,115,109,117,126,111,105,118,130,130,134,121,117,114
ID3549,158,134,113,94,93,84,110,118,104,104,95,90,76,74,73,83,87,78,86,96,88,94,91,88,84
ID3550,125,119,104,108,107,113,119,90,112,116,136,125,113,103,100,99,90,108,133,110,105,95,103,96,109
ID3551,131,132,133,136,141,129,157,159,213,188,199,180,152,150,137,132,136,185,62,225,215,159,166,147,152
ID3552,179,187,176,174,171,142,168,191,171,193,190,179,168,172,189,203,192,196,225,224,174,98,134,143,140
ID3553,58,74,74,67,52,63,88,105,98,99,92,77,70,73,73,83,75,71,84,95,71,81,79,77,73
ID3554,126,122,118,105,139,128,143,138,53,51,83,73,74,65,74,70,87,95,100,98,90,95,87,93,99
ID3555,NA,NA,NA,NA,242,154,250,216,309,296,311,408,177,268,270,368,498,403,324,310,329,390,298,297,335
ID3556,63,68,64,73,69,66,60,62,109,63,80,72,67,77,74,65,78,72,65,76,70,69,75,83,85
ID3557,127,116,113,113,100,84,117,114,113,122,112,123,100,108,105,109,104,111,132,128,114,114,114,117,106
ID3558,202,197,205,187,161,167,205,178,191,189,178,186,179,180,178,182,176,172,171,146,170,145,156,212,154
ID3559,190,184,168,142,147,129,171,164,193,167,109,100,94,81,81,77,72,82,98,94,90,86,92,87,88
ID3560,15,16,16,18,24,15,18,19,17,17,15,18,18,24,29,44,40,37,36,29,27,24,27,48,26
ID3561,120,100,97,92,89,90,102,116,126,110,105,100,93,99,114,113,106,114,135,124,107,113,126,139,111
ID3562,78,81,77,81,73,74,64,74,76,74,85,77,67,60,65,70,71,69,65,81,72,80,70,65,69
ID3563,118,115,115,119,125,119,141,122,150,146,154,138,125,130,130,119,129,131,153,132,133,118,134,127,135
ID3564,146,147,149,135,132,145,158,163,177,172,242,255,225,134,167,124,140,143,164,189,178,188,183,209,191
ID3565,160,172,171,166,119,107,144,133,114,105,113,127,103,139,130,149,192,160,186,168,143,107,115,113,110
ID3566,9,16,16,15,14,17,20,24,22,20,22,23,22,21,22,23,21,21,22,20,19,17,17,18,17
ID3567,47,58,42,40,31,31,36,38,36,32,26,27,28,42,46,57,37,28,24,27,28,26,31,35,35
ID3568,147,157,138,124,114,111,118,136,136,132,127,133,103,102,100,111,105,107,111,126,114,141,132,149,128
ID3569,82,99,76,54,52,78,108,93,93,81,104,94,79,90,72,84,36,53,32,36,56,44,44,36,37
ID3570,78,75,60,67,74,76,70,86,93,98,113,115,80,89,83,91,75,90,121,114,100,99,108,102,112
ID3571,72,78,80,74,88,78,90,65,87,79,87,86,75,85,87,78,56,70,94,58,90,101,87,84,108
ID3572,98,90,79,81,72,96,90,84,90,113,97,90,94,90,96,90,96,97,99,106,102,109,103,107,102
ID3573,70,61,72,67,61,60,73,74,72,71,73,76,70,68,65,72,70,70,75,74,76,76,103,111,92
ID3574,551,443,332,327,320,459,783,591,341,323,314,292,317,339,345,358,358,333,497,477,420,315,349,332,406
ID3575,110,111,92,78,84,54,46,6,0,0,0,0,0,47,77,77,72,72,79,72,40,0,0,47,65
ID3576,73,85,78,78,70,78,74,81,78,73,76,74,67,74,75,76,67,74,76,82,82,89,103,89,87
ID3577,111,96,99,69,75,72,84,47,331,256,288,394,311,330,271,265,280,325,280,267,214,242,295,265,203
ID3578,0,0,0,5,0,0,0,0,79,126,118,131,120,113,115,100,117,102,114,119,96,88,89,94,95
ID3579,57,54,54,59,57,61,42,43,33,40,27,0,0,0,0,1,44,37,41,50,52,34,40,32,50
ID3580,139,141,150,143,149,124,147,130,147,104,131,145,135,137,125,137,124,123,137,135,125,121,129,132,124
ID3581,65,36,39,76,75,66,64,68,51,54,70,68,60,46,47,46,50,36,73,74,55,62,76,52,55
ID3582,44,50,44,52,51,62,50,44,49,52,42,35,41,40,43,40,42,44,48,44,44,47,55,59,62
ID3583,77,75,63,49,66,60,67,72,29,28,31,32,24,28,26,27,24,25,27,29,27,21,6,7,7
ID3584,135,129,130,132,136,114,123,130,138,134,145,135,129,132,121,146,160,133,148,135,129,135,155,143,146
ID3585,196,187,203,189,170,178,204,201,173,182,220,208,181,151,176,175,170,117,94,194,170,173,167,NA,NA
ID3586,56,51,61,63,70,73,71,73,64,66,64,62,58,76,56,68,63,29,14,12,18,54,50,50,66
ID3587,125,109,109,116,90,98,102,114,118,120,112,122,95,100,108,115,120,122,138,162,132,152,148,138,126
ID3588,83,88,84,131,90,66,88,89,88,97,109,87,82,76,68,89,133,140,132,NA,NA,NA,NA,NA,NA
ID3589,116,88,87,93,90,77,85,82,89,87,104,121,99,95,95,88,71,67,83,83,81,84,99,113,111
ID3590,66,59,48,66,55,48,59,56,66,60,66,65,59,56,58,58,49,49,63,64,57,63,83,50,33
ID3591,102,89,79,97,113,79,84,62,155,165,290,216,127,102,67,117,81,83,106,112,103,176,229,175,188
ID3592,64,66,60,63,70,68,71,71,78,57,49,35,33,48,38,35,46,57,54,49,51,48,51,37,37
ID3593,17,15,31,26,19,6,5,8,4,12,32,29,30,15,9,13,7,14,17,14,16,17,20,25,23
ID3594,114,89,117,114,107,89,106,119,118,113,117,111,105,113,102,104,99,101,117,108,108,106,121,123,127
ID3595,52,36,41,62,50,47,61,93,104,114,100,94,68,54,58,70,58,52,67,69,68,62,42,NA,NA
ID3596,312,305,283,314,266,307,382,327,411,314,417,363,359,332,348,398,419,364,373,452,480,475,510,440,542
ID3597,16,106,265,141,180,162,98,131,144,54,122,104,53,64,101,45,122,116,239,248,227,218,228,246,214
ID3598,104,93,86,88,106,112,107,139,134,117,121,121,117,106,129,137,141,138,139,160,143,170,144,141,139
ID3599,61,47,44,50,53,45,55,50,55,59,57,44,40,47,49,54,54,55,58,64,55,55,60,55,58
ID3600,253,268,222,210,187,210,239,248,280,233,225,229,323,355,386,457,439,435,498,531,512,478,573,522,511
ID3601,203,215,172,157,183,165,NA,NA,NA,NA,NA,NA,NA,1865,228,170,197,211,223,233,245,189,200,226,226
ID3602,190,188,173,162,163,154,171,178,192,176,214,251,180,205,215,190,230,254,293,324,287,269,220,205,187
ID3603,76,98,76,85,82,77,82,81,77,79,74,76,74,74,73,77,71,80,85,83,83,84,74,80,86
ID3604,3,4,18,25,24,22,15,9,20,10,9,9,11,18,20,14,8,7,7,6,11,4,6,9,6
ID3605,64,35,18,38,47,25,11,6,22,32,265,78,9,3,1,9,70,134,168,200,197,70,61,102,113
ID3606,119,119,112,126,123,113,124,139,119,123,128,111,112,109,113,109,110,117,121,113,114,122,103,110,108
ID3607,265,213,221,198,199,224,310,312,329,306,320,373,222,207,191,228,268,336,383,388,309,314,315,250,327
ID3608,280,260,232,243,197,226,208,294,319,295,291,84,101,81,128,191,226,238,257,273,212,231,222,212,222
ID3609,0,10,22,21,18,17,12,29,17,19,17,4,8,12,9,10,5,0,20,37,40,43,30,30,29
ID3610,163,138,128,131,110,119,137,167,170,142,149,138,111,118,135,114,148,146,177,186,143,144,152,183,170
ID3611,118,124,135,128,119,123,120,150,113,133,118,116,136,99,124,82,69,115,82,127,81,110,129,87,81
ID3612,24,9,18,53,28,76,76,86,85,75,129,123,112,120,120,103,115,157,184,140,77,30,34,57,83
ID3613,110,141,164,178,155,176,204,176,122,133,212,203,170,174,181,190,189,168,169,201,157,164,170,177,166
ID3614,72,66,54,55,56,71,36,17,7,19,35,21,15,28,31,32,30,22,22,15,63,68,53,69,70
ID3615,127,102,118,102,107,99,109,120,117,121,120,106,104,109,109,115,123,103,133,133,134,119,110,114,111
ID3616,103,95,96,102,75,67,60,65,61,61,62,74,68,59,71,58,53,66,74,76,62,65,69,78,60
ID3617,223,178,187,169,179,160,149,237,237,204,208,185,169,136,119,136,135,153,162,179,164,163,168,168,177
ID3618,110,97,162,158,179,137,123,156,112,88,100,119,82,76,82,110,88,99,124,101,30,23,92,96,97
ID3619,182,105,45,86,123,77,95,102,98,98,95,95,89,93,92,93,95,72,0,68,83,143,114,169,168
ID3620,174,205,216,218,236,174,172,173,187,177,173,163,192,194,176,186,185,187,180,118,117,104,115,89,147
ID3621,58,53,52,51,56,48,58,57,54,53,51,56,54,60,51,56,58,52,67,54,55,54,61,56,56
ID3622,176,148,124,36,28,56,139,164,181,168,174,169,145,123,105,107,110,147,217,222,190,191,209,199,215
ID3623,182,194,186,184,189,195,207,229,226,268,243,248,225,245,243,232,193,223,260,270,268,221,250,262,269
ID3624,1188,1002,1132,1052,1046,2314,462,1389,1763,1418,1184,1466,1186,1138,1619,1223,1202,1300,2121,2113,2074,1585,1803,1942,2629
ID3625,261,204,153,119,149,216,264,271,404,350,292,258,146,147,152,136,225,381,460,365,310,275,260,263,345
ID3626,46,38,45,39,44,39,50,55,63,55,46,37,35,41,43,44,46,52,56,55,36,52,61,60,65
ID3627,0,0,0,0,0,0,0,0,0,0,0,0,0,0,0,0,0,0,0,0,0,0,0,0,0
ID3628,99,102,97,94,84,36,29,34,28,31,29,31,39,39,40,126,123,112,80,91,96,94,103,45,54
ID3629,224,178,184,175,181,175,199,202,201,191,178,179,159,149,161,163,173,175,187,195,186,184,200,201,199
ID3630,171,163,176,137,126,69,167,106,130,113,86,123,100,103,57,60,52,50,110,29,4,NA,NA,NA,0
ID3631,106,92,90,89,107,109,121,103,131,118,128,105,89,92,97,93,96,112,130,113,99,104,110,107,120
ID3632,NA,929,125,382,310,323,412,470,473,384,372,383,313,347,306,320,375,386,467,422,516,424,502,377,411
ID3633,497,294,393,133,331,309,342,421,457,460,400,441,349,318,323,373,390,386,451,511,540,448,499,339,428
ID3634,1,125,77,92,117,84,90,95,105,74,83,91,96,75,86,71,71,64,69,87,107,122,121,116,103
ID3635,178,158,153,150,156,147,162,166,173,177,175,159,168,190,155,134,130,140,152,155,167,168,165,155,164
ID3636,105,102,96,95,98,97,108,72,56,41,51,48,71,74,61,67,72,68,65,58,62,72,80,77,73
ID3637,62,82,60,60,58,48,55,75,74,69,119,82,68,59,70,69,60,65,73,77,75,68,74,58,53
ID3638,64,95,73,57,41,58,87,62,86,64,80,71,79,80,79,84,84,77,87,78,80,77,91,88,84
ID3639,69,73,54,52,55,64,80,67,82,52,53,66,61,56,57,63,56,13,14,17,13,14,28,21,20
ID3640,177,223,184,172,99,91,109,100,103,113,165,185,185,198,168,184,207,254,247,237,283,251,254,245,239
ID3641,295,275,202,200,263,243,245,76,1,2,0,2,1,2,2,10,2,0,1,0,2,1,3,94,150
ID3642,1,23,102,39,39,59,60,33,22,18,17,20,16,9,9,11,21,24,23,11,25,27,27,21,18
ID3643,245,262,231,245,240,179,148,130,162,208,194,207,272,232,148,203,197,151,166,157,242,210,174,144,155
ID3644,62,147,127,132,56,35,67,72,2,98,0,69,87,97,92,4,0,2,5,4,1,68,72,78,75
ID3645,458,422,423,450,470,435,444,495,523,433,510,492,520,481,428,455,448,435,474,486,562,505,495,513,445
ID3646,126,112,104,111,117,105,110,115,118,119,128,116,122,126,132,137,122,141,140,147,140,126,164,168,168
ID3647,33,137,249,248,285,329,391,319,422,447,390,414,367,483,475,308,429,489,564,449,528,554,571,533,591
ID3648,115,81,66,45,39,62,65,68,78,60,77,100,58,45,35,44,64,83,118,139,111,113,125,145,165
ID3649,58,31,63,61,52,50,61,69,62,76,73,89,82,57,74,92,85,79,61,81,64,72,58,76,76
ID3650,102,107,103,108,104,106,77,192,97,116,105,115,105,110,109,99,120,142,112,110,108,96,104,103,113
ID3651,127,151,134,128,137,121,153,136,149,132,137,139,141,154,151,156,142,138,140,145,153,163,152,151,157
ID3652,79,74,114,97,66,100,82,72,103,73,102,87,105,116,102,85,99,99,111,116,144,146,149,109,118
ID3653,26,24,26,27,26,27,29,30,19,19,19,22,23,16,10,11,12,14,23,26,29,30,31,29,27
ID3654,63,45,44,65,60,52,62,68,81,57,65,66,71,62,49,64,65,44,55,68,70,59,63,54,52
ID3655,246,170,195,228,205,225,249,313,306,218,240,272,194,183,192,182,191,195,265,295,240,223,221,291,211
ID3656,54,51,53,54,67,44,58,52,75,59,42,57,54,47,39,59,50,53,51,53,47,59,81,67,70
ID3657,107,123,108,107,113,99,113,80,57,54,61,74,63,62,58,60,57,51,64,56,60,50,57,60,75
ID3658,179,172,172,171,155,161,183,165,180,169,162,193,148,124,133,133,150,159,187,193,164,166,174,161,173
ID3659,24,4,48,46,86,99,109,109,74,67,31,64,69,74,82,91,72,40,58,71,69,26,28,42,59
ID3660,3,6,80,41,51,60,57,48,36,66,54,25,30,12,85,89,96,148,172,139,106,89,108,97,106
ID3661,193,184,181,123,99,113,134,143,153,131,161,151,99,110,119,131,116,124,156,179,163,158,154,152,157
ID3662,798,631,687,647,496,595,824,876,895,928,792,1024,404,484,574,574,645,920,1111,1029,837,706,753,783,841
ID3663,200,233,181,170,152,164,187,207,269,245,247,231,242,253,236,237,238,230,235,212,213,217,225,216,201
ID3664,109,58,107,101,104,99,117,100,119,102,103,109,98,97,100,109,97,104,106,101,111,109,114,106,146
ID3665,310,202,226,240,290,230,288,293,202,197,429,311,148,228,228,203,233,218,190,196,179,258,289,270,218
ID3666,94,95,85,84,63,78,72,54,59,68,70,63,50,59,62,70,63,59,71,71,64,67,66,35,37
ID3667,102,103,98,102,93,79,106,108,105,87,96,102,90,101,88,96,90,96,97,103,94,95,90,93,139
ID3668,479,384,344,176,262,307,504,499,545,694,684,579,328,337,291,340,432,507,812,758,485,490,464,379,385
ID3669,77,101,78,111,113,105,87,100,158,168,116,111,95,98,84,91,101,112,145,122,103,100,93,97,98
ID3670,185,146,154,149,111,133,139,148,160,144,155,158,179,133,191,163,105,106,119,129,134,82,99,121,113
ID3671,96,102,98,97,99,92,83,93,92,90,90,80,76,80,73,95,73,76,88,95,81,87,79,86,NA
ID3672,66,135,166,154,156,170,197,210,63,60,62,82,55,44,38,30,7,0,1,1,1,70,89,117,103
ID3673,84,89,92,86,90,68,90,81,85,101,86,102,93,87,91,92,86,NA,0,30,73,73,78,82,84
ID3674,82,84,69,83,54,71,73,77,105,97,92,69,67,62,71,67,69,82,84,90,89,77,81,74,84
ID3675,54,47,47,44,58,24,31,48,48,46,53,47,37,43,49,47,52,55,35,32,28,26,26,28,30
ID3676,75,70,81,66,66,62,75,94,77,76,91,74,74,71,70,86,81,72,77,78,70,82,70,56,48
ID3677,130,124,119,133,121,116,135,150,131,121,130,123,159,102,165,141,148,124,157,142,147,142,150,153,143
ID3678,584,106,264,234,77,62,70,84,353,305,170,90,67,57,58,62,90,104,156,NA,NA,NA,NA,170,157
ID3679,66,61,55,58,59,56,68,61,64,50,60,49,42,43,43,52,52,56,63,52,44,46,52,44,53
ID3680,83,82,89,85,84,81,68,94,119,105,37,96,43,89,39,63,140,87,59,72,61,55,60,67,61
ID3681,122,131,85,157,165,155,130,128,150,144,160,159,171,167,180,178,149,132,142,148,135,142,168,155,122
ID3682,180,209,202,180,197,105,118,115,124,117,127,104,106,104,102,108,108,116,118,118,108,113,115,115,115
ID3683,22,16,17,18,16,21,23,15,13,16,22,11,19,13,17,24,20,22,21,19,23,25,26,30,38
ID3684,120,130,98,98,114,116,130,128,135,126,128,149,126,115,154,144,132,127,142,140,153,146,153,146,158
ID3685,88,75,80,94,81,69,72,71,91,66,78,77,72,71,75,71,83,82,72,82,75,72,72,78,66
ID3686,167,158,149,152,155,144,161,228,187,196,180,204,189,212,202,188,192,181,176,218,202,191,202,202,202
ID3687,36,52,16,15,33,30,55,35,7,6,2,35,42,44,17,15,8,50,53,37,55,71,49,52,30
ID3688,23,29,46,37,24,34,28,30,19,42,48,51,68,102,98,90,93,87,73,86,102,78,51,55,71
ID3689,84,86,92,85,85,73,90,95,234,72,75,81,75,70,74,73,75,85,71,80,76,71,241,100,222
ID3690,94,159,146,131,135,127,162,144,158,150,167,174,161,176,165,177,148,178,216,198,184,149,168,150,149
ID3691,202,164,125,121,97,71,97,90,93,100,92,123,104,101,126,146,126,116,125,127,107,110,134,140,155
ID3692,225,313,422,253,271,269,281,154,187,268,223,274,332,343,251,270,251,354,455,216,146,180,184,173,211
ID3693,192,214,184,180,164,164,163,204,163,163,158,179,159,195,174,175,172,169,188,211,177,141,139,139,151
ID3694,86,43,88,85,92,67,83,48,53,92,83,48,76,4,34,41,53,60,50,24,33,40,0,7,0
ID3695,58,53,54,56,54,49,61,51,47,48,51,52,45,47,45,50,46,60,59,61,48,49,59,57,62
ID3696,168,200,186,192,180,170,179,177,193,280,232,231,237,211,199,173,195,200,NA,NA,288,48,259,214,236
ID3697,172,180,171,176,185,169,194,185,210,172,193,192,151,194,224,205,193,234,207,227,231,214,230,223,251
ID3698,102,127,115,110,90,84,98,95,106,80,100,101,83,87,84,88,82,88,98,103,83,74,80,87,84
ID3699,151,155,128,113,104,72,107,113,96,96,117,38,33,32,32,36,29,41,30,31,15,27,36,27,36
ID3700,55,66,58,83,60,53,77,56,60,51,43,51,74,64,74,85,54,47,53,71,37,34,28,45,44
ID3701,88,87,76,81,77,79,84,93,90,81,93,91,81,82,76,82,76,82,89,88,84,86,91,85,86
ID3702,84,66,73,83,53,1,0,0,0,0,0,0,0,4,92,95,101,89,93,125,95,111,102,89,72
ID3703,30,37,24,19,12,16,23,30,27,22,24,27,42,35,34,23,22,30,26,24,23,23,27,25,27
ID3704,75,88,73,86,84,83,104,71,73,83,77,84,67,89,82,82,86,99,107,82,80,95,101,94,93
ID3705,23,18,32,0,70,0,0,51,86,82,112,164,116,139,158,90,101,127,177,157,104,107,138,107,120
ID3706,74,73,66,57,77,63,44,125,74,50,61,70,66,76,77,85,83,83,97,97,83,85,97,70,101
ID3707,37,43,37,36,35,38,30,33,34,33,30,34,30,38,29,25,22,21,33,38,38,36,44,38,38
ID3708,NA,NA,NA,38,55,52,58,34,52,44,59,59,43,43,35,52,51,46,NA,55,40,46,35,30,33
ID3709,66,104,84,24,31,14,24,23,23,27,27,25,25,20,19,19,15,14,15,14,18,21,18,18,26
ID3710,103,102,95,89,95,81,101,107,106,131,118,122,107,101,100,120,117,115,113,128,130,119,128,123,106
ID3711,53,68,70,75,70,60,58,48,49,50,43,44,42,2,0,NA,NA,6,3,54,56,53,99,122,111
ID3712,123,116,119,105,100,100,120,116,115,124,120,116,114,109,114,121,116,119,129,131,126,118,140,137,137
ID3713,75,58,61,59,62,72,82,152,171,156,171,134,132,150,130,127,131,168,192,163,174,151,161,152,150
ID3714,153,164,121,179,142,136,159,140,144,162,132,185,150,168,151,117,116,94,114,112,73,74,136,130,143
ID3715,104,85,100,82,78,66,96,99,109,98,115,89,103,93,91,94,90,88,116,109,87,95,95,91,91
ID3716,73,31,49,55,62,73,80,84,87,78,68,6,8,0,9,4,12,5,1,48,3,51,150,152,148
ID3717,70,84,56,51,46,57,104,125,149,113,137,73,90,35,18,25,0,17,88,85,15,20,64,67,31
ID3718,41,37,45,40,35,34,36,33,37,104,152,195,170,185,47,32,36,33,39,33,33,27,36,111,128
ID3719,44,48,46,40,45,44,43,43,45,40,30,30,29,47,34,23,47,41,58,51,47,45,45,45,47
ID3720,205,207,196,198,196,178,201,197,200,207,204,211,195,201,196,191,192,191,268,0,275,137,130,137,135
ID3721,105,110,102,89,94,99,117,95,110,87,79,116,97,81,80,94,95,96,124,79,100,105,80,118,100
ID3722,102,99,97,101,90,88,106,116,116,112,110,120,98,62,69,60,64,63,82,77,71,71,68,76,71
ID3723,343,316,295,286,301,298,390,368,371,356,373,426,334,367,373,354,406,389,440,522,419,361,395,395,426
ID3724,121,128,123,133,101,93,127,127,133,115,100,101,96,101,94,122,106,143,143,115,111,104,106,104,124
ID3725,266,249,249,88,287,13,158,160,168,172,175,185,157,147,150,159,164,162,181,188,185,190,173,188,197
ID3726,57,93,69,205,138,76,132,123,138,146,155,161,149,81,188,108,97,242,179,170,184,199,203,210,163
ID3727,210,223,216,178,145,158,170,180,177,200,199,229,189,198,202,153,153,177,181,178,172,200,243,177,194
ID3728,211,274,260,267,255,232,320,329,331,302,277,258,250,285,294,299,357,328,385,342,338,343,403,355,427
ID3729,76,85,82,55,72,77,93,80,87,93,101,83,62,40,42,41,45,44,60,64,50,49,58,49,56
ID3730,313,316,302,285,284,266,325,336,413,404,429,421,347,338,328,342,350,303,394,345,366,344,338,336,347
ID3731,132,125,125,125,63,123,124,124,135,128,140,141,133,140,133,135,131,124,137,133,145,139,136,142,145
ID3732,43,49,50,0,0,0,0,0,33,33,34,18,32,37,3,31,64,60,49,41,31,31,43,43,35
ID3733,237,268,249,289,256,312,386,429,261,1326,602,566,468,429,478,483,371,569,798,578,444,501,546,478,460
ID3734,51,52,41,28,31,30,33,41,38,33,29,27,23,29,28,28,17,14,24,30,29,37,32,34,33
ID3735,148,146,132,143,118,136,139,120,145,141,140,131,127,132,132,138,142,130,150,181,165,159,156,155,163
ID3736,441,375,269,345,308,272,430,343,399,373,423,393,301,303,409,430,501,422,474,324,360,376,466,379,363
ID3737,498,310,416,271,411,681,216,504,532,488,419,432,362,347,358,338,333,469,508,565,601,581,633,486,468
ID3738,82,86,100,94,87,86,106,115,109,111,118,121,106,111,124,112,115,106,119,110,100,89,105,116,120
ID3739,190,81,70,77,79,91,67,80,80,66,71,79,78,79,81,84,72,83,95,80,83,91,88,92,89
ID3740,78,74,74,69,77,68,79,86,78,81,87,83,85,82,83,87,90,84,87,89,86,100,105,92,85
ID3741,89,90,87,93,89,75,79,76,73,71,93,92,108,107,113,108,111,90,106,93,75,65,63,91,78
ID3742,115,105,110,95,101,97,102,97,114,101,103,99,95,117,113,90,105,90,109,104,100,104,96,110,109
ID3743,72,65,0,24,87,45,14,14,10,3,2,0,0,0,0,1,0,0,0,44,84,85,30,0,0
ID3744,79,82,67,80,77,70,81,80,67,94,102,110,87,83,92,98,84,74,75,94,79,82,85,91,85
ID3745,133,161,138,119,121,109,148,141,151,134,134,140,124,128,121,140,141,125,159,142,153,148,139,140,139
ID3746,82,64,74,58,45,58,63,88,87,49,59,42,39,27,34,39,31,46,150,158,193,226,247,263,309
ID3747,123,120,114,114,98,98,132,138,112,102,112,112,96,112,104,109,105,110,118,110,101,112,124,130,127
ID3748,139,127,110,107,124,106,123,123,131,118,128,96,103,92,87,97,89,123,132,135,108,117,102,114,111
ID3749,111,94,82,82,68,73,84,93,134,145,118,86,88,91,84,90,94,87,104,107,96,104,97,95,90
ID3750,158,123,108,121,111,127,142,123,125,120,137,173,119,95,117,134,139,114,121,133,120,119,127,146,145
ID3751,116,111,101,113,144,75,134,115,118,118,134,134,107,128,123,137,127,122,134,137,121,120,125,108,139
ID3752,71,62,53,48,55,48,53,56,65,59,54,54,53,54,63,54,61,108,152,159,154,144,183,154,161
ID3753,0,0,0,0,0,0,0,0,0,0,0,7,0,0,0,0,0,0,0,0,0,0,0,0,0
ID3754,194,193,201,205,182,174,204,206,213,244,251,228,15,179,199,184,202,198,231,206,194,171,196,198,165
ID3755,0,0,1,19,51,115,115,129,135,127,134,110,107,110,111,110,117,181,137,364,287,244,225,285,179
ID3756,212,223,251,276,296,228,290,326,283,213,271,278,179,177,194,228,150,183,237,183,135,182,203,164,166
ID3757,76,36,26,32,14,29,52,32,36,26,36,46,46,27,24,5,20,46,63,57,18,21,82,70,90
ID3758,90,83,20,47,45,47,60,62,63,62,60,63,64,58,56,60,59,62,73,74,80,70,70,67,66
ID3759,27,24,40,44,58,59,88,59,29,15,37,29,19,18,21,17,17,13,22,17,19,5,8,16,11
ID3760,250,276,266,269,240,214,232,239,378,385,390,458,433,379,367,442,407,338,357,348,409,354,364,406,395
ID3761,332,290,206,110,208,350,293,320,198,152,147,178,103,131,95,145,168,232,260,294,188,151,224,188,229
ID3762,1,4,1,0,1,0,0,27,99,96,80,100,102,96,89,110,88,5,2,148,195,181,199,200,216
ID3763,192,179,159,147,251,68,175,247,208,245,250,236,230,225,232,246,229,208,236,222,252,238,242,182,158
ID3764,1,0,3,0,1,0,1,1,1,0,1,1,0,1,0,1,0,1,0,1,0,0,1,0,0
ID3765,147,140,151,152,177,190,191,199,219,149,218,186,185,192,197,191,203,154,34,0,NA,NA,NA,NA,NA
ID3766,139,150,154,160,203,144,148,158,146,161,178,153,150,148,135,153,170,173,189,133,164,156,180,176,183
ID3767,86,NA,NA,225,74,NA,83,93,90,93,82,93,80,84,83,85,84,85,84,39,7,1,2,2,0
ID3768,67,57,58,53,59,48,63,49,89,65,72,59,44,48,59,44,47,54,62,60,56,57,56,44,43
ID3769,118,145,112,128,167,138,169,153,103,109,146,116,87,117,94,89,83,40,80,136,96,87,105,80,112
ID3770,195,183,183,194,153,141,176,179,213,205,184,243,160,182,178,202,201,284,401,443,237,340,378,189,375
ID3771,49,52,42,34,43,42,64,60,43,68,45,43,46,41,43,44,35,23,29,44,44,49,39,48,47
ID3772,130,127,116,119,134,137,156,155,154,156,145,126,96,61,67,69,81,142,139,152,122,129,141,130,131
ID3773,15,15,14,16,14,14,13,15,16,15,17,16,15,14,11,14,13,13,13,15,12,11,2,2,9
ID3774,658,147,206,95,73,157,288,236,97,75,183,237,225,213,217,445,332,257,246,364,292,193,58,239,224
ID3775,120,120,124,115,110,110,122,130,130,119,127,126,112,114,118,113,121,123,134,138,137,121,136,130,110
ID3776,282,267,232,342,122,195,195,195,219,211,200,233,221,213,202,202,196,178,195,194,224,221,224,246,240
ID3777,393,324,389,350,421,308,358,371,350,350,499,364,247,223,250,320,300,290,390,622,288,268,252,520,350
ID3778,78,60,70,57,42,35,58,46,66,40,49,42,41,95,84,90,104,89,116,82,65,68,122,109,74
ID3779,242,230,209,224,181,135,181,193,188,180,185,181,165,192,199,205,162,205,190,351,250,233,320,267,291
ID3780,182,172,211,232,183,187,183,111,131,107,128,121,106,134,169,192,191,172,198,259,200,89,179,196,236
ID3781,160,190,202,181,166,134,165,153,166,108,113,101,84,88,97,92,130,154,195,175,165,144,129,131,128
ID3782,57,64,53,51,64,77,72,51,58,46,51,53,45,46,52,52,55,54,62,66,61,56,55,53,62
ID3783,168,164,169,131,143,139,190,167,217,198,254,194,160,180,191,182,280,295,329,339,273,294,349,299,343
ID3784,5,23,20,25,10,5,2,11,9,4,6,5,7,3,7,10,0,0,5,6,12,8,7,6,7
ID3785,152,150,136,177,110,61,107,60,120,103,102,113,128,91,53,18,80,84,79,64,101,141,187,220,273
ID3786,194,98,144,87,100,100,151,158,173,172,166,180,133,131,134,129,136,150,206,201,183,151,151,167,189
ID3787,187,184,200,121,148,159,204,219,228,294,212,213,141,161,125,140,145,176,238,240,197,155,191,196,210
ID3788,63,51,48,44,50,48,37,44,46,20,21,20,18,19,20,22,22,22,24,24,22,21,46,52,38
ID3789,27,15,13,19,20,20,32,30,34,33,26,29,8,42,32,29,8,189,270,290,180,213,330,197,230
ID3790,105,88,108,119,114,100,128,152,159,168,189,171,164,160,152,164,144,165,182,181,191,179,169,190,186
ID3791,145,151,144,135,122,123,147,140,149,152,145,162,133,105,94,102,121,134,157,141,131,141,130,113,135
ID3792,200,255,243,240,190,178,292,293,295,317,295,297,237,243,242,244,243,262,309,288,332,336,532,520,542
ID3793,30,31,29,30,19,18,27,22,6,0,0,0,0,0,0,0,1,0,0,6,1,3,14,67,212
ID3794,259,273,172,181,169,164,240,242,282,259,266,328,216,232,240,201,206,264,77,147,126,174,162,171,169
ID3795,49,61,47,77,40,65,38,107,34,68,44,56,60,34,47,45,51,50,3,59,46,14,47,53,54
ID3796,95,104,103,100,108,97,111,107,118,109,116,122,117,116,124,124,127,121,132,133,137,134,149,149,144
ID3797,84,82,70,74,76,78,79,80,91,77,82,83,79,80,77,87,70,79,83,87,83,86,99,96,90
ID3798,115,116,115,129,109,68,71,77,111,76,74,70,86,115,103,105,96,95,109,87,154,151,157,122,109
ID3799,93,118,113,117,114,107,112,123,127,122,125,136,108,125,133,106,115,111,111,125,144,128,131,121,135
ID3800,115,107,99,75,92,107,126,90,90,100,129,114,80,81,86,113,95,114,106,89,70,63,64,73,76
ID3801,32,87,116,127,119,106,111,112,116,91,63,68,57,67,76,49,39,57,93,94,81,55,47,50,61
ID3802,144,149,140,131,138,128,133,177,205,170,191,196,156,161,151,144,160,178,198,179,160,161,185,186,167
ID3803,93,88,88,82,79,79,88,89,90,79,91,90,103,122,46,9,2,0,81,61,69,75,76,84,87
ID3804,188,234,203,220,205,190,214,231,201,203,205,200,193,212,95,197,191,172,184,186,210,204,194,187,191
ID3805,52,24,21,24,28,19,29,29,29,34,72,61,53,58,53,58,56,36,36,36,34,40,60,34,34
ID3806,676,612,567,514,538,527,761,607,859,921,866,1018,697,719,717,589,801,543,856,872,920,905,897,933,889
ID3807,76,93,59,65,62,39,64,62,73,74,89,79,68,68,68,64,79,66,67,87,95,85,85,84,90
ID3808,69,80,88,90,76,45,57,71,67,71,68,79,82,87,84,83,79,76,90,111,107,105,90,81,84
ID3809,95,96,97,106,96,90,99,107,110,103,106,99,96,104,90,98,98,96,98,94,87,93,94,100,110
ID3810,83,83,77,67,75,72,73,86,84,78,72,75,70,77,78,82,84,73,76,85,73,81,85,78,65
ID3811,86,98,92,94,78,86,96,97,92,82,89,94,94,78,88,101,102,105,88,93,82,78,81,82,83
ID3812,1,1,1,1,2,43,52,53,38,40,47,41,35,36,36,39,42,42,45,39,44,46,50,51,50
ID3813,81,80,76,72,64,74,63,73,75,64,70,71,58,65,65,63,71,64,44,62,67,66,69,66,68
ID3814,80,49,69,60,58,66,70,85,94,89,90,87,75,70,63,71,73,80,85,90,82,76,83,89,82
ID3815,139,135,129,133,121,110,120,129,148,138,145,145,159,144,147,138,133,120,161,192,166,155,172,171,182
ID3816,79,77,84,88,79,98,109,103,116,118,118,117,111,129,119,99,99,125,141,145,137,125,139,127,112
ID3817,77,57,48,38,43,55,99,74,70,65,101,80,96,101,78,90,60,56,81,23,15,0,4,34,25
ID3818,96,99,98,111,100,94,110,91,94,99,100,134,88,106,103,101,106,105,121,107,110,103,104,98,115
ID3819,334,357,394,307,327,255,449,294,372,304,342,305,347,343,303,313,270,266,434,303,315,276,315,298,244
ID3820,113,104,108,111,107,116,125,124,139,135,123,140,116,128,130,135,148,147,165,146,149,146,147,150,154
ID3821,69,59,57,51,55,45,78,85,93,84,103,89,81,88,79,80,82,98,114,91,91,89,87,84,90
ID3822,156,139,128,117,115,107,136,167,241,223,220,333,108,197,199,163,169,193,187,199,217,208,199,213,204
ID3823,174,171,155,149,152,134,168,138,202,150,190,161,152,152,132,162,157,163,187,145,128,175,170,168,174
ID3824,21,23,12,13,8,4,9,12,11,3,NA,NA,NA,NA,NA,NA,NA,NA,NA,NA,NA,NA,NA,NA,NA
ID3825,587,658,784,806,875,854,910,911,1050,903,827,970,853,857,1046,847,945,1012,1078,876,886,980,1169,1100,1225
ID3826,170,166,147,151,131,141,149,168,173,164,169,184,166,165,162,178,165,171,187,220,191,190,206,209,224
ID3827,90,99,86,90,85,82,90,93,95,97,105,102,101,99,90,105,90,99,124,96,101,113,105,120,114
ID3828,96,79,83,101,89,120,126,66,90,89,82,83,76,75,78,74,70,80,94,100,98,105,109,105,125
ID3829,104,123,110,126,106,98,99,126,108,103,118,99,78,90,93,101,77,81,84,95,82,87,104,99,120
ID3830,58,55,64,47,41,52,55,67,64,56,57,55,52,46,54,50,57,75,72,75,38,17,6,20,53
ID3831,96,101,98,99,105,87,94,89,89,87,100,103,96,89,93,92,95,111,118,109,97,109,114,114,91
ID3832,117,100,77,56,36,27,51,29,32,46,45,30,46,49,40,51,51,57,54,58,59,54,57,65,66
ID3833,40,45,47,43,55,31,58,55,46,58,70,56,52,49,50,68,53,68,78,68,66,84,56,56,62
ID3834,50,51,51,56,64,73,84,73,80,46,47,43,37,35,32,35,36,34,37,40,32,37,18,35,31
ID3835,102,49,42,3,1,5,3,24,18,0,24,23,4,4,16,0,16,0,41,67,23,24,24,63,52
ID3836,83,87,84,81,74,78,88,86,93,99,81,84,62,78,75,77,79,84,89,94,93,88,86,91,96
ID3837,0,0,9,18,27,15,23,33,8,18,14,18,13,18,16,12,11,19,19,32,17,29,23,27,35
ID3838,97,87,93,90,100,105,108,135,120,123,114,111,97,115,105,86,101,118,118,114,89,108,103,88,106
ID3839,79,59,72,66,62,58,76,90,90,93,93,93,85,81,76,74,66,77,82,90,80,78,91,81,86
ID3840,70,71,63,73,63,59,80,65,61,55,58,74,65,60,63,57,55,59,67,71,74,76,71,69,76
ID3841,105,104,111,95,97,94,105,117,135,103,108,94,86,76,88,162,11,102,112,116,110,104,78,86,103
ID3842,123,114,103,126,124,113,144,168,202,193,188,176,130,142,132,136,155,158,165,157,139,156,167,173,180
ID3843,60,82,88,95,72,78,59,70,64,52,83,45,41,29,58,72,77,72,75,70,67,60,59,55,57
ID3844,112,96,108,81,91,109,88,108,119,95,106,92,92,79,83,85,94,104,107,126,124,134,129,148,142
ID3845,105,80,76,79,73,74,83,145,101,111,123,131,101,102,105,115,87,98,111,101,129,98,104,113,126
ID3846,165,155,114,123,85,88,113,111,104,90,104,119,94,105,74,101,108,84,114,140,118,109,119,124,120
ID3847,173,176,142,154,149,132,155,143,150,144,213,176,142,146,132,121,151,157,198,182,198,186,191,200,218
ID3848,46,49,54,51,45,40,49,45,44,45,45,47,42,43,45,43,41,46,52,50,44,45,47,47,47
ID3849,125,132,106,99,99,117,123,107,97,96,106,109,106,98,96,104,120,132,123,147,135,138,140,138,112
ID3850,119,131,119,115,99,83,96,105,89,94,102,93,97,105,90,107,77,84,89,96,92,90,88,103,154
ID3851,0,0,0,0,0,0,0,0,0,0,0,10,12,12,12,13,13,12,13,13,13,12,12,14,11
ID3852,0,10,18,90,86,106,86,70,77,82,81,101,54,39,37,53,48,61,73,65,69,115,114,128,130
ID3853,124,118,96,91,89,77,76,87,64,73,88,76,65,81,81,75,80,75,72,94,98,114,108,111,126
ID3854,72,52,50,56,48,45,69,58,75,71,75,72,72,69,72,72,68,79,89,90,11,27,36,57,62
ID3855,80,57,47,43,43,41,57,41,59,48,57,58,32,38,42,46,44,54,54,57,40,45,52,58,46
ID3856,152,151,136,152,153,144,153,163,155,119,119,148,149,159,158,173,176,166,168,230,164,157,159,170,145
ID3857,10,8,4,7,8,6,8,7,15,9,7,6,5,7,0,7,10,6,9,8,6,11,9,19,26
ID3858,15,4,4,4,4,2,4,2,3,3,3,3,3,3,1,3,1,2,1,2,1,2,3,2,1
ID3859,54,59,58,54,59,59,63,68,60,65,70,59,53,49,44,36,5,5,5,69,90,91,87,84,30
ID3860,84,87,96,103,123,105,115,128,103,75,66,73,106,96,111,122,158,131,140,118,81,98,92,96,106
ID3861,36,42,38,41,39,34,32,34,38,31,31,34,36,33,35,35,34,37,33,36,32,33,33,32,37
ID3862,0,0,0,1,113,99,115,117,122,136,97,84,68,68,84,18,0,0,53,66,73,60,62,66,63
ID3863,199,206,175,167,180,205,180,249,205,200,252,288,210,180,183,200,180,179,180,200,200,300,250,249,315
ID3864,58,3,4,4,2,2,100,84,71,75,73,79,73,69,71,42,61,71,62,70,56,2,2,1,2
ID3865,97,77,66,49,52,47,58,55,74,68,70,58,72,67,58,72,42,62,76,117,99,103,99,114,104
ID3866,122,100,104,139,136,114,177,172,177,143,123,118,107,86,96,86,80,81,109,87,70,106,89,87,85
ID3867,214,161,140,109,139,182,176,149,168,261,252,289,190,161,258,168,58,103,62,77,83,75,87,64,68
ID3868,150,159,158,171,137,146,184,190,148,165,179,191,136,150,149,152,147,148,169,170,148,135,142,143,145
ID3869,129,121,116,131,106,87,80,63,92,95,91,92,71,65,82,71,93,110,102,98,100,107,81,99,102
ID3870,79,80,81,82,70,73,77,84,75,73,84,83,56,49,80,69,62,81,85,96,81,85,88,73,66
ID3871,59,58,59,54,56,47,56,56,54,56,57,54,50,51,48,52,48,47,57,67,62,62,62,61,60
ID3872,42,42,34,26,36,54,22,38,38,36,40,39,37,37,38,35,38,37,35,43,35,40,39,41,33
ID3873,56,48,58,49,40,26,42,49,49,52,43,40,39,40,41,44,43,55,52,65,52,54,50,60,52
ID3874,31,43,33,32,41,27,46,23,34,48,102,81,87,80,48,42,42,39,43,38,32,15,12,29,81
ID3875,155,169,156,157,164,114,145,98,111,120,107,104,85,101,88,72,72,86,91,83,79,81,90,96,103
ID3876,350,449,268,399,219,318,514,314,335,408,296,418,291,238,258,208,216,276,571,436,289,436,448,293,127
ID3877,0,0,0,7,2,0,1,9,92,92,93,82,87,86,89,86,93,100,103,113,98,103,94,82,87
ID3878,74,67,85,71,61,60,71,93,70,78,70,70,53,69,64,60,60,64,76,74,70,70,57,59,64
ID3879,102,125,106,109,109,114,116,110,114,105,121,116,117,121,127,126,111,123,120,131,125,129,131,130,120
ID3880,103,108,108,128,104,95,99,134,97,153,155,135,85,125,99,100,92,64,95,131,113,102,92,76,109
ID3881,178,184,184,110,136,156,179,175,219,211,248,236,138,132,112,125,136,196,210,318,225,271,272,263,272
ID3882,51,47,54,44,42,43,55,45,51,58,43,44,46,43,43,24,17,17,18,104,23,10,5,21,27
ID3883,63,67,64,71,52,67,74,82,68,59,78,84,96,110,83,93,78,74,110,128,113,131,131,108,66
ID3884,0,0,0,39,54,39,56,56,41,0,0,59,0,19,19,0,0,4,0,0,4,0,23,43,0
ID3885,2027,1629,1730,1807,1828,1714,1989,2013,2147,1861,1956,1876,1884,1732,1357,1467,1359,1557,1789,1675,1581,NA,1766,1177,983
ID3886,32,115,31,30,32,33,118,36,36,30,33,33,34,98,33,32,34,33,32,31,142,36,36,39,36
ID3887,12,18,20,10,5,45,53,35,23,32,73,23,23,20,23,25,27,23,21,36,41,45,55,64,59
ID3888,124,104,109,106,71,101,107,125,107,100,104,93,87,87,105,111,94,87,88,129,95,101,113,89,99
ID3889,150,156,139,154,145,126,175,138,170,156,148,146,131,125,135,118,141,139,151,152,153,146,156,156,150
ID3890,50,60,56,83,88,78,72,72,70,82,90,83,57,56,55,59,62,55,70,68,104,90,98,104,111
ID3891,65,56,55,55,51,53,61,70,74,55,58,61,56,56,54,52,53,58,65,80,69,56,69,66,61
ID3892,59,71,70,77,64,66,79,85,65,70,66,71,70,60,77,79,67,66,107,111,86,92,74,81,92
ID3893,130,124,125,142,147,113,142,121,140,115,140,135,140,99,174,133,129,132,158,178,141,142,137,154,148
ID3894,51,41,53,40,41,40,40,38,31,50,47,48,47,45,41,38,44,53,44,58,48,50,56,56,57
ID3895,123,127,110,117,117,131,138,116,135,147,124,126,130,121,122,130,127,130,67,156,151,136,138,143,134
ID3896,13,67,79,75,76,76,79,70,51,6,0,29,137,133,130,104,72,6,112,79,123,76,115,133,99
ID3897,143,155,148,165,143,142,182,149,NA,148,153,150,126,97,103,111,99,103,138,125,123,150,136,186,187
ID3898,102,120,92,100,82,87,115,129,132,114,120,116,91,95,102,108,120,166,146,143,115,119,117,137,144
ID3899,126,128,110,138,118,115,135,139,118,132,115,129,130,132,121,136,125,127,132,155,135,136,135,132,166
ID3900,165,144,171,205,152,142,309,135,1,0,12,18,14,13,14,14,22,16,8,6,41,79,70,82,88
ID3901,82,58,70,61,59,58,70,81,84,71,73,76,53,61,62,64,64,66,81,88,88,72,70,79,87
ID3902,80,75,56,57,60,54,58,46,48,42,38,34,31,28,31,29,28,36,39,38,35,34,33,33,39
ID3903,158,141,147,177,148,149,146,179,171,173,198,214,198,194,173,175,164,180,154,170,183,194,215,198,189
ID3904,69,69,68,57,43,45,48,47,51,46,45,47,51,45,47,49,51,45,44,60,55,53,59,53,57
ID3905,254,228,205,201,194,175,223,246,283,271,216,246,198,221,216,230,218,254,343,341,261,254,289,241,241
ID3906,172,190,162,163,139,150,180,149,166,152,137,158,152,145,146,163,138,129,148,163,153,157,150,148,164
ID3907,187,201,188,174,165,156,170,160,159,171,167,160,163,155,172,166,162,149,161,156,137,127,129,132,129
ID3908,0,0,0,0,0,22,0,0,0,0,36,0,0,0,0,0,3,0,0,0,0,0,0,0,0
ID3909,132,141,168,184,134,160,161,167,153,69,100,85,86,101,105,100,104,107,105,100,99,92,95,86,82
ID3910,3,0,5,2,1,0,1,1,0,1,5,3,0,0,0,0,1,4,1,1,1,2,0,0,1
ID3911,67,65,77,70,80,84,120,82,91,80,88,75,142,118,110,117,101,114,155,184,187,168,168,163,168
ID3912,156,143,143,145,93,92,105,112,112,128,138,169,136,140,144,150,145,150,167,179,171,152,150,154,152
ID3913,171,164,183,166,161,168,188,205,181,193,190,165,159,207,192,183,187,199,212,200,198,189,204,195,319
ID3914,96,85,123,92,97,87,83,84,80,81,77,95,75,83,77,71,72,90,90,83,76,73,76,71,85
ID3915,71,58,60,55,59,72,74,85,87,81,83,82,67,74,75,77,74,91,87,89,84,91,91,91,99
ID3916,100,83,84,78,64,72,73,71,80,70,75,81,67,76,71,72,65,64,71,112,85,68,75,89,91
ID3917,180,174,148,150,126,94,97,113,120,80,87,84,73,78,91,87,95,86,105,116,86,94,77,99,115
ID3918,92,125,115,90,90,90,83,96,99,104,108,99,101,118,99,67,86,90,128,147,103,90,111,86,92
ID3919,146,133,145,129,0,0,5,0,1,0,1,0,2,1,1,1,0,1,5,16,1,7,2,2,2
ID3920,0,0,0,1,3,0,0,0,0,0,0,0,0,0,0,0,0,0,0,0,10,45,61,62,50
ID3921,109,138,153,178,186,162,159,166,172,140,169,158,171,177,173,208,191,175,185,183,184,174,175,NA,280
ID3922,187,129,149,143,169,153,162,118,134,126,134,115,104,98,97,129,117,137,119,115,118,106,127,113,128
ID3923,77,72,73,71,63,64,78,79,75,75,83,73,64,68,69,73,77,79,96,86,84,80,79,81,79
ID3924,24,20,18,15,21,101,87,129,91,96,106,95,90,105,90,85,77,92,95,92,90,87,90,85,94
ID3925,80,123,117,130,114,96,73,86,96,53,122,111,105,115,114,151,131,130,129,107,119,122,138,139,120
ID3926,249,208,265,215,230,217,265,280,254,242,265,178,166,201,176,163,215,242,298,237,213,257,282,251,238
ID3927,237,202,201,189,193,193,226,211,189,247,236,240,208,203,195,191,187,205,287,285,234,245,227,224,249
ID3928,144,147,149,154,173,140,178,185,136,104,112,108,94,103,114,107,99,116,120,112,107,97,96,103,107
ID3929,157,165,172,201,158,143,200,190,193,189,188,182,191,231,211,209,180,195,205,193,182,201,207,206,208
ID3930,163,164,145,149,153,136,162,169,165,155,165,166,183,195,207,198,190,208,211,228,207,218,238,229,225
ID3931,20,10,28,32,17,22,21,27,5,30,25,29,15,12,0,19,24,24,35,37,24,34,29,23,29
ID3932,102,120,119,114,110,94,107,112,128,114,129,142,137,149,140,127,149,143,137,152,151,149,156,151,166
ID3933,90,89,91,75,95,88,110,97,125,103,114,79,64,61,73,69,80,90,109,95,103,107,126,118,139
ID3934,0,0,0,28,0,0,0,0,0,0,0,50,0,8,138,34,0,0,0,1,1,12,27,112,132
ID3935,71,104,97,82,79,76,80,86,102,97,92,96,92,92,84,89,82,93,94,97,93,91,95,101,94
ID3936,92,108,79,94,89,82,113,97,101,89,100,101,98,92,89,94,82,98,96,89,82,79,78,68,62
ID3937,93,86,77,101,92,87,110,110,104,106,124,126,109,112,111,111,85,105,119,126,107,94,105,112,101
ID3938,79,88,79,87,84,75,90,119,96,84,95,80,85,78,86,83,86,79,89,98,81,85,92,92,82
ID3939,29,0,0,0,67,48,89,61,71,24,48,54,91,93,77,92,28,16,15,5,17,14,24,31,16
ID3940,80,60,68,60,64,50,39,43,90,57,59,76,84,82,76,86,70,52,60,72,81,84,77,60,116
ID3941,0,0,0,0,7,0,0,0,0,34,176,156,120,132,135,153,164,194,186,0,1,1,32,75,90
ID3942,4,0,0,0,0,0,0,0,0,17,65,62,65,61,64,53,70,73,72,88,70,59,89,65,45
ID3943,74,66,55,61,59,61,77,75,49,80,92,91,116,80,96,79,113,86,119,121,85,100,111,97,88
ID3944,83,58,48,51,45,49,45,49,47,49,46,48,50,47,42,41,35,38,38,38,38,37,34,39,38
ID3945,15,8,40,39,23,14,25,78,56,13,24,15,22,16,8,25,11,10,21,26,41,27,9,22,27
ID3946,53,8,0,0,33,43,52,61,52,56,38,0,12,124,120,125,117,122,129,114,112,105,91,104,113
ID3947,147,128,132,145,135,144,152,152,175,163,176,186,161,165,170,151,153,169,157,162,172,162,183,163,148
ID3948,440,444,501,647,301,353,569,458,133,345,352,515,676,415,562,632,404,709,747,260,237,261,193,342,192
ID3949,81,78,74,80,74,74,81,90,84,78,89,78,75,76,80,83,83,83,90,116,79,86,90,89,88
ID3950,561,876,653,731,696,713,834,872,788,713,710,850,831,826,846,880,532,708,493,655,606,563,565,570,547
ID3951,116,104,107,112,125,105,129,101,119,113,121,117,105,99,86,113,90,112,130,139,142,149,138,148,148
ID3952,86,92,92,84,83,88,76,90,88,81,81,82,72,80,83,83,80,82,93,107,81,84,83,84,96
ID3953,100,79,63,75,69,70,66,104,92,82,83,76,66,75,56,124,116,NA,NA,NA,NA,313,96,134,107
ID3954,18,25,17,10,6,5,4,17,30,21,27,23,22,29,15,20,20,23,33,27,30,35,70,71,61
ID3955,67,126,120,84,71,120,118,80,114,144,138,92,89,95,80,72,58,87,94,69,67,88,96,83,80
ID3956,65,69,60,58,58,63,68,75,87,75,76,54,72,60,71,70,78,72,80,81,52,63,56,50,68
ID3957,103,102,96,91,86,87,112,105,104,123,128,116,146,138,119,138,135,107,112,123,103,114,140,140,154
ID3958,47,47,42,40,51,50,55,60,55,46,31,25,35,30,27,24,23,24,27,25,25,50,29,41,46
ID3959,33,30,36,31,32,27,33,31,30,30,31,30,36,37,31,46,38,33,37,36,35,32,36,30,29
ID3960,84,88,77,74,75,80,82,86,82,87,73,98,87,85,82,77,73,78,91,87,79,84,76,101,90
ID3961,67,62,72,53,51,58,64,62,56,62,74,54,58,66,56,54,48,57,58,48,63,66,54,53,64
ID3962,73,83,65,68,70,47,46,53,57,71,50,52,60,35,32,33,31,34,39,43,29,42,51,51,56
ID3963,51,50,51,44,44,44,46,41,64,74,67,66,61,57,70,66,65,66,73,73,69,77,84,87,98
ID3964,88,80,90,90,80,88,76,76,71,81,81,58,72,83,83,79,57,72,77,75,60,56,68,63,65
ID3965,93,100,98,108,92,102,106,108,99,109,105,106,103,104,95,105,117,104,113,123,108,116,114,117,122
ID3966,55,53,72,79,64,67,56,73,65,61,63,59,63,60,50,62,66,65,69,55,51,45,34,42,41
ID3967,27,17,10,5,3,3,4,14,25,32,46,27,18,3,9,33,18,0,0,1,24,24,19,0,0
ID3968,134,139,147,132,139,127,107,129,125,134,143,134,155,143,155,131,141,153,111,170,167,175,158,173,178
ID3969,117,92,93,88,84,85,70,95,95,89,98,79,75,78,81,79,79,87,99,105,103,119,125,132,131
ID3970,92,89,90,91,89,78,92,90,81,85,89,90,86,86,81,85,92,68,98,89,89,84,82,89,87
ID3971,110,77,60,89,114,83,101,106,117,104,103,89,89,113,107,95,102,78,99,89,87,78,76,67,99
ID3972,147,125,140,123,132,127,150,176,162,105,91,97,96,99,105,111,102,114,108,113,116,99,116,109,125
ID3973,62,55,42,34,33,31,35,37,41,39,39,42,51,45,45,57,39,39,41,41,42,46,58,50,49
ID3974,46,43,42,39,40,35,43,41,39,39,39,34,34,34,38,38,40,41,45,51,56,54,61,56,60
ID3975,73,67,64,65,69,53,58,67,48,51,57,58,49,42,47,46,40,37,41,53,54,55,63,57,49
ID3976,64,84,106,139,128,135,136,61,107,116,103,65,40,60,76,95,87,92,139,38,77,108,101,109,97
ID3977,101,122,108,93,87,79,81,90,90,97,100,100,104,105,95,120,119,118,114,114,122,115,118,111,120
ID3978,95,93,83,84,91,90,89,83,100,99,111,111,99,107,100,93,97,93,94,75,91,98,95,52,29
ID3979,126,122,139,119,124,117,123,115,116,119,110,128,128,124,115,126,132,145,142,129,126,129,134,128,132
ID3980,1,5,20,44,51,23,24,4,34,97,89,125,125,95,77,88,82,81,71,83,83,68,83,114,117
ID3981,79,73,78,67,70,56,63,68,72,71,71,80,69,69,69,70,74,64,80,75,78,88,87,86,72
ID3982,74,72,70,78,75,69,74,73,74,58,66,70,52,52,67,60,66,62,49,49,51,49,68,81,66
ID3983,31,37,32,53,50,49,50,44,43,35,46,63,56,61,48,56,48,47,66,64,73,68,61,64,47
ID3984,180,186,193,221,202,126,154,148,147,125,151,179,190,147,142,155,138,121,142,131,117,108,115,121,91
ID3985,112,94,72,83,81,77,88,90,101,86,113,105,94,92,84,95,92,113,147,122,109,123,106,103,103
ID3986,103,103,92,95,95,82,91,98,98,90,116,91,83,101,107,111,120,99,102,113,92,96,106,102,100
ID3987,24,4,146,182,139,152,164,140,205,176,165,145,116,182,146,111,99,28,20,15,143,137,131,133,130
ID3988,116,104,120,104,71,69,106,106,106,30,68,63,48,46,51,80,70,74,75,85,97,100,133,158,140
ID3989,147,155,145,133,151,152,160,129,140,122,155,129,141,133,146,147,133,127,134,153,134,143,142,172,167
ID3990,0,0,41,0,5,60,78,94,85,81,96,72,79,88,79,83,85,69,104,95,92,123,104,114,108
ID3991,127,119,124,103,87,109,96,121,145,121,145,145,141,112,139,119,117,113,149,144,133,130,145,142,147
ID3992,85,52,1,0,0,0,0,0,21,0,1,0,1,7,1,71,68,57,72,80,77,97,76,73,77
ID3993,110,99,NA,51,80,89,93,106,95,100,93,84,74,84,86,73,85,82,92,86,76,84,84,89,88
ID3994,41,39,38,34,28,19,30,41,46,45,40,50,49,38,48,41,21,35,68,61,70,77,76,86,79
ID3995,71,64,73,63,65,63,75,80,81,71,67,67,52,60,59,63,61,67,82,82,78,72,76,71,72
ID3996,62,87,68,65,49,49,45,48,55,47,49,60,54,24,20,43,51,43,57,58,71,74,73,77,0
ID3997,73,91,94,86,73,64,66,67,62,57,60,64,59,60,59,60,69,75,96,85,82,73,67,64,59
ID3998,60,60,70,74,72,71,73,78,81,76,81,73,55,80,65,86,98,62,74,77,78,71,75,67,69
ID3999,19,9,8,8,57,11,21,40,83,52,15,9,27,27,6,2,33,44,95,89,4,5,4,4,4
ID4000,111,126,118,138,102,101,112,55,107,92,103,60,86,88,76,97,105,119,92,40,77,85,92,101,104
ID4001,95,87,77,21,0,0,46,0,0,0,91,90,94,84,88,73,42,73,92,88,138,147,175,187,201
ID4002,86,69,67,59,54,59,67,75,73,61,70,64,71,81,73,77,77,75,92,101,96,105,105,95,71
ID4003,145,100,97,86,97,79,122,94,103,102,107,101,82,79,69,76,92,85,97,85,80,84,137,147,125
ID4004,66,77,64,29,29,30,36,46,43,42,44,50,42,42,42,32,38,44,55,49,48,58,52,74,68
ID4005,1,2,1,0,2,2,3,5,9,16,14,16,11,17,22,19,16,16,18,14,13,13,11,13,15
ID4006,78,72,83,73,75,60,64,38,46,38,36,27,12,10,19,20,22,17,14,15,17,20,23,37,25
ID4007,146,90,86,95,104,83,100,100,120,95,191,146,107,86,52,66,82,94,97,105,86,92,108,95,111
ID4008,58,62,66,55,54,61,64,68,77,82,79,73,52,60,62,57,78,65,78,67,72,68,75,80,84
ID4009,75,142,72,71,54,57,62,59,60,57,77,68,55,64,54,57,55,59,58,50,52,57,65,64,21
ID4010,35,30,34,28,35,27,32,29,33,31,32,33,36,38,33,29,34,31,29,35,38,35,33,23,26
ID4011,88,81,69,69,55,67,65,78,80,66,79,78,44,65,75,87,82,85,89,100,120,128,138,113,105
ID4012,81,116,87,81,109,72,68,68,65,65,62,70,52,43,39,44,56,50,49,47,44,52,57,64,70
ID4013,110,116,100,90,119,82,148,115,128,121,151,111,94,81,61,85,106,105,111,112,86,112,82,90,94
ID4014,59,58,57,50,49,46,61,65,62,60,68,52,39,56,33,28,36,29,23,19,27,23,22,21,20
ID4015,192,156,150,100,76,90,94,92,92,98,92,87,84,79,88,110,108,94,119,117,104,87,29,35,28
ID4016,49,49,46,64,57,52,73,79,89,83,78,82,65,59,61,72,92,94,72,122,107,86,80,53,56
ID4017,120,98,112,103,121,101,131,107,146,129,134,116,105,112,94,135,156,146,166,158,138,136,120,151,132
ID4018,43,63,53,49,53,58,54,39,48,48,54,50,43,39,41,45,50,48,47,55,50,61,41,47,70
ID4019,72,67,82,77,75,65,91,96,56,81,75,63,57,54,38,47,50,54,61,82,66,60,51,62,77
ID4020,75,66,66,72,68,58,76,59,75,74,78,78,81,77,64,76,75,79,75,85,87,79,77,96,84
ID4021,89,115,90,98,79,94,89,103,125,119,127,151,100,97,71,88,74,93,113,93,106,89,114,135,149
ID4022,56,60,56,54,71,54,71,69,55,28,27,27,29,32,30,31,25,26,25,51,52,51,61,57,59
ID4023,133,141,119,90,62,18,45,58,82,93,84,93,62,64,57,115,128,94,100,129,106,117,106,97,96
ID4024,39,62,36,36,39,31,32,54,48,46,43,38,44,39,41,56,47,53,61,60,64,59,66,71,67
ID4025,100,90,85,83,81,78,84,107,76,90,110,111,108,102,104,125,127,132,153,183,174,166,170,178,146
ID4026,133,145,127,160,151,112,157,185,302,174,195,172,87,98,107,104,123,175,280,237,133,157,202,102,224
ID4027,68,69,70,65,61,55,61,58,60,63,67,55,64,62,60,69,63,74,79,84,78,66,63,62,66
ID4028,181,220,193,164,158,186,186,169,213,218,231,263,270,222,227,226,201,214,229,220,257,278,272,249,263
ID4029,1,0,1,28,0,26,21,375,436,395,219,6,103,454,66,102,193,240,349,219,275,216,258,196,188
ID4030,71,64,70,55,52,56,63,68,61,62,68,40,28,42,35,44,47,56,58,56,57,57,58,49,54
ID4031,62,53,51,58,57,67,62,51,45,51,38,50,47,50,57,60,53,52,56,55,55,56,52,53,60
ID4032,109,109,100,106,56,66,58,90,69,70,58,93,108,102,92,100,84,95,62,73,100,110,90,105,128
ID4033,106,105,84,104,97,69,15,42,121,114,106,89,132,109,26,133,134,128,153,147,141,152,142,149,141
ID4034,48,50,29,31,47,39,51,58,56,39,40,30,34,33,35,34,35,33,39,42,41,42,36,37,31
ID4035,187,153,148,152,154,104,114,104,99,96,100,87,62,95,70,62,60,69,70,83,78,71,67,72,62
ID4036,15,6,7,7,3,3,9,9,16,8,10,5,6,6,7,12,16,11,15,6,7,9,15,20,17
ID4037,60,69,60,59,66,52,84,69,77,88,103,93,86,92,87,80,95,77,99,97,93,76,78,80,76
ID4038,90,44,78,86,86,75,84,83,56,73,93,86,73,88,68,78,82,89,92,99,101,111,114,105,108
ID4039,70,47,85,64,68,89,60,91,106,54,56,51,43,45,50,55,49,99,118,99,86,141,64,173,298
ID4040,75,78,84,71,77,84,86,102,120,119,113,108,99,105,100,119,110,109,126,130,121,111,113,118,121
ID4041,100,101,90,103,99,74,83,77,137,90,78,86,71,62,65,65,62,69,87,88,65,55,55,57,51
ID4042,102,89,90,88,75,69,74,81,87,88,82,86,68,74,81,85,84,73,103,82,80,79,72,75,90
ID4043,28,10,9,7,3,2,1,8,8,1,1,0,0,0,0,1,1,1,1,3,1,1,0,2,1
ID4044,43,26,25,25,32,28,29,23,34,16,35,30,35,23,27,37,46,27,36,12,13,8,10,11,10
ID4045,66,67,65,62,67,59,77,66,61,51,56,48,39,40,39,50,46,56,56,64,65,62,65,69,67
ID4046,73,54,51,60,60,54,75,75,73,72,73,70,63,74,60,60,69,73,75,68,52,59,64,70,65
ID4047,21,26,22,23,25,21,18,18,20,14,15,13,11,13,13,13,11,12,16,16,16,17,18,15,20
ID4048,166,146,158,162,152,173,179,172,155,192,183,201,163,163,153,157,152,191,186,176,168,158,160,163,167
ID4049,147,126,131,116,101,115,158,179,167,157,135,155,146,141,140,145,148,141,159,177,150,159,132,164,158
ID4050,83,83,90,76,65,60,64,77,78,70,60,54,36,38,46,49,56,105,107,113,114,60,62,54,70
ID4051,93,109,103,100,81,71,146,125,112,139,178,150,157,142,126,134,113,93,75,103,93,49,48,51,55
ID4052,100,99,90,90,96,93,112,95,89,88,106,83,68,83,63,79,83,77,86,79,76,84,93,89,92
ID4053,67,76,69,71,81,72,89,71,79,77,73,86,92,86,98,88,84,99,89,88,90,100,90,106,99
ID4054,160,164,135,151,143,138,127,125,127,134,135,143,136,186,154,127,132,145,143,134,130,161,144,161,179
ID4055,98,90,86,90,76,82,103,116,111,94,120,118,81,83,95,116,95,145,176,186,114,127,155,129,148
ID4056,54,44,41,47,54,44,51,51,60,48,61,53,49,52,51,50,52,48,50,75,54,59,55,85,83
ID4057,44,40,33,26,23,37,57,63,49,50,42,52,26,35,41,37,44,75,49,40,53,48,65,181,359
ID4058,97,68,65,66,52,49,55,60,72,54,55,77,57,67,70,51,57,73,79,60,102,66,79,90,92
ID4059,128,121,106,111,131,118,118,110,115,109,123,113,89,97,91,95,156,154,151,150,121,90,103,105,117
ID4060,25,22,22,20,21,24,23,22,25,27,30,24,23,24,31,25,27,24,27,26,23,26,24,28,25
ID4061,22,22,20,2,3,2,1,0,1,0,4,12,0,20,54,17,1,0,0,0,0,5,3,1,0
ID4062,149,142,143,145,132,140,167,150,91,151,155,144,137,154,132,134,132,153,174,195,160,170,162,152,152
ID4063,220,202,178,170,182,175,178,199,198,197,162,99,100,122,111,104,125,151,200,189,167,178,165,124,109
